label_file,box_index,raw_line,is_valid,error_message
001_20200622_203305(8).txt,0,0 0.6336805555555556 0.4369369369369369 0.010416666666666666 0.018018018018018018,True,OK
001_20200622_203305(8).txt,1,0 0.6371527777777778 0.5022522522522522 0.013888888888888888 0.02252252252252252,True,OK
001_20200622_203305(8).txt,2,0 0.6484375 0.5878378378378378 0.019097222222222224 0.02702702702702703,True,OK
001_20200622_203309(1).txt,0,0 0.6493055555555556 0.40202702702702703 0.017361111111111112 0.024774774774774775,True,OK
001_20200622_203309(1).txt,1,0 0.6458333333333334 0.46846846846846846 0.020833333333333332 0.03153153153153153,True,OK
001_20200622_203309(1).txt,2,0 0.6458333333333334 0.5585585585585585 0.013888888888888888 0.03153153153153153,True,OK
001_20200622_203312(6).txt,0,0 0.6276041666666666 0.43355855855855857 0.015625 0.024774774774774775,True,OK
001_20200622_203312(6).txt,1,0 0.6302083333333334 0.5067567567567568 0.020833333333333332 0.03153153153153153,True,OK
001_20200622_203312(6).txt,2,0 0.6293402777777778 0.5900900900900901 0.022569444444444444 0.02702702702702703,True,OK
001_20200622_203316(0).txt,0,0 0.6397569444444444 0.46959459459459457 0.012152777777777778 0.024774774774774775,True,OK
001_20200622_203316(0).txt,1,0 0.6423611111111112 0.5405405405405406 0.020833333333333332 0.03153153153153153,True,OK
001_20200622_203316(0).txt,2,0 0.6493055555555556 0.634009009009009 0.013888888888888888 0.024774774774774775,True,OK
001_20200622_203319(4).txt,0,0 0.6423611111111112 0.481981981981982 0.020833333333333332 0.02252252252252252,True,OK
001_20200622_203319(4).txt,1,0 0.6501736111111112 0.5484234234234234 0.019097222222222224 0.024774774774774775,True,OK
001_20200622_203319(4).txt,2,0 0.6579861111111112 0.6328828828828829 0.017361111111111112 0.02252252252252252,True,OK
001_20200622_203330(3).txt,0,0 0.6380208333333334 0.5236486486486487 0.015625 0.02027027027027027,True,OK
001_20200622_203330(3).txt,1,0 0.6440972222222222 0.5957207207207207 0.017361111111111112 0.033783783783783786,True,OK
001_20200622_203330(3).txt,2,0 0.6553819444444444 0.6745495495495496 0.019097222222222224 0.024774774774774775,True,OK
001_20200623_003516(8).txt,0,0 0.6119791666666666 0.4144144144144144 0.019097222222222224 0.02702702702702703,True,OK
001_20200623_003516(8).txt,1,0 0.6085069444444444 0.48986486486486486 0.026041666666666668 0.02927927927927928,True,OK
001_20200623_003516(8).txt,2,0 0.6024305555555556 0.5855855855855856 0.020833333333333332 0.03153153153153153,True,OK
001_20200623_003520(5).txt,0,0 0.5998263888888888 0.42905405405405406 0.019097222222222224 0.033783783783783786,True,OK
001_20200623_003520(5).txt,1,0 0.6032986111111112 0.5033783783783784 0.026041666666666668 0.024774774774774775,True,OK
001_20200623_003520(5).txt,2,0 0.6119791666666666 0.6013513513513513 0.019097222222222224 0.03153153153153153,True,OK
001_20200623_003524(0).txt,0,0 0.6050347222222222 0.43018018018018017 0.022569444444444444 0.02252252252252252,True,OK
001_20200623_003524(0).txt,1,0 0.6050347222222222 0.5033783783783784 0.026041666666666668 0.038288288288288286,True,OK
001_20200623_003524(0).txt,2,0 0.6015625 0.6058558558558559 0.022569444444444444 0.02702702702702703,True,OK
001_20200623_003529(0).txt,0,0 0.6154513888888888 0.38063063063063063 0.022569444444444444 0.02702702702702703,True,OK
001_20200623_003529(0).txt,1,0 0.6154513888888888 0.4572072072072072 0.022569444444444444 0.03153153153153153,True,OK
001_20200623_003529(0).txt,2,0 0.6171875 0.5585585585585585 0.019097222222222224 0.03153153153153153,True,OK
001_20200623_003532(5).txt,0,0 0.5989583333333334 0.34572072072072074 0.020833333333333332 0.024774774774774775,True,OK
001_20200623_003532(5).txt,1,0 0.6302083333333334 0.5157657657657657 0.017361111111111112 0.02252252252252252,True,OK
001_20200623_003532(5).txt,2,0 0.6137152777777778 0.4189189189189189 0.022569444444444444 0.02702702702702703,True,OK
001_20200623_003536(0).txt,0,0 0.6145833333333334 0.3704954954954955 0.020833333333333332 0.02027027027027027,True,OK
001_20200623_003536(0).txt,1,0 0.6163194444444444 0.44932432432432434 0.020833333333333332 0.024774774774774775,True,OK
001_20200623_003536(0).txt,2,0 0.6189236111111112 0.5461711711711712 0.022569444444444444 0.02027027027027027,True,OK
001_20200623_043227(1).txt,0,0 0.6032986111111112 0.34797297297297297 0.022569444444444444 0.02927927927927928,True,OK
001_20200623_043227(1).txt,1,0 0.6059027777777778 0.42117117117117114 0.024305555555555556 0.03153153153153153,True,OK
001_20200623_043227(1).txt,2,0 0.6111111111111112 0.5259009009009009 0.020833333333333332 0.02027027027027027,True,OK
001_20200623_043231(6).txt,0,0 0.6180555555555556 0.3524774774774775 0.020833333333333332 0.02927927927927928,True,OK
001_20200623_043231(6).txt,1,0 0.6197916666666666 0.42680180180180183 0.020833333333333332 0.024774774774774775,True,OK
001_20200623_043231(6).txt,2,0 0.6215277777777778 0.5281531531531531 0.024305555555555556 0.024774774774774775,True,OK
001_20200623_043236(1).txt,0,0 0.6154513888888888 0.3322072072072072 0.022569444444444444 0.024774774774774775,True,OK
001_20200623_043236(1).txt,1,0 0.6154513888888888 0.40765765765765766 0.022569444444444444 0.02702702702702703,True,OK
001_20200623_043236(1).txt,2,0 0.6180555555555556 0.509009009009009 0.020833333333333332 0.03153153153153153,True,OK
001_20200623_043240(6).txt,0,0 0.6111111111111112 0.3536036036036036 0.020833333333333332 0.03153153153153153,True,OK
001_20200623_043240(6).txt,1,0 0.6189236111111112 0.5337837837837838 0.019097222222222224 0.02252252252252252,True,OK
001_20200623_043240(6).txt,2,0 0.6163194444444444 0.43243243243243246 0.020833333333333332 0.02702702702702703,True,OK
001_20200623_043245(2).txt,0,0 0.6171875 0.36486486486486486 0.019097222222222224 0.02702702702702703,True,OK
001_20200623_043245(2).txt,1,0 0.6197916666666666 0.44144144144144143 0.020833333333333332 0.02252252252252252,True,OK
001_20200623_043245(2).txt,2,0 0.6241319444444444 0.5461711711711712 0.015625 0.02927927927927928,True,OK
001_20200623_043249(6).txt,0,0 0.6102430555555556 0.36373873873873874 0.022569444444444444 0.033783783783783786,True,OK
001_20200623_043249(6).txt,1,0 0.6102430555555556 0.4436936936936937 0.019097222222222224 0.02702702702702703,True,OK
001_20200623_043249(6).txt,2,0 0.6137152777777778 0.5416666666666666 0.022569444444444444 0.02027027027027027,True,OK
001_20200623_082407(9).txt,0,0 0.5998263888888888 0.46846846846846846 0.019097222222222224 0.03153153153153153,True,OK
001_20200623_082407(9).txt,1,0 0.609375 0.5416666666666666 0.020833333333333332 0.033783783783783786,True,OK
001_20200623_082407(9).txt,2,0 0.6241319444444444 0.6407657657657657 0.019097222222222224 0.04279279279279279,True,OK
001_20200623_082411(0).txt,0,0 0.5998263888888888 0.43243243243243246 0.019097222222222224 0.02702702702702703,True,OK
001_20200623_082411(0).txt,1,0 0.6085069444444444 0.5056306306306306 0.026041666666666668 0.024774774774774775,True,OK
001_20200623_082411(0).txt,2,0 0.6197916666666666 0.6058558558558559 0.024305555555555556 0.02702702702702703,True,OK
001_20200623_082414(1).txt,0,0 0.6050347222222222 0.34459459459459457 0.022569444444444444 0.03153153153153153,True,OK
001_20200623_082414(1).txt,1,0 0.6145833333333334 0.42567567567567566 0.020833333333333332 0.02702702702702703,True,OK
001_20200623_082414(1).txt,2,0 0.6215277777777778 0.5236486486486487 0.013888888888888888 0.02027027027027027,True,OK
001_20200623_082416(7).txt,0,0 0.6484375 0.5686936936936937 0.019097222222222224 0.02027027027027027,True,OK
001_20200623_082416(7).txt,1,0 0.6605902777777778 0.6486486486486487 0.015625 0.02252252252252252,True,OK
001_20200623_082416(7).txt,2,0 0.6397569444444444 0.4966216216216216 0.019097222222222224 0.024774774774774775,True,OK
001_20200623_082419(6).txt,0,0 0.6458333333333334 0.4358108108108108 0.020833333333333332 0.024774774774774775,True,OK
001_20200623_082419(6).txt,1,0 0.6484375 0.5 0.026041666666666668 0.03153153153153153,True,OK
001_20200623_082419(6).txt,2,0 0.6536458333333334 0.5900900900900901 0.022569444444444444 0.02702702702702703,True,OK
001_20200623_082422(5).txt,0,0 0.6354166666666666 0.4988738738738739 0.017361111111111112 0.033783783783783786,True,OK
001_20200623_082422(5).txt,1,0 0.6449652777777778 0.5641891891891891 0.022569444444444444 0.02927927927927928,True,OK
001_20200623_082422(5).txt,2,0 0.6545138888888888 0.6475225225225225 0.020833333333333332 0.024774774774774775,True,OK
001_20200623_123214(3).txt,0,0 0.6206597222222222 0.4650900900900901 0.022569444444444444 0.02027027027027027,True,OK
001_20200623_123214(3).txt,1,0 0.6302083333333334 0.5337837837837838 0.017361111111111112 0.02252252252252252,True,OK
001_20200623_123214(3).txt,2,0 0.6458333333333334 0.6182432432432432 0.020833333333333332 0.033783783783783786,True,OK
001_20200623_123223(3).txt,0,0 0.6388888888888888 0.44707207207207206 0.017361111111111112 0.02027027027027027,True,OK
001_20200623_123223(3).txt,1,0 0.6423611111111112 0.5202702702702703 0.020833333333333332 0.02702702702702703,True,OK
001_20200623_123223(3).txt,2,0 0.640625 0.6013513513513513 0.013888888888888888 0.03153153153153153,True,OK
001_20200623_123232(3).txt,0,0 0.6336805555555556 0.3344594594594595 0.017361111111111112 0.02027027027027027,True,OK
001_20200623_123232(3).txt,1,0 0.6388888888888888 0.40427927927927926 0.017361111111111112 0.02027027027027027,True,OK
001_20200623_123232(3).txt,2,0 0.6501736111111112 0.48873873873873874 0.022569444444444444 0.03153153153153153,True,OK
001_20200623_123236(9).txt,0,0 0.6102430555555556 0.39076576576576577 0.022569444444444444 0.02027027027027027,True,OK
001_20200623_123236(9).txt,1,0 0.6171875 0.46621621621621623 0.022569444444444444 0.018018018018018018,True,OK
001_20200623_123236(9).txt,2,0 0.6336805555555556 0.5698198198198198 0.024305555555555556 0.02702702702702703,True,OK
001_20200623_123241(3).txt,0,0 0.6085069444444444 0.4403153153153153 0.026041666666666668 0.024774774774774775,True,OK
001_20200623_123241(3).txt,1,0 0.6206597222222222 0.6171171171171171 0.022569444444444444 0.02702702702702703,True,OK
001_20200623_123241(3).txt,2,0 0.6128472222222222 0.5202702702702703 0.017361111111111112 0.02252252252252252,True,OK
001_20200623_123245(8).txt,0,0 0.6015625 0.38963963963963966 0.022569444444444444 0.03153153153153153,True,OK
001_20200623_123245(8).txt,1,0 0.6102430555555556 0.46621621621621623 0.029513888888888888 0.02702702702702703,True,OK
001_20200623_123245(8).txt,2,0 0.6197916666666666 0.5664414414414415 0.024305555555555556 0.02927927927927928,True,OK
001_20200623_163159(5).txt,0,0 0.6449652777777778 0.36711711711711714 0.026041666666666668 0.02702702702702703,True,OK
001_20200623_163159(5).txt,1,0 0.6440972222222222 0.4369369369369369 0.024305555555555556 0.02702702702702703,True,OK
001_20200623_163159(5).txt,2,0 0.6475694444444444 0.5225225225225225 0.027777777777777776 0.02702702702702703,True,OK
001_20200623_163209(3).txt,0,0 0.6440972222222222 0.36824324324324326 0.020833333333333332 0.024774774774774775,True,OK
001_20200623_163209(3).txt,1,0 0.6440972222222222 0.4403153153153153 0.024305555555555556 0.033783783783783786,True,OK
001_20200623_163209(3).txt,2,0 0.6536458333333334 0.5247747747747747 0.026041666666666668 0.03153153153153153,True,OK
001_20200623_163212(9).txt,0,0 0.6362847222222222 0.32882882882882886 0.019097222222222224 0.02702702702702703,True,OK
001_20200623_163212(9).txt,1,0 0.6388888888888888 0.3997747747747748 0.027777777777777776 0.02927927927927928,True,OK
001_20200623_163212(9).txt,2,0 0.6397569444444444 0.48085585585585583 0.019097222222222224 0.024774774774774775,True,OK
001_20200623_163216(2).txt,0,0 0.59375 0.3738738738738739 0.024305555555555556 0.03153153153153153,True,OK
001_20200623_163216(2).txt,1,0 0.6015625 0.44932432432432434 0.026041666666666668 0.033783783783783786,True,OK
001_20200623_163216(2).txt,2,0 0.6085069444444444 0.5529279279279279 0.026041666666666668 0.024774774774774775,True,OK
001_20200623_163219(5).txt,0,0 0.6076388888888888 0.4527027027027027 0.024305555555555556 0.03153153153153153,True,OK
001_20200623_163219(5).txt,1,0 0.6171875 0.5326576576576577 0.029513888888888888 0.02927927927927928,True,OK
001_20200623_163219(5).txt,2,0 0.6328125 0.6283783783783784 0.022569444444444444 0.02702702702702703,True,OK
001_20200623_163222(9).txt,0,0 0.6128472222222222 0.46846846846846846 0.024305555555555556 0.03153153153153153,True,OK
001_20200623_163222(9).txt,1,0 0.6276041666666666 0.5709459459459459 0.036458333333333336 0.033783783783783786,True,OK
001_20200623_163222(9).txt,2,0 0.6050347222222222 0.3918918918918919 0.029513888888888888 0.03153153153153153,True,OK
001_20200623_203217(4).txt,0,0 0.6137152777777778 0.46396396396396394 0.026041666666666668 0.02702702702702703,True,OK
001_20200623_203217(4).txt,1,0 0.6154513888888888 0.5371621621621622 0.026041666666666668 0.02927927927927928,True,OK
001_20200623_203217(4).txt,2,0 0.6189236111111112 0.6373873873873874 0.019097222222222224 0.02702702702702703,True,OK
001_20200623_203222(0).txt,0,0 0.6085069444444444 0.5461711711711712 0.026041666666666668 0.02927927927927928,True,OK
001_20200623_203222(0).txt,1,0 0.6206597222222222 0.615990990990991 0.022569444444444444 0.033783783783783786,True,OK
001_20200623_203222(0).txt,2,0 0.6354166666666666 0.7150900900900901 0.027777777777777776 0.024774774774774775,True,OK
001_20200623_203226(3).txt,0,0 0.5980902777777778 0.48085585585585583 0.019097222222222224 0.024774774774774775,True,OK
001_20200623_203226(3).txt,1,0 0.6067708333333334 0.5495495495495496 0.026041666666666668 0.02252252252252252,True,OK
001_20200623_203226(3).txt,2,0 0.6180555555555556 0.6509009009009009 0.024305555555555556 0.03153153153153153,True,OK
001_20200623_203230(9).txt,0,0 0.6024305555555556 0.43243243243243246 0.027777777777777776 0.02702702702702703,True,OK
001_20200623_203230(9).txt,1,0 0.6050347222222222 0.5022522522522522 0.022569444444444444 0.036036036036036036,True,OK
001_20200623_203230(9).txt,2,0 0.6180555555555556 0.6047297297297297 0.024305555555555556 0.033783783783783786,True,OK
001_20200623_203235(3).txt,0,0 0.6050347222222222 0.4132882882882883 0.022569444444444444 0.02927927927927928,True,OK
001_20200623_203235(3).txt,1,0 0.6102430555555556 0.48536036036036034 0.019097222222222224 0.033783783783783786,True,OK
001_20200623_203235(3).txt,2,0 0.6154513888888888 0.588963963963964 0.022569444444444444 0.02927927927927928,True,OK
001_20200623_203247(5).txt,0,0 0.6032986111111112 0.42905405405405406 0.026041666666666668 0.02927927927927928,True,OK
001_20200623_203247(5).txt,1,0 0.6102430555555556 0.4988738738738739 0.029513888888888888 0.02927927927927928,True,OK
001_20200623_203247(5).txt,2,0 0.6171875 0.5990990990990991 0.026041666666666668 0.036036036036036036,True,OK
001_20200624_003240(4).txt,0,0 0.6059027777777778 0.5563063063063063 0.024305555555555556 0.02252252252252252,True,OK
001_20200624_003240(4).txt,1,0 0.6032986111111112 0.45157657657657657 0.019097222222222224 0.02927927927927928,True,OK
001_20200624_003240(4).txt,2,0 0.5980902777777778 0.3783783783783784 0.022569444444444444 0.03153153153153153,True,OK
001_20200624_003244(2).txt,0,0 0.6163194444444444 0.393018018018018 0.024305555555555556 0.033783783783783786,True,OK
001_20200624_003244(2).txt,1,0 0.6206597222222222 0.4650900900900901 0.026041666666666668 0.02927927927927928,True,OK
001_20200624_003244(2).txt,2,0 0.6284722222222222 0.5686936936936937 0.020833333333333332 0.02927927927927928,True,OK
001_20200624_003247(7).txt,0,0 0.6041666666666666 0.35585585585585583 0.03125 0.03153153153153153,True,OK
001_20200624_003247(7).txt,1,0 0.6102430555555556 0.43243243243243246 0.022569444444444444 0.036036036036036036,True,OK
001_20200624_003247(7).txt,2,0 0.6180555555555556 0.5292792792792793 0.024305555555555556 0.03153153153153153,True,OK
001_20200624_003251(1).txt,0,0 0.6102430555555556 0.43243243243243246 0.022569444444444444 0.02702702702702703,True,OK
001_20200624_003251(1).txt,1,0 0.6145833333333334 0.5067567567567568 0.027777777777777776 0.02702702702702703,True,OK
001_20200624_003251(1).txt,2,0 0.6180555555555556 0.6103603603603603 0.024305555555555556 0.02702702702702703,True,OK
001_20200624_003254(3).txt,0,0 0.6006944444444444 0.40878378378378377 0.024305555555555556 0.02927927927927928,True,OK
001_20200624_003254(3).txt,1,0 0.6076388888888888 0.48423423423423423 0.024305555555555556 0.036036036036036036,True,OK
001_20200624_003254(3).txt,2,0 0.6206597222222222 0.5844594594594594 0.022569444444444444 0.02927927927927928,True,OK
001_20200624_003303(5).txt,0,0 0.6206597222222222 0.5292792792792793 0.029513888888888888 0.036036036036036036,True,OK
001_20200624_003303(5).txt,1,0 0.6145833333333334 0.45382882882882886 0.027777777777777776 0.033783783783783786,True,OK
001_20200624_003303(5).txt,2,0 0.6189236111111112 0.6306306306306306 0.026041666666666668 0.036036036036036036,True,OK
001_20200624_043315(2).txt,0,0 0.6050347222222222 0.35135135135135137 0.022569444444444444 0.02702702702702703,True,OK
001_20200624_043315(2).txt,1,0 0.6067708333333334 0.43243243243243246 0.026041666666666668 0.02702702702702703,True,OK
001_20200624_043315(2).txt,2,0 0.6137152777777778 0.5315315315315315 0.022569444444444444 0.02702702702702703,True,OK
001_20200624_043324(2).txt,0,0 0.6059027777777778 0.356981981981982 0.024305555555555556 0.02927927927927928,True,OK
001_20200624_043324(2).txt,1,0 0.6067708333333334 0.4313063063063063 0.026041666666666668 0.024774774774774775,True,OK
001_20200624_043324(2).txt,2,0 0.6128472222222222 0.5349099099099099 0.027777777777777776 0.033783783783783786,True,OK
001_20200624_043328(7).txt,0,0 0.6050347222222222 0.3614864864864865 0.022569444444444444 0.04279279279279279,True,OK
001_20200624_043328(7).txt,1,0 0.6059027777777778 0.44256756756756754 0.020833333333333332 0.02927927927927928,True,OK
001_20200624_043328(7).txt,2,0 0.6119791666666666 0.5416666666666666 0.026041666666666668 0.02927927927927928,True,OK
001_20200624_043333(2).txt,0,0 0.6015625 0.36599099099099097 0.029513888888888888 0.033783783783783786,True,OK
001_20200624_043333(2).txt,1,0 0.6041666666666666 0.44481981981981983 0.027777777777777776 0.033783783783783786,True,OK
001_20200624_043333(2).txt,2,0 0.6067708333333334 0.543918918918919 0.022569444444444444 0.033783783783783786,True,OK
001_20200624_043337(8).txt,0,0 0.5998263888888888 0.3581081081081081 0.026041666666666668 0.03153153153153153,True,OK
001_20200624_043337(8).txt,1,0 0.6041666666666666 0.4358108108108108 0.027777777777777776 0.033783783783783786,True,OK
001_20200624_043337(8).txt,2,0 0.6059027777777778 0.5371621621621622 0.024305555555555556 0.02927927927927928,True,OK
001_20200624_043349(7).txt,0,0 0.5963541666666666 0.35923423423423423 0.026041666666666668 0.033783783783783786,True,OK
001_20200624_043349(7).txt,1,0 0.6032986111111112 0.5382882882882883 0.022569444444444444 0.03153153153153153,True,OK
001_20200624_043349(7).txt,2,0 0.6006944444444444 0.44144144144144143 0.027777777777777776 0.03153153153153153,True,OK
001_20200624_083150(7).txt,0,0 0.6032986111111112 0.34797297297297297 0.029513888888888888 0.02927927927927928,True,OK
001_20200624_083150(7).txt,1,0 0.6137152777777778 0.42454954954954954 0.026041666666666668 0.033783783783783786,True,OK
001_20200624_083150(7).txt,2,0 0.6284722222222222 0.5225225225225225 0.024305555555555556 0.036036036036036036,True,OK
001_20200624_083153(8).txt,0,0 0.6180555555555556 0.3524774774774775 0.024305555555555556 0.02927927927927928,True,OK
001_20200624_083153(8).txt,1,0 0.6189236111111112 0.42680180180180183 0.026041666666666668 0.033783783783783786,True,OK
001_20200624_083153(8).txt,2,0 0.6180555555555556 0.5337837837837838 0.024305555555555556 0.02702702702702703,True,OK
001_20200624_083156(9).txt,0,0 0.5963541666666666 0.509009009009009 0.026041666666666668 0.02702702702702703,True,OK
001_20200624_083156(9).txt,1,0 0.6310763888888888 0.6790540540540541 0.022569444444444444 0.02927927927927928,True,OK
001_20200624_083156(9).txt,2,0 0.6119791666666666 0.581081081081081 0.026041666666666668 0.036036036036036036,True,OK
001_20200624_083159(6).txt,0,0 0.6215277777777778 0.4740990990990991 0.024305555555555556 0.02927927927927928,True,OK
001_20200624_083159(6).txt,1,0 0.6354166666666666 0.5394144144144144 0.027777777777777776 0.033783783783783786,True,OK
001_20200624_083159(6).txt,2,0 0.6553819444444444 0.6182432432432432 0.022569444444444444 0.02927927927927928,True,OK
001_20200624_083202(6).txt,0,0 0.609375 0.46959459459459457 0.034722222222222224 0.0472972972972973,True,OK
001_20200624_083202(6).txt,1,0 0.6284722222222222 0.5371621621621622 0.024305555555555556 0.02927927927927928,True,OK
001_20200624_083202(6).txt,2,0 0.6501736111111112 0.6092342342342343 0.022569444444444444 0.033783783783783786,True,OK
001_20200624_083205(7).txt,0,0 0.6232638888888888 0.46734234234234234 0.03125 0.033783783783783786,True,OK
001_20200624_083205(7).txt,1,0 0.6310763888888888 0.5337837837837838 0.029513888888888888 0.02702702702702703,True,OK
001_20200624_083205(7).txt,2,0 0.6449652777777778 0.6171171171171171 0.026041666666666668 0.02702702702702703,True,OK
001_20200624_123313(4).txt,0,0 0.6267361111111112 0.45045045045045046 0.027777777777777776 0.03153153153153153,True,OK
001_20200624_123313(4).txt,1,0 0.6284722222222222 0.5123873873873874 0.024305555555555556 0.033783783783783786,True,OK
001_20200624_123313(4).txt,2,0 0.6432291666666666 0.5990990990990991 0.026041666666666668 0.03153153153153153,True,OK
001_20200624_123317(8).txt,0,0 0.6284722222222222 0.356981981981982 0.024305555555555556 0.02927927927927928,True,OK
001_20200624_123317(8).txt,1,0 0.6284722222222222 0.42342342342342343 0.027777777777777776 0.036036036036036036,True,OK
001_20200624_123317(8).txt,2,0 0.6319444444444444 0.5033783783783784 0.024305555555555556 0.033783783783783786,True,OK
001_20200624_123322(3).txt,0,0 0.6336805555555556 0.3400900900900901 0.024305555555555556 0.03153153153153153,True,OK
001_20200624_123322(3).txt,1,0 0.640625 0.4099099099099099 0.024305555555555556 0.036036036036036036,True,OK
001_20200624_123322(3).txt,2,0 0.6493055555555556 0.49324324324324326 0.03125 0.036036036036036036,True,OK
001_20200624_123326(6).txt,0,0 0.6102430555555556 0.3063063063063063 0.022569444444444444 0.03153153153153153,True,OK
001_20200624_123326(6).txt,1,0 0.6171875 0.38175675675675674 0.022569444444444444 0.033783783783783786,True,OK
001_20200624_123326(6).txt,2,0 0.6284722222222222 0.48536036036036034 0.024305555555555556 0.02927927927927928,True,OK
001_20200624_123331(2).txt,0,0 0.6154513888888888 0.29617117117117114 0.022569444444444444 0.033783783783783786,True,OK
001_20200624_123331(2).txt,1,0 0.6197916666666666 0.3716216216216216 0.024305555555555556 0.02702702702702703,True,OK
001_20200624_123331(2).txt,2,0 0.6293402777777778 0.47635135135135137 0.022569444444444444 0.038288288288288286,True,OK
001_20200624_123335(6).txt,0,0 0.6024305555555556 0.27815315315315314 0.027777777777777776 0.038288288288288286,True,OK
001_20200624_123335(6).txt,1,0 0.6024305555555556 0.35585585585585583 0.027777777777777776 0.03153153153153153,True,OK
001_20200624_123335(6).txt,2,0 0.6041666666666666 0.4560810810810811 0.020833333333333332 0.024774774774774775,True,OK
001_20200624_162816(3).txt,0,0 0.5980902777777778 0.3952702702702703 0.03298611111111111 0.033783783783783786,True,OK
001_20200624_162816(3).txt,1,0 0.6076388888888888 0.47072072072072074 0.027777777777777776 0.036036036036036036,True,OK
001_20200624_162816(3).txt,2,0 0.6302083333333334 0.5619369369369369 0.027777777777777776 0.033783783783783786,True,OK
001_20200624_162821(2).txt,0,0 0.6059027777777778 0.3344594594594595 0.020833333333333332 0.033783783783783786,True,OK
001_20200624_162821(2).txt,1,0 0.6145833333333334 0.41216216216216217 0.024305555555555556 0.03153153153153153,True,OK
001_20200624_162821(2).txt,2,0 0.6223958333333334 0.5157657657657657 0.019097222222222224 0.03153153153153153,True,OK
001_20200624_162831(2).txt,0,0 0.6388888888888888 0.46621621621621623 0.027777777777777776 0.02702702702702703,True,OK
001_20200624_162831(2).txt,1,0 0.6440972222222222 0.536036036036036 0.024305555555555556 0.04054054054054054,True,OK
001_20200624_162831(2).txt,2,0 0.6571180555555556 0.6193693693693694 0.022569444444444444 0.036036036036036036,True,OK
001_20200624_162835(8).txt,0,0 0.6319444444444444 0.3310810810810811 0.020833333333333332 0.02702702702702703,True,OK
001_20200624_162835(8).txt,1,0 0.6354166666666666 0.4009009009009009 0.020833333333333332 0.02702702702702703,True,OK
001_20200624_162835(8).txt,2,0 0.6449652777777778 0.48761261261261263 0.022569444444444444 0.033783783783783786,True,OK
001_20200624_203149(7).txt,0,0 0.6449652777777778 0.5180180180180181 0.019097222222222224 0.02702702702702703,True,OK
001_20200624_203149(7).txt,1,0 0.6475694444444444 0.588963963963964 0.017361111111111112 0.033783783783783786,True,OK
001_20200624_203149(7).txt,2,0 0.6501736111111112 0.6756756756756757 0.015625 0.03153153153153153,True,OK
001_20200624_203154(3).txt,0,0 0.640625 0.46396396396396394 0.024305555555555556 0.02702702702702703,True,OK
001_20200624_203154(3).txt,1,0 0.6432291666666666 0.536036036036036 0.022569444444444444 0.03153153153153153,True,OK
001_20200624_203154(3).txt,2,0 0.6493055555555556 0.6227477477477478 0.020833333333333332 0.038288288288288286,True,OK
001_20200624_203203(1).txt,0,0 0.6319444444444444 0.44707207207207206 0.024305555555555556 0.02927927927927928,True,OK
001_20200624_203203(1).txt,1,0 0.6354166666666666 0.5180180180180181 0.020833333333333332 0.02702702702702703,True,OK
001_20200624_203203(1).txt,2,0 0.6380208333333334 0.6024774774774775 0.019097222222222224 0.038288288288288286,True,OK
001_20200624_203207(8).txt,0,0 0.6302083333333334 0.4831081081081081 0.024305555555555556 0.024774774774774775,True,OK
001_20200624_203207(8).txt,1,0 0.6423611111111112 0.5540540540540541 0.020833333333333332 0.03153153153153153,True,OK
001_20200624_203207(8).txt,2,0 0.65625 0.6362612612612613 0.017361111111111112 0.024774774774774775,True,OK
001_20200624_203212(2).txt,0,0 0.6388888888888888 0.4831081081081081 0.017361111111111112 0.024774774774774775,True,OK
001_20200624_203212(2).txt,1,0 0.6449652777777778 0.5529279279279279 0.019097222222222224 0.024774774774774775,True,OK
001_20200624_203212(2).txt,2,0 0.6571180555555556 0.6373873873873874 0.019097222222222224 0.02252252252252252,True,OK
001_20200624_203225(8).txt,0,0 0.6414930555555556 0.41103603603603606 0.022569444444444444 0.024774774774774775,True,OK
001_20200624_203225(8).txt,1,0 0.6380208333333334 0.4797297297297297 0.022569444444444444 0.018018018018018018,True,OK
001_20200624_203225(8).txt,2,0 0.6449652777777778 0.5653153153153153 0.019097222222222224 0.02702702702702703,True,OK
001_20200625_003507(0).txt,0,0 0.6024305555555556 0.3344594594594595 0.020833333333333332 0.024774774774774775,True,OK
001_20200625_003507(0).txt,1,0 0.6032986111111112 0.40878378378378377 0.019097222222222224 0.02927927927927928,True,OK
001_20200625_003507(0).txt,2,0 0.609375 0.5157657657657657 0.017361111111111112 0.02702702702702703,True,OK
001_20200625_003511(4).txt,0,0 0.6145833333333334 0.3400900900900901 0.020833333333333332 0.02702702702702703,True,OK
001_20200625_003511(4).txt,1,0 0.6163194444444444 0.4166666666666667 0.017361111111111112 0.02702702702702703,True,OK
001_20200625_003511(4).txt,2,0 0.6171875 0.5213963963963963 0.019097222222222224 0.024774774774774775,True,OK
001_20200625_003515(9).txt,0,0 0.6076388888888888 0.3614864864864865 0.024305555555555556 0.02927927927927928,True,OK
001_20200625_003515(9).txt,1,0 0.6137152777777778 0.4380630630630631 0.022569444444444444 0.033783783783783786,True,OK
001_20200625_003515(9).txt,2,0 0.6163194444444444 0.5427927927927928 0.020833333333333332 0.036036036036036036,True,OK
001_20200625_003520(4).txt,0,0 0.6024305555555556 0.3547297297297297 0.024305555555555556 0.024774774774774775,True,OK
001_20200625_003520(4).txt,1,0 0.6032986111111112 0.43355855855855857 0.019097222222222224 0.024774774774774775,True,OK
001_20200625_003520(4).txt,2,0 0.6085069444444444 0.5371621621621622 0.015625 0.024774774774774775,True,OK
001_20200625_003524(9).txt,0,0 0.609375 0.3524774774774775 0.020833333333333332 0.02927927927927928,True,OK
001_20200625_003524(9).txt,1,0 0.609375 0.42454954954954954 0.017361111111111112 0.024774774774774775,True,OK
001_20200625_003524(9).txt,2,0 0.6163194444444444 0.5304054054054054 0.017361111111111112 0.024774774774774775,True,OK
001_20200625_003529(2).txt,0,0 0.5998263888888888 0.34346846846846846 0.015625 0.02927927927927928,True,OK
001_20200625_003529(2).txt,1,0 0.6041666666666666 0.4222972972972973 0.020833333333333332 0.033783783783783786,True,OK
001_20200625_003529(2).txt,2,0 0.6085069444444444 0.5225225225225225 0.019097222222222224 0.02702702702702703,True,OK
001_20200625_043323(7).txt,0,0 0.6076388888888888 0.36261261261261263 0.024305555555555556 0.03153153153153153,True,OK
001_20200625_043323(7).txt,1,0 0.6085069444444444 0.4403153153153153 0.019097222222222224 0.024774774774774775,True,OK
001_20200625_043323(7).txt,2,0 0.6128472222222222 0.5405405405405406 0.017361111111111112 0.03153153153153153,True,OK
001_20200625_043328(3).txt,0,0 0.6059027777777778 0.36036036036036034 0.020833333333333332 0.02702702702702703,True,OK
001_20200625_043328(3).txt,1,0 0.609375 0.4358108108108108 0.020833333333333332 0.02027027027027027,True,OK
001_20200625_043328(3).txt,2,0 0.6163194444444444 0.5427927927927928 0.020833333333333332 0.02252252252252252,True,OK
001_20200625_043337(3).txt,0,0 0.6154513888888888 0.34572072072072074 0.019097222222222224 0.024774774774774775,True,OK
001_20200625_043337(3).txt,1,0 0.6206597222222222 0.43018018018018017 0.022569444444444444 0.02702702702702703,True,OK
001_20200625_043337(3).txt,2,0 0.6232638888888888 0.5315315315315315 0.020833333333333332 0.02702702702702703,True,OK
001_20200625_043341(7).txt,0,0 0.6050347222222222 0.37725225225225223 0.026041666666666668 0.024774774774774775,True,OK
001_20200625_043341(7).txt,1,0 0.6102430555555556 0.4594594594594595 0.019097222222222224 0.03153153153153153,True,OK
001_20200625_043341(7).txt,2,0 0.6085069444444444 0.5596846846846847 0.019097222222222224 0.02927927927927928,True,OK
001_20200625_043346(2).txt,0,0 0.5989583333333334 0.3614864864864865 0.017361111111111112 0.024774774774774775,True,OK
001_20200625_043346(2).txt,1,0 0.6032986111111112 0.4436936936936937 0.019097222222222224 0.018018018018018018,True,OK
001_20200625_043346(2).txt,2,0 0.6041666666666666 0.5405405405405406 0.020833333333333332 0.02252252252252252,True,OK
001_20200625_043359(8).txt,0,0 0.6180555555555556 0.35135135135135137 0.024305555555555556 0.02252252252252252,True,OK
001_20200625_043359(8).txt,1,0 0.6171875 0.4313063063063063 0.022569444444444444 0.024774774774774775,True,OK
001_20200625_043359(8).txt,2,0 0.6180555555555556 0.5326576576576577 0.017361111111111112 0.024774774774774775,True,OK
001_20200629_082825(1).txt,0,0 0.6067708333333334 0.4313063063063063 0.022569444444444444 0.024774774774774775,True,OK
001_20200629_082825(1).txt,1,0 0.6076388888888888 0.5067567567567568 0.024305555555555556 0.02702702702702703,True,OK
001_20200629_082825(1).txt,2,0 0.6059027777777778 0.6081081081081081 0.024305555555555556 0.03153153153153153,True,OK
001_20200629_082828(0).txt,0,0 0.6189236111111112 0.46959459459459457 0.026041666666666668 0.033783783783783786,True,OK
001_20200629_082828(0).txt,1,0 0.6215277777777778 0.5427927927927928 0.027777777777777776 0.02702702702702703,True,OK
001_20200629_082828(0).txt,2,0 0.6302083333333334 0.6463963963963963 0.024305555555555556 0.02702702702702703,True,OK
001_20200629_082831(0).txt,0,0 0.6215277777777778 0.49774774774774777 0.024305555555555556 0.02702702702702703,True,OK
001_20200629_082831(0).txt,1,0 0.6197916666666666 0.6013513513513513 0.024305555555555556 0.02702702702702703,True,OK
001_20200629_082831(0).txt,2,0 0.6223958333333334 0.42117117117117114 0.019097222222222224 0.02252252252252252,True,OK
001_20200629_082834(2).txt,0,0 0.6284722222222222 0.4132882882882883 0.020833333333333332 0.024774774774774775,True,OK
001_20200629_082834(2).txt,1,0 0.6197916666666666 0.49324324324324326 0.024305555555555556 0.03153153153153153,True,OK
001_20200629_082834(2).txt,2,0 0.6076388888888888 0.5923423423423423 0.034722222222222224 0.04054054054054054,True,OK
001_20200629_082837(2).txt,0,0 0.6024305555555556 0.3783783783783784 0.027777777777777776 0.02702702702702703,True,OK
001_20200629_082837(2).txt,1,0 0.6015625 0.4594594594594595 0.029513888888888888 0.03153153153153153,True,OK
001_20200629_082837(2).txt,2,0 0.6059027777777778 0.5563063063063063 0.024305555555555556 0.03153153153153153,True,OK
001_20200629_082840(2).txt,0,0 0.6197916666666666 0.4617117117117117 0.027777777777777776 0.03153153153153153,True,OK
001_20200629_082840(2).txt,1,0 0.6180555555555556 0.5371621621621622 0.020833333333333332 0.033783783783783786,True,OK
001_20200629_082840(2).txt,2,0 0.6206597222222222 0.6430180180180181 0.022569444444444444 0.024774774774774775,True,OK
001_20200629_082905(4).txt,0,0 0.6180555555555556 0.4527027027027027 0.024305555555555556 0.03153153153153153,True,OK
001_20200629_082905(4).txt,1,0 0.6085069444444444 0.5259009009009009 0.019097222222222224 0.024774774774774775,True,OK
001_20200629_082905(4).txt,2,0 0.5972222222222222 0.6295045045045045 0.017361111111111112 0.024774774774774775,True,OK
001_20200629_123107(1).txt,0,0 0.5998263888888888 0.3761261261261261 0.019097222222222224 0.02702702702702703,True,OK
001_20200629_123107(1).txt,1,0 0.6050347222222222 0.45382882882882886 0.019097222222222224 0.024774774774774775,True,OK
001_20200629_123107(1).txt,2,0 0.609375 0.5585585585585585 0.013888888888888888 0.02702702702702703,True,OK
001_20200629_123111(6).txt,0,0 0.6145833333333334 0.3738738738738739 0.020833333333333332 0.02252252252252252,True,OK
001_20200629_123111(6).txt,1,0 0.6154513888888888 0.45157657657657657 0.019097222222222224 0.02027027027027027,True,OK
001_20200629_123111(6).txt,2,0 0.6189236111111112 0.5529279279279279 0.019097222222222224 0.024774774774774775,True,OK
001_20200629_123116(1).txt,0,0 0.6015625 0.34121621621621623 0.026041666666666668 0.033783783783783786,True,OK
001_20200629_123116(1).txt,1,0 0.6050347222222222 0.42117117117117114 0.019097222222222224 0.02702702702702703,True,OK
001_20200629_123116(1).txt,2,0 0.6102430555555556 0.5202702702702703 0.019097222222222224 0.03153153153153153,True,OK
001_20200629_123120(6).txt,0,0 0.6059027777777778 0.3344594594594595 0.024305555555555556 0.02927927927927928,True,OK
001_20200629_123120(6).txt,1,0 0.6067708333333334 0.40878378378378377 0.026041666666666668 0.033783783783783786,True,OK
001_20200629_123120(6).txt,2,0 0.6050347222222222 0.5123873873873874 0.019097222222222224 0.02027027027027027,True,OK
001_20200629_123125(2).txt,0,0 0.6059027777777778 0.34572072072072074 0.024305555555555556 0.024774774774774775,True,OK
001_20200629_123125(2).txt,1,0 0.609375 0.42792792792792794 0.020833333333333332 0.036036036036036036,True,OK
001_20200629_123125(2).txt,2,0 0.6171875 0.5247747747747747 0.019097222222222224 0.03153153153153153,True,OK
001_20200727_204954(7).txt,0,0 0.5598958333333334 0.35135135135135137 0.019097222222222224 0.018018018018018018,True,OK
001_20200727_204958(2).txt,0,0 0.5642361111111112 0.34234234234234234 0.013888888888888888 0.018018018018018018,True,OK
001_20200728_014351(3).txt,0,0 0.5529513888888888 0.4954954954954955 0.019097222222222224 0.02252252252252252,True,OK
001_20200728_014355(2).txt,0,0 0.5677083333333334 0.43243243243243246 0.013888888888888888 0.02702702702702703,True,OK
001_20200728_043138(3).txt,0,0 0.5789930555555556 0.4166666666666667 0.019097222222222224 0.02702702702702703,True,OK
001_20200728_043141(5).txt,0,0 0.5520833333333334 0.48986486486486486 0.017361111111111112 0.02027027027027027,True,OK
001_20200728_083108(2).txt,0,0 0.5668402777777778 0.4358108108108108 0.015625 0.024774774774774775,True,OK
001_20200728_083116(1).txt,0,0 0.5729166666666666 0.46959459459459457 0.013888888888888888 0.024774774774774775,True,OK
001_20200728_123129(2).txt,0,0 0.5824652777777778 0.46846846846846846 0.015625 0.02252252252252252,True,OK
001_20200728_123132(4).txt,0,0 0.5685763888888888 0.5225225225225225 0.015625 0.02702702702702703,True,OK
001_20200728_163910(5).txt,0,0 0.5729166666666666 0.4380630630630631 0.020833333333333332 0.02027027027027027,True,OK
001_20200728_163913(6).txt,0,0 0.5815972222222222 0.4436936936936937 0.017361111111111112 0.02702702702702703,True,OK
001_20200810_085043(8).txt,0,0 0.5746527777777778 0.4864864864864865 0.017361111111111112 0.02702702702702703,True,OK
001_20200810_123047(8).txt,0,0 0.5685763888888888 0.44144144144144143 0.015625 0.02252252252252252,True,OK
001_20200810_123051(3).txt,0,0 0.5755208333333334 0.5202702702702703 0.019097222222222224 0.02252252252252252,True,OK
001_20200810_163112(8).txt,0,0 0.5572916666666666 0.5123873873873874 0.024305555555555556 0.024774774774774775,True,OK
001_20200810_163116(0).txt,0,0 0.5651041666666666 0.44256756756756754 0.019097222222222224 0.024774774774774775,True,OK
001_20200810_203208(7).txt,0,0 0.5546875 0.43355855855855857 0.015625 0.024774774774774775,True,OK
001_20200810_203212(6).txt,0,0 0.5607638888888888 0.4527027027027027 0.024305555555555556 0.02702702702702703,True,OK
001_20200811_003323(2).txt,0,0 0.5711805555555556 0.48423423423423423 0.020833333333333332 0.02702702702702703,True,OK
001_20200811_003327(0).txt,0,0 0.5668402777777778 0.44932432432432434 0.015625 0.024774774774774775,True,OK
001_20200811_043037(3).txt,0,0 0.5572916666666666 0.5123873873873874 0.017361111111111112 0.024774774774774775,True,OK
001_20200811_043041(6).txt,0,0 0.5460069444444444 0.5461711711711712 0.019097222222222224 0.02927927927927928,True,OK
001_20200814_033012(7).txt,0,0 0.5572916666666666 0.40653153153153154 0.017361111111111112 0.024774774774774775,True,OK
001_20200814_033016(6).txt,0,0 0.5546875 0.32319819819819817 0.015625 0.02927927927927928,True,OK
001_20200814_043321(6).txt,0,0 0.5720486111111112 0.4369369369369369 0.022569444444444444 0.03153153153153153,True,OK
001_20200814_083045(8).txt,0,0 0.5737847222222222 0.38626126126126126 0.022569444444444444 0.02927927927927928,True,OK
001_20200814_083051(9).txt,0,0 0.5616319444444444 0.34572072072072074 0.022569444444444444 0.024774774774774775,True,OK
001_20200814_123136(2).txt,0,0 0.5763888888888888 0.36936936936936937 0.020833333333333332 0.02252252252252252,True,OK
001_20200814_123143(5).txt,0,0 0.5833333333333334 0.38288288288288286 0.020833333333333332 0.02702702702702703,True,OK
001_20200814_163101(7).txt,0,0 0.578125 0.4177927927927928 0.017361111111111112 0.02927927927927928,True,OK
001_20200814_163105(1).txt,0,0 0.5772569444444444 0.4369369369369369 0.019097222222222224 0.03153153153153153,True,OK
001_20200814_203438(9).txt,0,0 0.5607638888888888 0.29504504504504503 0.024305555555555556 0.02702702702702703,True,OK
001_20200814_203442(4).txt,0,0 0.5685763888888888 0.3738738738738739 0.015625 0.02702702702702703,True,OK
001_20200815_003438(6).txt,0,0 0.5564236111111112 0.35923423423423423 0.019097222222222224 0.024774774774774775,True,OK
001_20200815_003529(0).txt,0,0 0.5642361111111112 0.45045045045045046 0.020833333333333332 0.02702702702702703,True,OK
001_20200818_083145(2).txt,0,0 0.5737847222222222 0.3322072072072072 0.022569444444444444 0.024774774774774775,True,OK
001_20200818_083159(7).txt,0,0 0.5746527777777778 0.44707207207207206 0.017361111111111112 0.02927927927927928,True,OK
001_20200818_123634(4).txt,0,0 0.5546875 0.36936936936936937 0.015625 0.03153153153153153,True,OK
001_20200818_163230(6).txt,0,0 0.5824652777777778 0.40540540540540543 0.015625 0.03153153153153153,True,OK
001_20200818_163233(9).txt,0,0 0.5607638888888888 0.4988738738738739 0.020833333333333332 0.02927927927927928,True,OK
001_20200818_203601(4).txt,0,0 0.5755208333333334 0.4166666666666667 0.015625 0.02252252252252252,True,OK
001_20200818_203607(4).txt,0,0 0.5703125 0.42117117117117114 0.022569444444444444 0.02252252252252252,True,OK
001_20200819_003039(4).txt,0,0 0.5590277777777778 0.3952702702702703 0.020833333333333332 0.02927927927927928,True,OK
001_20200819_003044(1).txt,0,0 0.5737847222222222 0.3704954954954955 0.015625 0.02027027027027027,True,OK
001_20200819_043209(9).txt,0,0 0.5798611111111112 0.39414414414414417 0.017361111111111112 0.03153153153153153,True,OK
001_20200819_043216(0).txt,0,0 0.5989583333333334 0.3716216216216216 0.024305555555555556 0.02702702702702703,True,OK
001_20200819_083353(5).txt,0,0 0.5538194444444444 0.39864864864864863 0.017361111111111112 0.03153153153153153,True,OK
001_20200819_083401(0).txt,0,0 0.5425347222222222 0.32432432432432434 0.022569444444444444 0.02702702702702703,True,OK
001_20200819_124414(0).txt,0,0 0.5685763888888888 0.38063063063063063 0.015625 0.018018018018018018,True,OK
001_20200819_124415(9).txt,0,0 0.5538194444444444 0.37274774774774777 0.017361111111111112 0.02027027027027027,True,OK
001_20200819_162723(4).txt,0,0 0.5512152777777778 0.36936936936936937 0.015625 0.02252252252252252,True,OK
001_20200821_150525(5).txt,0,0 0.5642361111111112 0.5326576576576577 0.020833333333333332 0.024774774774774775,True,OK
001_20200821_150529(4).txt,0,0 0.5407986111111112 0.5664414414414415 0.019097222222222224 0.024774774774774775,True,OK
001_20200821_163349(7).txt,0,0 0.5633680555555556 0.49324324324324326 0.019097222222222224 0.03153153153153153,True,OK
001_20200821_163353(8).txt,0,0 0.5885416666666666 0.5236486486486487 0.017361111111111112 0.024774774774774775,True,OK
001_20200826_023328(3).txt,0,0 0.5572916666666666 0.46396396396396394 0.017361111111111112 0.02252252252252252,True,OK
001_20200826_023332(5).txt,0,0 0.5607638888888888 0.40202702702702703 0.020833333333333332 0.024774774774774775,True,OK
001_20200826_043252(8).txt,0,0 0.5477430555555556 0.4403153153153153 0.022569444444444444 0.024774774774774775,True,OK
001_20200826_043255(8).txt,0,0 0.578125 0.5225225225225225 0.020833333333333332 0.02702702702702703,True,OK
001_20200826_123711(3).txt,0,0 0.5616319444444444 0.4380630630630631 0.015625 0.024774774774774775,True,OK
001_20200826_123714(5).txt,0,0 0.5703125 0.44819819819819817 0.022569444444444444 0.02252252252252252,True,OK
001_20200831_083711(6).txt,0,0 0.8298611111111112 0.4313063063063063 0.020833333333333332 0.02927927927927928,True,OK
001_20200831_083714(8).txt,0,0 0.8342013888888888 0.38738738738738737 0.022569444444444444 0.02702702702702703,True,OK
001_20200831_123316(5).txt,0,0 0.8272569444444444 0.25675675675675674 0.019097222222222224 0.02702702702702703,True,OK
001_20200922_163332(2).txt,0,0 0.828125 0.4222972972972973 0.017361111111111112 0.02027027027027027,True,OK
001_20200922_163335(3).txt,0,0 0.8359375 0.38288288288288286 0.022569444444444444 0.02252252252252252,True,OK
002_20200622_203053(2).txt,0,0 0.6107954545454546 0.34789156626506024 0.022727272727272728 0.03313253012048193,True,OK
002_20200622_203053(2).txt,1,0 0.6193181818181818 0.4186746987951807 0.022727272727272728 0.024096385542168676,True,OK
002_20200622_203053(2).txt,2,0 0.6292613636363636 0.49849397590361444 0.019886363636363636 0.0391566265060241,True,OK
002_20200622_203057(3).txt,0,0 0.5866477272727273 0.3509036144578313 0.019886363636363636 0.03313253012048193,True,OK
002_20200622_203057(3).txt,1,0 0.5909090909090909 0.4171686746987952 0.022727272727272728 0.02710843373493976,True,OK
002_20200622_203057(3).txt,2,0 0.6036931818181818 0.4939759036144578 0.019886363636363636 0.03614457831325301,True,OK
002_20200622_203101(3).txt,0,0 0.6065340909090909 0.3614457831325301 0.019886363636363636 0.018072289156626505,True,OK
002_20200622_203101(3).txt,1,0 0.6065340909090909 0.4246987951807229 0.019886363636363636 0.024096385542168676,True,OK
002_20200622_203101(3).txt,2,0 0.6150568181818182 0.5015060240963856 0.019886363636363636 0.02710843373493976,True,OK
002_20200622_203105(4).txt,0,0 0.5980113636363636 0.3870481927710843 0.02556818181818182 0.03313253012048193,True,OK
002_20200622_203105(4).txt,1,0 0.6008522727272727 0.4563253012048193 0.019886363636363636 0.02710843373493976,True,OK
002_20200622_203105(4).txt,2,0 0.6079545454545454 0.5346385542168675 0.017045454545454544 0.02710843373493976,True,OK
002_20200622_203109(3).txt,0,0 0.5823863636363636 0.3704819277108434 0.022727272727272728 0.024096385542168676,True,OK
002_20200622_203109(3).txt,1,0 0.5880681818181818 0.4367469879518072 0.017045454545454544 0.030120481927710843,True,OK
002_20200622_203109(3).txt,2,0 0.59375 0.5150602409638554 0.022727272727272728 0.024096385542168676,True,OK
002_20200622_203121(4).txt,0,0 0.6136363636363636 0.37349397590361444 0.028409090909090908 0.03614457831325301,True,OK
002_20200622_203121(4).txt,1,0 0.6207386363636364 0.4382530120481928 0.019886363636363636 0.02710843373493976,True,OK
002_20200622_203121(4).txt,2,0 0.625 0.5120481927710844 0.028409090909090908 0.030120481927710843,True,OK
002_20200622_203136(3).txt,0,0 0.5379746835443038 0.4457831325301205 0.05063291139240506 0.04216867469879518,True,OK
002_20200622_203136(3).txt,1,0 0.5395569620253164 0.5090361445783133 0.04113924050632911 0.04216867469879518,True,OK
002_20200622_203136(3).txt,2,0 0.5427215189873418 0.588855421686747 0.04113924050632911 0.0391566265060241,True,OK
002_20200622_203140(8).txt,0,0 0.5174050632911392 0.45331325301204817 0.04113924050632911 0.0391566265060241,True,OK
002_20200622_203140(8).txt,1,0 0.5221518987341772 0.5195783132530121 0.04430379746835443 0.0391566265060241,True,OK
002_20200622_203140(8).txt,2,0 0.5284810126582279 0.5933734939759037 0.04430379746835443 0.04216867469879518,True,OK
002_20200622_203145(3).txt,0,0 0.5110759493670886 0.4563253012048193 0.03481012658227848 0.02710843373493976,True,OK
002_20200622_203145(3).txt,1,0 0.5142405063291139 0.5210843373493976 0.028481012658227847 0.030120481927710843,True,OK
002_20200622_203145(3).txt,2,0 0.5237341772151899 0.5993975903614458 0.03481012658227848 0.030120481927710843,True,OK
002_20200622_203149(8).txt,0,0 0.5110759493670886 0.44728915662650603 0.03481012658227848 0.02710843373493976,True,OK
002_20200622_203149(8).txt,1,0 0.5189873417721519 0.5918674698795181 0.03164556962025317 0.02710843373493976,True,OK
002_20200622_203149(8).txt,2,0 0.509493670886076 0.5150602409638554 0.0379746835443038 0.024096385542168676,True,OK
002_20200622_203154(3).txt,0,0 0.5063291139240507 0.45481927710843373 0.03164556962025317 0.030120481927710843,True,OK
002_20200622_203154(3).txt,1,0 0.5142405063291139 0.5225903614457831 0.028481012658227847 0.03313253012048193,True,OK
002_20200622_203154(3).txt,2,0 0.5189873417721519 0.5963855421686747 0.03164556962025317 0.030120481927710843,True,OK
002_20200622_203158(8).txt,0,0 0.5300632911392406 0.44879518072289154 0.03481012658227848 0.030120481927710843,True,OK
002_20200622_203158(8).txt,1,0 0.5348101265822784 0.516566265060241 0.03164556962025317 0.03313253012048193,True,OK
002_20200622_203158(8).txt,2,0 0.5443037974683544 0.5993975903614458 0.0379746835443038 0.030120481927710843,True,OK
002_20200623_003346(4).txt,0,0 0.5596590909090909 0.4683734939759036 0.028409090909090908 0.02710843373493976,True,OK
002_20200623_003346(4).txt,1,0 0.5667613636363636 0.5391566265060241 0.019886363636363636 0.024096385542168676,True,OK
002_20200623_003346(4).txt,2,0 0.5809659090909091 0.6370481927710844 0.03125 0.02108433734939759,True,OK
002_20200623_003350(4).txt,0,0 0.5667613636363636 0.4066265060240964 0.019886363636363636 0.024096385542168676,True,OK
002_20200623_003350(4).txt,1,0 0.5681818181818182 0.4743975903614458 0.022727272727272728 0.02710843373493976,True,OK
002_20200623_003350(4).txt,2,0 0.578125 0.5768072289156626 0.02556818181818182 0.02710843373493976,True,OK
002_20200623_003351(2).txt,0,0 0.495253164556962 0.4563253012048193 0.03481012658227848 0.03313253012048193,True,OK
002_20200623_003351(2).txt,1,0 0.5015822784810127 0.5256024096385542 0.03481012658227848 0.03313253012048193,True,OK
002_20200623_003351(2).txt,2,0 0.5126582278481012 0.6234939759036144 0.04430379746835443 0.024096385542168676,True,OK
002_20200623_003354(3).txt,0,0 0.5454545454545454 0.3870481927710843 0.022727272727272728 0.03313253012048193,True,OK
002_20200623_003354(3).txt,1,0 0.5568181818181818 0.4563253012048193 0.022727272727272728 0.03313253012048193,True,OK
002_20200623_003354(3).txt,2,0 0.5752840909090909 0.5496987951807228 0.02556818181818182 0.02710843373493976,True,OK
002_20200623_003355(7).txt,0,0 0.47151898734177217 0.4623493975903614 0.0379746835443038 0.0391566265060241,True,OK
002_20200623_003355(7).txt,1,0 0.47943037974683544 0.5301204819277109 0.03481012658227848 0.030120481927710843,True,OK
002_20200623_003355(7).txt,2,0 0.4889240506329114 0.6295180722891566 0.03481012658227848 0.03614457831325301,True,OK
002_20200623_003358(2).txt,0,0 0.5696022727272727 0.49096385542168675 0.02556818181818182 0.030120481927710843,True,OK
002_20200623_003358(2).txt,1,0 0.5724431818181818 0.5617469879518072 0.019886363636363636 0.02108433734939759,True,OK
002_20200623_003358(2).txt,2,0 0.578125 0.6566265060240963 0.019886363636363636 0.030120481927710843,True,OK
002_20200623_003400(2).txt,0,0 0.495253164556962 0.4608433734939759 0.03481012658227848 0.030120481927710843,True,OK
002_20200623_003400(2).txt,1,0 0.5015822784810127 0.536144578313253 0.03481012658227848 0.030120481927710843,True,OK
002_20200623_003400(2).txt,2,0 0.5079113924050633 0.625 0.03481012658227848 0.03313253012048193,True,OK
002_20200623_003402(2).txt,0,0 0.5610795454545454 0.4864457831325301 0.02556818181818182 0.03313253012048193,True,OK
002_20200623_003402(2).txt,1,0 0.5639204545454546 0.5617469879518072 0.02556818181818182 0.02108433734939759,True,OK
002_20200623_003402(2).txt,2,0 0.5681818181818182 0.6596385542168675 0.022727272727272728 0.024096385542168676,True,OK
002_20200623_003404(7).txt,0,0 0.4825949367088608 0.45331325301204817 0.03481012658227848 0.03313253012048193,True,OK
002_20200623_003404(7).txt,1,0 0.48417721518987344 0.5271084337349398 0.0379746835443038 0.030120481927710843,True,OK
002_20200623_003404(7).txt,2,0 0.495253164556962 0.625 0.03481012658227848 0.02710843373493976,True,OK
002_20200623_003409(2).txt,0,0 0.48417721518987344 0.45481927710843373 0.03164556962025317 0.030120481927710843,True,OK
002_20200623_003409(2).txt,1,0 0.4873417721518987 0.5271084337349398 0.02531645569620253 0.024096385542168676,True,OK
002_20200623_003409(2).txt,2,0 0.4920886075949367 0.6234939759036144 0.028481012658227847 0.030120481927710843,True,OK
002_20200623_003410(2).txt,0,0 0.5909090909090909 0.3569277108433735 0.022727272727272728 0.02710843373493976,True,OK
002_20200623_003410(2).txt,1,0 0.5852272727272727 0.4246987951807229 0.022727272727272728 0.024096385542168676,True,OK
002_20200623_003410(2).txt,2,0 0.5809659090909091 0.5256024096385542 0.019886363636363636 0.02710843373493976,True,OK
002_20200623_003413(7).txt,0,0 0.5031645569620253 0.45331325301204817 0.03164556962025317 0.02710843373493976,True,OK
002_20200623_003413(7).txt,1,0 0.5079113924050633 0.5271084337349398 0.03481012658227848 0.030120481927710843,True,OK
002_20200623_003413(7).txt,2,0 0.5174050632911392 0.6204819277108434 0.03481012658227848 0.030120481927710843,True,OK
002_20200623_043039(3).txt,0,0 0.5454545454545454 0.45933734939759036 0.022727272727272728 0.02710843373493976,True,OK
002_20200623_043039(3).txt,1,0 0.5610795454545454 0.5286144578313253 0.03125 0.02710843373493976,True,OK
002_20200623_043039(3).txt,2,0 0.5823863636363636 0.6159638554216867 0.017045454545454544 0.02108433734939759,True,OK
002_20200623_043043(2).txt,0,0 0.5852272727272727 0.3930722891566265 0.022727272727272728 0.02108433734939759,True,OK
002_20200623_043043(2).txt,1,0 0.5923295454545454 0.46686746987951805 0.019886363636363636 0.030120481927710843,True,OK
002_20200623_043043(2).txt,2,0 0.5994318181818182 0.5602409638554217 0.022727272727272728 0.024096385542168676,True,OK
002_20200623_043047(2).txt,0,0 0.5639204545454546 0.4126506024096386 0.02556818181818182 0.024096385542168676,True,OK
002_20200623_043047(2).txt,1,0 0.5667613636363636 0.4819277108433735 0.019886363636363636 0.024096385542168676,True,OK
002_20200623_043047(2).txt,2,0 0.578125 0.5783132530120482 0.019886363636363636 0.024096385542168676,True,OK
002_20200623_043051(3).txt,0,0 0.5596590909090909 0.4352409638554217 0.017045454545454544 0.02710843373493976,True,OK
002_20200623_043051(3).txt,1,0 0.5639204545454546 0.5075301204819277 0.02556818181818182 0.03313253012048193,True,OK
002_20200623_043051(3).txt,2,0 0.5681818181818182 0.6039156626506024 0.022727272727272728 0.03313253012048193,True,OK
002_20200623_043055(3).txt,0,0 0.5738636363636364 0.463855421686747 0.022727272727272728 0.030120481927710843,True,OK
002_20200623_043055(3).txt,1,0 0.5795454545454546 0.5376506024096386 0.028409090909090908 0.02710843373493976,True,OK
002_20200623_043055(3).txt,2,0 0.5809659090909091 0.6325301204819277 0.019886363636363636 0.030120481927710843,True,OK
002_20200623_043056(0).txt,0,0 0.49683544303797467 0.44728915662650603 0.0379746835443038 0.03313253012048193,True,OK
002_20200623_043056(0).txt,1,0 0.5031645569620253 0.5195783132530121 0.0379746835443038 0.0391566265060241,True,OK
002_20200623_043056(0).txt,2,0 0.5158227848101266 0.6174698795180723 0.03164556962025317 0.04216867469879518,True,OK
002_20200623_043059(4).txt,0,0 0.5625 0.5120481927710844 0.028409090909090908 0.03614457831325301,True,OK
002_20200623_043059(4).txt,1,0 0.5681818181818182 0.5873493975903614 0.022727272727272728 0.030120481927710843,True,OK
002_20200623_043059(4).txt,2,0 0.5809659090909091 0.6852409638554217 0.02556818181818182 0.02710843373493976,True,OK
002_20200623_043100(6).txt,0,0 0.5015822784810127 0.45481927710843373 0.03481012658227848 0.03614457831325301,True,OK
002_20200623_043100(6).txt,1,0 0.5110759493670886 0.5225903614457831 0.04113924050632911 0.0391566265060241,True,OK
002_20200623_043100(6).txt,2,0 0.5189873417721519 0.6189759036144579 0.03164556962025317 0.045180722891566265,True,OK
002_20200623_043105(0).txt,0,0 0.4889240506329114 0.45180722891566266 0.04113924050632911 0.04216867469879518,True,OK
002_20200623_043105(0).txt,1,0 0.495253164556962 0.5180722891566265 0.03481012658227848 0.04216867469879518,True,OK
002_20200623_043105(0).txt,2,0 0.5063291139240507 0.6174698795180723 0.03164556962025317 0.04216867469879518,True,OK
002_20200623_043109(4).txt,0,0 0.4825949367088608 0.4578313253012048 0.04113924050632911 0.04216867469879518,True,OK
002_20200623_043109(4).txt,1,0 0.4889240506329114 0.5256024096385542 0.03481012658227848 0.0391566265060241,True,OK
002_20200623_043109(4).txt,2,0 0.49683544303797467 0.6174698795180723 0.0379746835443038 0.04819277108433735,True,OK
002_20200623_043115(4).txt,0,0 0.47151898734177217 0.45481927710843373 0.0379746835443038 0.030120481927710843,True,OK
002_20200623_043115(4).txt,1,0 0.4778481012658228 0.5271084337349398 0.03164556962025317 0.04216867469879518,True,OK
002_20200623_043115(4).txt,2,0 0.48575949367088606 0.6174698795180723 0.03481012658227848 0.05421686746987952,True,OK
002_20200623_043120(0).txt,0,0 0.49841772151898733 0.45331325301204817 0.04113924050632911 0.0391566265060241,True,OK
002_20200623_043120(0).txt,1,0 0.504746835443038 0.5225903614457831 0.04746835443037975 0.02710843373493976,True,OK
002_20200623_043120(0).txt,2,0 0.5126582278481012 0.6204819277108434 0.03164556962025317 0.03614457831325301,True,OK
002_20200623_082249(3).txt,0,0 0.504746835443038 0.48042168674698793 0.028481012658227847 0.0391566265060241,True,OK
002_20200623_082249(3).txt,1,0 0.5142405063291139 0.5451807228915663 0.028481012658227847 0.030120481927710843,True,OK
002_20200623_082249(3).txt,2,0 0.5253164556962026 0.6265060240963856 0.0379746835443038 0.04216867469879518,True,OK
002_20200623_082253(8).txt,0,0 0.5332278481012658 0.4367469879518072 0.04746835443037975 0.03614457831325301,True,OK
002_20200623_082253(8).txt,1,0 0.5300632911392406 0.5015060240963856 0.03481012658227848 0.03313253012048193,True,OK
002_20200623_082253(8).txt,2,0 0.5411392405063291 0.5843373493975904 0.0379746835443038 0.04216867469879518,True,OK
002_20200623_082258(4).txt,0,0 0.5205696202531646 0.46987951807228917 0.03481012658227848 0.04216867469879518,True,OK
002_20200623_082258(4).txt,1,0 0.5253164556962026 0.5346385542168675 0.0379746835443038 0.03313253012048193,True,OK
002_20200623_082258(4).txt,2,0 0.5268987341772152 0.6114457831325302 0.03481012658227848 0.04216867469879518,True,OK
002_20200623_082258(6).txt,0,0 0.5454545454545454 0.5180722891566265 0.022727272727272728 0.024096385542168676,True,OK
002_20200623_082258(6).txt,1,0 0.5653409090909091 0.5813253012048193 0.017045454545454544 0.030120481927710843,True,OK
002_20200623_082258(6).txt,2,0 0.59375 0.6716867469879518 0.022727272727272728 0.03614457831325301,True,OK
002_20200623_082302(6).txt,0,0 0.5539772727272727 0.5301204819277109 0.028409090909090908 0.024096385542168676,True,OK
002_20200623_082302(6).txt,1,0 0.5625 0.5963855421686747 0.017045454545454544 0.024096385542168676,True,OK
002_20200623_082302(6).txt,2,0 0.5838068181818182 0.6912650602409639 0.019886363636363636 0.02108433734939759,True,OK
002_20200623_082302(7).txt,0,0 0.47943037974683544 0.411144578313253 0.03481012658227848 0.02710843373493976,True,OK
002_20200623_082302(7).txt,1,0 0.4920886075949367 0.4743975903614458 0.028481012658227847 0.02710843373493976,True,OK
002_20200623_082302(7).txt,2,0 0.5126582278481012 0.5753012048192772 0.03164556962025317 0.030120481927710843,True,OK
002_20200623_082306(5).txt,0,0 0.5696022727272727 0.5 0.02556818181818182 0.030120481927710843,True,OK
002_20200623_082306(5).txt,1,0 0.5795454545454546 0.5677710843373494 0.022727272727272728 0.03313253012048193,True,OK
002_20200623_082306(5).txt,2,0 0.5909090909090909 0.6656626506024096 0.022727272727272728 0.024096385542168676,True,OK
002_20200623_082307(2).txt,0,0 0.495253164556962 0.4186746987951807 0.03481012658227848 0.030120481927710843,True,OK
002_20200623_082307(2).txt,1,0 0.5 0.49096385542168675 0.0379746835443038 0.03614457831325301,True,OK
002_20200623_082307(2).txt,2,0 0.5158227848101266 0.5873493975903614 0.0379746835443038 0.030120481927710843,True,OK
002_20200623_082310(6).txt,0,0 0.5894886363636364 0.5557228915662651 0.02556818181818182 0.03313253012048193,True,OK
002_20200623_082310(6).txt,1,0 0.5866477272727273 0.47289156626506024 0.03125 0.030120481927710843,True,OK
002_20200623_082310(6).txt,2,0 0.5923295454545454 0.40512048192771083 0.019886363636363636 0.02710843373493976,True,OK
002_20200623_082311(8).txt,0,0 0.47468354430379744 0.4322289156626506 0.05063291139240506 0.045180722891566265,True,OK
002_20200623_082311(8).txt,1,0 0.4762658227848101 0.5045180722891566 0.03481012658227848 0.0391566265060241,True,OK
002_20200623_082311(8).txt,2,0 0.4762658227848101 0.6024096385542169 0.03481012658227848 0.04819277108433735,True,OK
002_20200623_082314(4).txt,0,0 0.5852272727272727 0.463855421686747 0.022727272727272728 0.018072289156626505,True,OK
002_20200623_082314(4).txt,1,0 0.5894886363636364 0.5331325301204819 0.014204545454545454 0.024096385542168676,True,OK
002_20200623_082314(4).txt,2,0 0.59375 0.6099397590361446 0.022727272727272728 0.02710843373493976,True,OK
002_20200623_082318(5).txt,0,0 0.6008522727272727 0.5677710843373494 0.02556818181818182 0.02710843373493976,True,OK
002_20200623_082318(5).txt,1,0 0.6107954545454546 0.6340361445783133 0.017045454545454544 0.02108433734939759,True,OK
002_20200623_082318(5).txt,2,0 0.625 0.7108433734939759 0.017045454545454544 0.018072289156626505,True,OK
002_20200623_123032(7).txt,0,0 0.6164772727272727 0.4427710843373494 0.028409090909090908 0.030120481927710843,True,OK
002_20200623_123032(7).txt,1,0 0.6164772727272727 0.5105421686746988 0.028409090909090908 0.02108433734939759,True,OK
002_20200623_123032(7).txt,2,0 0.6178977272727273 0.5918674698795181 0.019886363636363636 0.02108433734939759,True,OK
002_20200623_123036(5).txt,0,0 0.578125 0.516566265060241 0.019886363636363636 0.02108433734939759,True,OK
002_20200623_123036(5).txt,1,0 0.5866477272727273 0.5798192771084337 0.02556818181818182 0.02710843373493976,True,OK
002_20200623_123036(5).txt,2,0 0.6008522727272727 0.6581325301204819 0.019886363636363636 0.02108433734939759,True,OK
002_20200623_123040(5).txt,0,0 0.5894886363636364 0.5135542168674698 0.02556818181818182 0.02710843373493976,True,OK
002_20200623_123040(5).txt,1,0 0.5994318181818182 0.5783132530120482 0.022727272727272728 0.024096385542168676,True,OK
002_20200623_123040(5).txt,2,0 0.6136363636363636 0.6551204819277109 0.022727272727272728 0.02108433734939759,True,OK
002_20200623_123042(0).txt,0,0 0.5189873417721519 0.38403614457831325 0.0379746835443038 0.0391566265060241,True,OK
002_20200623_123042(0).txt,1,0 0.5253164556962026 0.45180722891566266 0.0379746835443038 0.03614457831325301,True,OK
002_20200623_123042(0).txt,2,0 0.5316455696202531 0.5301204819277109 0.03164556962025317 0.04819277108433735,True,OK
002_20200623_123044(3).txt,0,0 0.578125 0.463855421686747 0.02556818181818182 0.024096385542168676,True,OK
002_20200623_123044(3).txt,1,0 0.5795454545454546 0.536144578313253 0.022727272727272728 0.03614457831325301,True,OK
002_20200623_123044(3).txt,2,0 0.5838068181818182 0.6340361445783133 0.019886363636363636 0.03313253012048193,True,OK
002_20200623_123046(4).txt,0,0 0.5474683544303798 0.5346385542168675 0.02531645569620253 0.02710843373493976,True,OK
002_20200623_123046(4).txt,1,0 0.5332278481012658 0.45481927710843373 0.03481012658227848 0.030120481927710843,True,OK
002_20200623_123046(4).txt,2,0 0.5268987341772152 0.39006024096385544 0.03481012658227848 0.02710843373493976,True,OK
002_20200623_123048(4).txt,0,0 0.5696022727272727 0.5256024096385542 0.02556818181818182 0.02710843373493976,True,OK
002_20200623_123048(4).txt,1,0 0.5795454545454546 0.6009036144578314 0.022727272727272728 0.03313253012048193,True,OK
002_20200623_123048(4).txt,2,0 0.5923295454545454 0.6912650602409639 0.019886363636363636 0.02710843373493976,True,OK
002_20200623_123051(1).txt,0,0 0.5395569620253164 0.4427710843373494 0.03481012658227848 0.03614457831325301,True,OK
002_20200623_123051(1).txt,1,0 0.5427215189873418 0.5090361445783133 0.03481012658227848 0.03614457831325301,True,OK
002_20200623_123051(1).txt,2,0 0.5458860759493671 0.588855421686747 0.03481012658227848 0.03313253012048193,True,OK
002_20200623_123052(5).txt,0,0 0.5710227272727273 0.6099397590361446 0.022727272727272728 0.02710843373493976,True,OK
002_20200623_123052(5).txt,1,0 0.5880681818181818 0.7756024096385542 0.022727272727272728 0.02710843373493976,True,OK
002_20200623_123052(5).txt,2,0 0.5823863636363636 0.6807228915662651 0.028409090909090908 0.024096385542168676,True,OK
002_20200623_123055(5).txt,0,0 0.47151898734177217 0.4006024096385542 0.05063291139240506 0.030120481927710843,True,OK
002_20200623_123055(5).txt,1,0 0.4873417721518987 0.5677710843373494 0.0379746835443038 0.045180722891566265,True,OK
002_20200623_123100(0).txt,0,0 0.47468354430379744 0.411144578313253 0.03164556962025317 0.03313253012048193,True,OK
002_20200623_123100(0).txt,1,0 0.4778481012658228 0.48493975903614456 0.03164556962025317 0.030120481927710843,True,OK
002_20200623_123100(0).txt,2,0 0.47468354430379744 0.5843373493975904 0.02531645569620253 0.030120481927710843,True,OK
002_20200623_123104(5).txt,0,0 0.49683544303797467 0.3930722891566265 0.03164556962025317 0.02710843373493976,True,OK
002_20200623_123104(5).txt,1,0 0.5031645569620253 0.4623493975903614 0.03164556962025317 0.03313253012048193,True,OK
002_20200623_123104(5).txt,2,0 0.5142405063291139 0.5632530120481928 0.028481012658227847 0.030120481927710843,True,OK
002_20200623_163020(3).txt,0,0 0.5126582278481012 0.4352409638554217 0.03164556962025317 0.03313253012048193,True,OK
002_20200623_163020(3).txt,1,0 0.5205696202531646 0.49698795180722893 0.028481012658227847 0.030120481927710843,True,OK
002_20200623_163020(3).txt,2,0 0.5348101265822784 0.5753012048192772 0.03164556962025317 0.030120481927710843,True,OK
002_20200623_163023(3).txt,0,0 0.4873417721518987 0.411144578313253 0.03164556962025317 0.045180722891566265,True,OK
002_20200623_163023(3).txt,1,0 0.509493670886076 0.4713855421686747 0.0379746835443038 0.045180722891566265,True,OK
002_20200623_163023(3).txt,2,0 0.5348101265822784 0.5421686746987951 0.0379746835443038 0.04216867469879518,True,OK
002_20200623_163026(3).txt,0,0 0.5158227848101266 0.4036144578313253 0.0379746835443038 0.04216867469879518,True,OK
002_20200623_163026(3).txt,1,0 0.5189873417721519 0.4683734939759036 0.03164556962025317 0.02710843373493976,True,OK
002_20200623_163026(3).txt,2,0 0.5300632911392406 0.5481927710843374 0.04746835443037975 0.030120481927710843,True,OK
002_20200623_163029(6).txt,0,0 0.4889240506329114 0.3614457831325301 0.028481012658227847 0.03614457831325301,True,OK
002_20200623_163029(6).txt,1,0 0.49050632911392406 0.4322289156626506 0.0379746835443038 0.02710843373493976,True,OK
002_20200623_163029(6).txt,2,0 0.4920886075949367 0.5316265060240963 0.03481012658227848 0.02710843373493976,True,OK
002_20200623_163032(5).txt,0,0 0.4810126582278481 0.49698795180722893 0.03164556962025317 0.030120481927710843,True,OK
002_20200623_163032(5).txt,1,0 0.49841772151898733 0.5632530120481928 0.022151898734177215 0.024096385542168676,True,OK
002_20200623_163032(5).txt,2,0 0.5300632911392406 0.6551204819277109 0.03481012658227848 0.02710843373493976,True,OK
002_20200623_163035(5).txt,0,0 0.5031645569620253 0.36596385542168675 0.03164556962025317 0.02710843373493976,True,OK
002_20200623_163035(5).txt,1,0 0.5031645569620253 0.4367469879518072 0.03164556962025317 0.024096385542168676,True,OK
002_20200623_163035(5).txt,2,0 0.504746835443038 0.5301204819277109 0.03481012658227848 0.030120481927710843,True,OK
002_20200623_163039(5).txt,0,0 0.5951704545454546 0.44728915662650603 0.019886363636363636 0.03313253012048193,True,OK
002_20200623_163039(5).txt,1,0 0.6150568181818182 0.5858433734939759 0.019886363636363636 0.02710843373493976,True,OK
002_20200623_163039(5).txt,2,0 0.6065340909090909 0.5120481927710844 0.02556818181818182 0.024096385542168676,True,OK
002_20200623_163043(7).txt,0,0 0.5809659090909091 0.4246987951807229 0.019886363636363636 0.030120481927710843,True,OK
002_20200623_163043(7).txt,1,0 0.5894886363636364 0.4924698795180723 0.02556818181818182 0.02710843373493976,True,OK
002_20200623_163043(7).txt,2,0 0.5980113636363636 0.5632530120481928 0.02556818181818182 0.030120481927710843,True,OK
002_20200623_163047(6).txt,0,0 0.6036931818181818 0.42771084337349397 0.02556818181818182 0.030120481927710843,True,OK
002_20200623_163047(6).txt,1,0 0.6122159090909091 0.4894578313253012 0.019886363636363636 0.02710843373493976,True,OK
002_20200623_163047(6).txt,2,0 0.6278409090909091 0.5677710843373494 0.017045454545454544 0.02108433734939759,True,OK
002_20200623_163051(7).txt,0,0 0.5255681818181818 0.4066265060240964 0.022727272727272728 0.024096385542168676,True,OK
002_20200623_163051(7).txt,1,0 0.5454545454545454 0.46987951807228917 0.017045454545454544 0.030120481927710843,True,OK
002_20200623_163051(7).txt,2,0 0.578125 0.5587349397590361 0.019886363636363636 0.02710843373493976,True,OK
002_20200623_163055(6).txt,0,0 0.5809659090909091 0.44879518072289154 0.019886363636363636 0.030120481927710843,True,OK
002_20200623_163055(6).txt,1,0 0.5795454545454546 0.5240963855421686 0.022727272727272728 0.024096385542168676,True,OK
002_20200623_163055(6).txt,2,0 0.5795454545454546 0.6174698795180723 0.017045454545454544 0.024096385542168676,True,OK
002_20200623_163059(6).txt,0,0 0.5568181818181818 0.47289156626506024 0.022727272727272728 0.024096385542168676,True,OK
002_20200623_163059(6).txt,1,0 0.5653409090909091 0.5421686746987951 0.022727272727272728 0.03614457831325301,True,OK
002_20200623_163059(6).txt,2,0 0.5880681818181818 0.6355421686746988 0.028409090909090908 0.024096385542168676,True,OK
002_20200623_203033(6).txt,0,0 0.47943037974683544 0.4563253012048193 0.04113924050632911 0.045180722891566265,True,OK
002_20200623_203033(6).txt,1,0 0.4825949367088608 0.5225903614457831 0.03481012658227848 0.0391566265060241,True,OK
002_20200623_203033(6).txt,2,0 0.49683544303797467 0.6204819277108434 0.04430379746835443 0.03614457831325301,True,OK
002_20200623_203038(0).txt,0,0 0.4825949367088608 0.45481927710843373 0.03481012658227848 0.030120481927710843,True,OK
002_20200623_203038(0).txt,1,0 0.4889240506329114 0.5256024096385542 0.03481012658227848 0.03313253012048193,True,OK
002_20200623_203038(0).txt,2,0 0.49841772151898733 0.6204819277108434 0.03481012658227848 0.03614457831325301,True,OK
002_20200623_203040(4).txt,0,0 0.5568181818181818 0.5512048192771084 0.022727272727272728 0.030120481927710843,True,OK
002_20200623_203040(4).txt,1,0 0.5752840909090909 0.6219879518072289 0.02556818181818182 0.015060240963855422,True,OK
002_20200623_203040(4).txt,2,0 0.5894886363636364 0.7153614457831325 0.019886363636363636 0.02710843373493976,True,OK
002_20200623_203042(5).txt,0,0 0.495253164556962 0.4563253012048193 0.028481012658227847 0.03313253012048193,True,OK
002_20200623_203042(5).txt,1,0 0.5 0.5210843373493976 0.03164556962025317 0.030120481927710843,True,OK
002_20200623_203042(5).txt,2,0 0.5126582278481012 0.6234939759036144 0.02531645569620253 0.04216867469879518,True,OK
002_20200623_203044(0).txt,0,0 0.5511363636363636 0.44728915662650603 0.022727272727272728 0.02710843373493976,True,OK
002_20200623_203044(0).txt,1,0 0.5553977272727273 0.5180722891566265 0.02556818181818182 0.030120481927710843,True,OK
002_20200623_203044(0).txt,2,0 0.5610795454545454 0.6129518072289156 0.02556818181818182 0.03313253012048193,True,OK
002_20200623_203047(0).txt,0,0 0.48417721518987344 0.4578313253012048 0.04430379746835443 0.04216867469879518,True,OK
002_20200623_203047(0).txt,1,0 0.49050632911392406 0.5240963855421686 0.03164556962025317 0.030120481927710843,True,OK
002_20200623_203047(0).txt,2,0 0.5015822784810127 0.6204819277108434 0.03481012658227848 0.030120481927710843,True,OK
002_20200623_203047(7).txt,0,0 0.5355113636363636 0.45331325301204817 0.02556818181818182 0.03313253012048193,True,OK
002_20200623_203047(7).txt,1,0 0.5525568181818182 0.5195783132530121 0.02556818181818182 0.03313253012048193,True,OK
002_20200623_203047(7).txt,2,0 0.5738636363636364 0.6114457831325302 0.022727272727272728 0.03614457831325301,True,OK
002_20200623_203050(0).txt,0,0 0.48575949367088606 0.4066265060240964 0.04113924050632911 0.030120481927710843,True,OK
002_20200623_203050(0).txt,1,0 0.495253164556962 0.4789156626506024 0.028481012658227847 0.030120481927710843,True,OK
002_20200623_203050(0).txt,2,0 0.5079113924050633 0.5737951807228916 0.028481012658227847 0.03313253012048193,True,OK
002_20200623_203051(2).txt,0,0 0.5610795454545454 0.4141566265060241 0.03125 0.02710843373493976,True,OK
002_20200623_203051(2).txt,1,0 0.5696022727272727 0.48042168674698793 0.02556818181818182 0.0391566265060241,True,OK
002_20200623_203051(2).txt,2,0 0.5795454545454546 0.5783132530120482 0.022727272727272728 0.030120481927710843,True,OK
002_20200623_203054(6).txt,0,0 0.4825949367088608 0.45180722891566266 0.028481012658227847 0.03614457831325301,True,OK
002_20200623_203054(6).txt,1,0 0.4873417721518987 0.5210843373493976 0.02531645569620253 0.030120481927710843,True,OK
002_20200623_203054(6).txt,2,0 0.5015822784810127 0.6204819277108434 0.03481012658227848 0.03614457831325301,True,OK
002_20200623_203054(7).txt,0,0 0.5269886363636364 0.44728915662650603 0.02556818181818182 0.03313253012048193,True,OK
002_20200623_203054(7).txt,1,0 0.5482954545454546 0.5105421686746988 0.022727272727272728 0.03313253012048193,True,OK
002_20200623_203054(7).txt,2,0 0.5752840909090909 0.6054216867469879 0.02556818181818182 0.04216867469879518,True,OK
002_20200623_203058(3).txt,0,0 0.5667613636363636 0.45180722891566266 0.02556818181818182 0.030120481927710843,True,OK
002_20200623_203058(3).txt,1,0 0.5795454545454546 0.5180722891566265 0.03409090909090909 0.030120481927710843,True,OK
002_20200623_203058(3).txt,2,0 0.6051136363636364 0.6144578313253012 0.022727272727272728 0.03614457831325301,True,OK
002_20200624_003107(0).txt,0,0 0.5639204545454546 0.4894578313253012 0.019886363636363636 0.02710843373493976,True,OK
002_20200624_003107(0).txt,1,0 0.5653409090909091 0.5617469879518072 0.017045454545454544 0.02710843373493976,True,OK
002_20200624_003107(0).txt,2,0 0.5681818181818182 0.6551204819277109 0.022727272727272728 0.02710843373493976,True,OK
002_20200624_003111(0).txt,0,0 0.5823863636363636 0.411144578313253 0.028409090909090908 0.02710843373493976,True,OK
002_20200624_003111(0).txt,1,0 0.5838068181818182 0.48493975903614456 0.019886363636363636 0.030120481927710843,True,OK
002_20200624_003111(0).txt,2,0 0.5838068181818182 0.5828313253012049 0.02556818181818182 0.02710843373493976,True,OK
002_20200624_003115(1).txt,0,0 0.5639204545454546 0.34186746987951805 0.02556818181818182 0.02710843373493976,True,OK
002_20200624_003115(1).txt,1,0 0.5710227272727273 0.4126506024096386 0.022727272727272728 0.030120481927710843,True,OK
002_20200624_003115(1).txt,2,0 0.578125 0.5075301204819277 0.019886363636363636 0.02710843373493976,True,OK
002_20200624_003115(6).txt,0,0 0.5031645569620253 0.44879518072289154 0.0379746835443038 0.030120481927710843,True,OK
002_20200624_003115(6).txt,1,0 0.509493670886076 0.5240963855421686 0.0379746835443038 0.030120481927710843,True,OK
002_20200624_003115(6).txt,2,0 0.5142405063291139 0.6174698795180723 0.03481012658227848 0.03614457831325301,True,OK
002_20200624_003118(6).txt,0,0 0.4762658227848101 0.4352409638554217 0.03481012658227848 0.02710843373493976,True,OK
002_20200624_003118(6).txt,1,0 0.48417721518987344 0.5090361445783133 0.04430379746835443 0.030120481927710843,True,OK
002_20200624_003118(6).txt,2,0 0.4873417721518987 0.608433734939759 0.0379746835443038 0.03614457831325301,True,OK
002_20200624_003119(1).txt,0,0 0.5909090909090909 0.3810240963855422 0.028409090909090908 0.02710843373493976,True,OK
002_20200624_003119(1).txt,1,0 0.5866477272727273 0.44879518072289154 0.019886363636363636 0.024096385542168676,True,OK
002_20200624_003119(1).txt,2,0 0.5795454545454546 0.5466867469879518 0.022727272727272728 0.02108433734939759,True,OK
002_20200624_003123(0).txt,0,0 0.49050632911392406 0.44879518072289154 0.0379746835443038 0.030120481927710843,True,OK
002_20200624_003123(0).txt,1,0 0.495253164556962 0.5210843373493976 0.03481012658227848 0.03614457831325301,True,OK
002_20200624_003123(0).txt,2,0 0.5031645569620253 0.6174698795180723 0.04430379746835443 0.030120481927710843,True,OK
002_20200624_003123(1).txt,0,0 0.5667613636363636 0.37349397590361444 0.019886363636363636 0.024096385542168676,True,OK
002_20200624_003123(1).txt,1,0 0.5639204545454546 0.4503012048192771 0.03125 0.02108433734939759,True,OK
002_20200624_003123(1).txt,2,0 0.5610795454545454 0.5436746987951807 0.02556818181818182 0.02710843373493976,True,OK
002_20200624_003127(0).txt,0,0 0.5880681818181818 0.37801204819277107 0.022727272727272728 0.03313253012048193,True,OK
002_20200624_003127(0).txt,1,0 0.5909090909090909 0.44879518072289154 0.028409090909090908 0.03614457831325301,True,OK
002_20200624_003127(0).txt,2,0 0.5923295454545454 0.5451807228915663 0.02556818181818182 0.024096385542168676,True,OK
002_20200624_003127(5).txt,0,0 0.4873417721518987 0.45180722891566266 0.03164556962025317 0.03614457831325301,True,OK
002_20200624_003127(5).txt,1,0 0.5015822784810127 0.5180722891566265 0.04113924050632911 0.03614457831325301,True,OK
002_20200624_003127(5).txt,2,0 0.504746835443038 0.6144578313253012 0.028481012658227847 0.03614457831325301,True,OK
002_20200624_003132(0).txt,0,0 0.4699367088607595 0.44879518072289154 0.03481012658227848 0.03614457831325301,True,OK
002_20200624_003132(0).txt,1,0 0.47943037974683544 0.5271084337349398 0.04113924050632911 0.04216867469879518,True,OK
002_20200624_003132(0).txt,2,0 0.4889240506329114 0.6204819277108434 0.04113924050632911 0.03614457831325301,True,OK
002_20200624_003136(5).txt,0,0 0.46835443037974683 0.4503012048192771 0.04430379746835443 0.045180722891566265,True,OK
002_20200624_003136(5).txt,1,0 0.4762658227848101 0.5195783132530121 0.04113924050632911 0.045180722891566265,True,OK
002_20200624_003136(5).txt,2,0 0.4825949367088608 0.6189759036144579 0.028481012658227847 0.045180722891566265,True,OK
002_20200624_043128(1).txt,0,0 0.546875 0.47289156626506024 0.02556818181818182 0.024096385542168676,True,OK
002_20200624_043128(1).txt,1,0 0.5582386363636364 0.5391566265060241 0.019886363636363636 0.024096385542168676,True,OK
002_20200624_043128(1).txt,2,0 0.5809659090909091 0.6310240963855421 0.03125 0.02710843373493976,True,OK
002_20200624_043132(2).txt,0,0 0.5795454545454546 0.35843373493975905 0.022727272727272728 0.03614457831325301,True,OK
002_20200624_043132(2).txt,1,0 0.5823863636363636 0.4307228915662651 0.022727272727272728 0.030120481927710843,True,OK
002_20200624_043132(2).txt,2,0 0.5852272727272727 0.5286144578313253 0.017045454545454544 0.02710843373493976,True,OK
002_20200624_043136(1).txt,0,0 0.5667613636363636 0.4397590361445783 0.019886363636363636 0.03614457831325301,True,OK
002_20200624_043136(1).txt,1,0 0.5710227272727273 0.5105421686746988 0.017045454545454544 0.03313253012048193,True,OK
002_20200624_043136(1).txt,2,0 0.5852272727272727 0.6069277108433735 0.022727272727272728 0.02710843373493976,True,OK
002_20200624_043136(9).txt,0,0 0.4889240506329114 0.4503012048192771 0.03481012658227848 0.03313253012048193,True,OK
002_20200624_043136(9).txt,1,0 0.495253164556962 0.5195783132530121 0.03481012658227848 0.02710843373493976,True,OK
002_20200624_043136(9).txt,2,0 0.504746835443038 0.6159638554216867 0.04113924050632911 0.0391566265060241,True,OK
002_20200624_043140(2).txt,0,0 0.5511363636363636 0.4954819277108434 0.028409090909090908 0.03313253012048193,True,OK
002_20200624_043140(2).txt,1,0 0.5639204545454546 0.5662650602409639 0.02556818181818182 0.03614457831325301,True,OK
002_20200624_043140(2).txt,2,0 0.5809659090909091 0.6596385542168675 0.02556818181818182 0.03614457831325301,True,OK
002_20200624_043141(4).txt,0,0 0.495253164556962 0.4457831325301205 0.03481012658227848 0.04216867469879518,True,OK
002_20200624_043141(4).txt,1,0 0.5015822784810127 0.5210843373493976 0.03481012658227848 0.04216867469879518,True,OK
002_20200624_043141(4).txt,2,0 0.504746835443038 0.6174698795180723 0.028481012658227847 0.04216867469879518,True,OK
002_20200624_043144(2).txt,0,0 0.5823863636363636 0.4608433734939759 0.028409090909090908 0.024096385542168676,True,OK
002_20200624_043144(2).txt,1,0 0.5752840909090909 0.5286144578313253 0.02556818181818182 0.03313253012048193,True,OK
002_20200624_043144(2).txt,2,0 0.5596590909090909 0.625 0.022727272727272728 0.0391566265060241,True,OK
002_20200624_043145(8).txt,0,0 0.5015822784810127 0.44728915662650603 0.03481012658227848 0.03313253012048193,True,OK
002_20200624_043145(8).txt,1,0 0.509493670886076 0.5225903614457831 0.0379746835443038 0.02710843373493976,True,OK
002_20200624_043145(8).txt,2,0 0.5205696202531646 0.6159638554216867 0.028481012658227847 0.03313253012048193,True,OK
002_20200624_043148(1).txt,0,0 0.5738636363636364 0.3810240963855422 0.022727272727272728 0.03313253012048193,True,OK
002_20200624_043148(1).txt,1,0 0.5724431818181818 0.45331325301204817 0.019886363636363636 0.02710843373493976,True,OK
002_20200624_043148(1).txt,2,0 0.578125 0.5496987951807228 0.02556818181818182 0.02108433734939759,True,OK
002_20200624_043150(3).txt,0,0 0.4810126582278481 0.4442771084337349 0.0379746835443038 0.03313253012048193,True,OK
002_20200624_043150(3).txt,1,0 0.4889240506329114 0.516566265060241 0.03481012658227848 0.045180722891566265,True,OK
002_20200624_043150(3).txt,2,0 0.5 0.608433734939759 0.03164556962025317 0.04216867469879518,True,OK
002_20200624_043154(8).txt,0,0 0.49683544303797467 0.44879518072289154 0.04430379746835443 0.03614457831325301,True,OK
002_20200624_043154(8).txt,1,0 0.5 0.5210843373493976 0.0379746835443038 0.03614457831325301,True,OK
002_20200624_043154(8).txt,2,0 0.5079113924050633 0.6189759036144579 0.028481012658227847 0.0391566265060241,True,OK
002_20200624_043159(4).txt,0,0 0.49050632911392406 0.44728915662650603 0.03164556962025317 0.045180722891566265,True,OK
002_20200624_043159(4).txt,1,0 0.49683544303797467 0.5180722891566265 0.02531645569620253 0.03614457831325301,True,OK
002_20200624_043159(4).txt,2,0 0.5031645569620253 0.6159638554216867 0.02531645569620253 0.0391566265060241,True,OK
002_20200624_083032(4).txt,0,0 0.5063291139240507 0.44126506024096385 0.03164556962025317 0.0391566265060241,True,OK
002_20200624_083032(4).txt,1,0 0.5126582278481012 0.5090361445783133 0.03164556962025317 0.04216867469879518,True,OK
002_20200624_083032(4).txt,2,0 0.5205696202531646 0.5843373493975904 0.03481012658227848 0.030120481927710843,True,OK
002_20200624_083036(9).txt,0,0 0.5174050632911392 0.4623493975903614 0.03481012658227848 0.03313253012048193,True,OK
002_20200624_083036(9).txt,1,0 0.5174050632911392 0.5286144578313253 0.04113924050632911 0.02710843373493976,True,OK
002_20200624_083036(9).txt,2,0 0.5268987341772152 0.6099397590361446 0.03481012658227848 0.03313253012048193,True,OK
002_20200624_083041(3).txt,0,0 0.5174050632911392 0.4608433734939759 0.028481012658227847 0.030120481927710843,True,OK
002_20200624_083041(3).txt,1,0 0.5221518987341772 0.5271084337349398 0.0379746835443038 0.024096385542168676,True,OK
002_20200624_083041(3).txt,2,0 0.5268987341772152 0.6054216867469879 0.03481012658227848 0.030120481927710843,True,OK
002_20200624_083045(5).txt,0,0 0.5894886363636364 0.4246987951807229 0.02556818181818182 0.030120481927710843,True,OK
002_20200624_083045(5).txt,1,0 0.5909090909090909 0.5240963855421686 0.022727272727272728 0.024096385542168676,True,OK
002_20200624_083045(5).txt,2,0 0.5852272727272727 0.3493975903614458 0.022727272727272728 0.024096385542168676,True,OK
002_20200624_083045(8).txt,0,0 0.49050632911392406 0.411144578313253 0.03164556962025317 0.03313253012048193,True,OK
002_20200624_083045(8).txt,1,0 0.504746835443038 0.48493975903614456 0.028481012658227847 0.03614457831325301,True,OK
002_20200624_083045(8).txt,2,0 0.5158227848101266 0.5768072289156626 0.03164556962025317 0.0391566265060241,True,OK
002_20200624_083049(6).txt,0,0 0.5568181818181818 0.3539156626506024 0.022727272727272728 0.02710843373493976,True,OK
002_20200624_083049(6).txt,1,0 0.5696022727272727 0.42771084337349397 0.03125 0.030120481927710843,True,OK
002_20200624_083049(6).txt,2,0 0.5823863636363636 0.5210843373493976 0.028409090909090908 0.024096385542168676,True,OK
002_20200624_083050(4).txt,0,0 0.49050632911392406 0.45481927710843373 0.03164556962025317 0.030120481927710843,True,OK
002_20200624_083050(4).txt,1,0 0.4920886075949367 0.5271084337349398 0.028481012658227847 0.030120481927710843,True,OK
002_20200624_083050(4).txt,2,0 0.5015822784810127 0.625 0.03481012658227848 0.03313253012048193,True,OK
002_20200624_083053(3).txt,0,0 0.5482954545454546 0.4292168674698795 0.022727272727272728 0.02710843373493976,True,OK
002_20200624_083053(3).txt,1,0 0.5582386363636364 0.5015060240963856 0.019886363636363636 0.02710843373493976,True,OK
002_20200624_083053(3).txt,2,0 0.5724431818181818 0.5993975903614458 0.02556818181818182 0.024096385542168676,True,OK
002_20200624_083054(9).txt,0,0 0.48575949367088606 0.42319277108433734 0.04113924050632911 0.03313253012048193,True,OK
002_20200624_083054(9).txt,1,0 0.4873417721518987 0.4954819277108434 0.02531645569620253 0.02710843373493976,True,OK
002_20200624_083054(9).txt,2,0 0.49050632911392406 0.5963855421686747 0.03164556962025317 0.030120481927710843,True,OK
002_20200624_083057(4).txt,0,0 0.5965909090909091 0.35240963855421686 0.022727272727272728 0.024096385542168676,True,OK
002_20200624_083057(4).txt,1,0 0.6036931818181818 0.4186746987951807 0.019886363636363636 0.024096385542168676,True,OK
002_20200624_083057(4).txt,2,0 0.6136363636363636 0.4954819277108434 0.028409090909090908 0.03313253012048193,True,OK
002_20200624_083101(4).txt,0,0 0.5951704545454546 0.44879518072289154 0.02556818181818182 0.030120481927710843,True,OK
002_20200624_083101(4).txt,1,0 0.6008522727272727 0.516566265060241 0.03125 0.02710843373493976,True,OK
002_20200624_083101(4).txt,2,0 0.6079545454545454 0.5978915662650602 0.022727272727272728 0.02710843373493976,True,OK
002_20200624_083105(5).txt,0,0 0.609375 0.411144578313253 0.02556818181818182 0.02710843373493976,True,OK
002_20200624_083105(5).txt,1,0 0.6178977272727273 0.4789156626506024 0.02556818181818182 0.030120481927710843,True,OK
002_20200624_083105(5).txt,2,0 0.6264204545454546 0.5542168674698795 0.019886363636363636 0.024096385542168676,True,OK
002_20200624_123122(6).txt,0,0 0.5667613636363636 0.4563253012048193 0.03125 0.02710843373493976,True,OK
002_20200624_123122(6).txt,1,0 0.5752840909090909 0.5210843373493976 0.02556818181818182 0.024096385542168676,True,OK
002_20200624_123122(6).txt,2,0 0.5809659090909091 0.6219879518072289 0.019886363636363636 0.03313253012048193,True,OK
002_20200624_123126(4).txt,0,0 0.5582386363636364 0.3990963855421687 0.019886363636363636 0.02108433734939759,True,OK
002_20200624_123126(4).txt,1,0 0.5738636363636364 0.5677710843373494 0.017045454545454544 0.02108433734939759,True,OK
002_20200624_123126(4).txt,2,0 0.5653409090909091 0.47289156626506024 0.022727272727272728 0.024096385542168676,True,OK
002_20200624_123129(9).txt,0,0 0.546875 0.5406626506024096 0.019886363636363636 0.02710843373493976,True,OK
002_20200624_123129(9).txt,1,0 0.5525568181818182 0.6114457831325302 0.019886363636363636 0.030120481927710843,True,OK
002_20200624_123129(9).txt,2,0 0.5639204545454546 0.7078313253012049 0.02556818181818182 0.024096385542168676,True,OK
002_20200624_123133(0).txt,0,0 0.5894886363636364 0.5240963855421686 0.02556818181818182 0.030120481927710843,True,OK
002_20200624_123133(0).txt,1,0 0.5909090909090909 0.5873493975903614 0.028409090909090908 0.024096385542168676,True,OK
002_20200624_123133(0).txt,2,0 0.5980113636363636 0.6656626506024096 0.019886363636363636 0.024096385542168676,True,OK
002_20200624_123136(5).txt,0,0 0.6036931818181818 0.47740963855421686 0.02556818181818182 0.02710843373493976,True,OK
002_20200624_123136(5).txt,1,0 0.6136363636363636 0.5406626506024096 0.022727272727272728 0.02710843373493976,True,OK
002_20200624_123136(5).txt,2,0 0.6321022727272727 0.6189759036144579 0.02556818181818182 0.02710843373493976,True,OK
002_20200624_123143(7).txt,0,0 0.5866477272727273 0.5210843373493976 0.03125 0.030120481927710843,True,OK
002_20200624_123143(7).txt,1,0 0.5909090909090909 0.5858433734939759 0.028409090909090908 0.03313253012048193,True,OK
002_20200624_123143(7).txt,2,0 0.5951704545454546 0.6656626506024096 0.02556818181818182 0.030120481927710843,True,OK
002_20200624_123144(0).txt,0,0 0.5284810126582279 0.41566265060240964 0.0379746835443038 0.03614457831325301,True,OK
002_20200624_123144(0).txt,1,0 0.5427215189873418 0.48042168674698793 0.04113924050632911 0.03313253012048193,True,OK
002_20200624_123144(0).txt,2,0 0.5506329113924051 0.5572289156626506 0.0379746835443038 0.030120481927710843,True,OK
002_20200624_123148(2).txt,0,0 0.5110759493670886 0.4307228915662651 0.03481012658227848 0.030120481927710843,True,OK
002_20200624_123148(2).txt,1,0 0.5142405063291139 0.5 0.028481012658227847 0.03614457831325301,True,OK
002_20200624_123148(2).txt,2,0 0.5300632911392406 0.572289156626506 0.03481012658227848 0.03614457831325301,True,OK
002_20200624_123152(7).txt,0,0 0.5126582278481012 0.35240963855421686 0.03164556962025317 0.030120481927710843,True,OK
002_20200624_123152(7).txt,1,0 0.5158227848101266 0.42168674698795183 0.0379746835443038 0.024096385542168676,True,OK
002_20200624_123152(7).txt,2,0 0.5174050632911392 0.5 0.04113924050632911 0.030120481927710843,True,OK
002_20200624_123157(4).txt,0,0 0.509493670886076 0.29518072289156627 0.0379746835443038 0.030120481927710843,True,OK
002_20200624_123157(4).txt,1,0 0.49841772151898733 0.36596385542168675 0.03481012658227848 0.03313253012048193,True,OK
002_20200624_123157(4).txt,2,0 0.48417721518987344 0.4623493975903614 0.04430379746835443 0.03313253012048193,True,OK
002_20200624_123201(7).txt,0,0 0.504746835443038 0.3990963855421687 0.03481012658227848 0.02108433734939759,True,OK
002_20200624_123201(7).txt,1,0 0.5126582278481012 0.46987951807228917 0.03164556962025317 0.03614457831325301,True,OK
002_20200624_123201(7).txt,2,0 0.5253164556962026 0.5662650602409639 0.0379746835443038 0.03614457831325301,True,OK
002_20200624_123206(2).txt,0,0 0.5015822784810127 0.3689759036144578 0.03481012658227848 0.02710843373493976,True,OK
002_20200624_123206(2).txt,1,0 0.5110759493670886 0.44879518072289154 0.03481012658227848 0.03614457831325301,True,OK
002_20200624_123206(2).txt,2,0 0.5174050632911392 0.5391566265060241 0.028481012658227847 0.030120481927710843,True,OK
002_20200624_162522(0).txt,0,0 0.5795454545454546 0.5225903614457831 0.022727272727272728 0.02710843373493976,True,OK
002_20200624_162522(0).txt,1,0 0.5880681818181818 0.5933734939759037 0.017045454545454544 0.024096385542168676,True,OK
002_20200624_162522(0).txt,2,0 0.6036931818181818 0.6882530120481928 0.02556818181818182 0.02710843373493976,True,OK
002_20200624_162527(8).txt,0,0 0.5568181818181818 0.4503012048192771 0.022727272727272728 0.03313253012048193,True,OK
002_20200624_162527(8).txt,1,0 0.5710227272727273 0.5195783132530121 0.028409090909090908 0.02108433734939759,True,OK
002_20200624_162527(8).txt,2,0 0.5923295454545454 0.6129518072289156 0.019886363636363636 0.02710843373493976,True,OK
002_20200624_162531(7).txt,0,0 0.5625 0.4789156626506024 0.028409090909090908 0.030120481927710843,True,OK
002_20200624_162531(7).txt,1,0 0.5767045454545454 0.5542168674698795 0.028409090909090908 0.024096385542168676,True,OK
002_20200624_162531(7).txt,2,0 0.5923295454545454 0.6490963855421686 0.019886363636363636 0.02108433734939759,True,OK
002_20200624_162536(8).txt,0,0 0.6022727272727273 0.44728915662650603 0.022727272727272728 0.02710843373493976,True,OK
002_20200624_162536(8).txt,1,0 0.6107954545454546 0.5135542168674698 0.022727272727272728 0.02710843373493976,True,OK
002_20200624_162536(8).txt,2,0 0.6221590909090909 0.5933734939759037 0.017045454545454544 0.024096385542168676,True,OK
002_20200624_162540(3).txt,0,0 0.5852272727272727 0.5225903614457831 0.03409090909090909 0.03313253012048193,True,OK
002_20200624_162540(3).txt,1,0 0.5923295454545454 0.5858433734939759 0.03125 0.02710843373493976,True,OK
002_20200624_162540(3).txt,2,0 0.6022727272727273 0.6671686746987951 0.028409090909090908 0.02710843373493976,True,OK
002_20200624_162543(7).txt,0,0 0.5951704545454546 0.5572289156626506 0.03125 0.030120481927710843,True,OK
002_20200624_162543(7).txt,1,0 0.6065340909090909 0.6174698795180723 0.03125 0.03614457831325301,True,OK
002_20200624_162543(7).txt,2,0 0.6235795454545454 0.6957831325301205 0.02556818181818182 0.030120481927710843,True,OK
002_20200624_162708(9).txt,0,0 0.5284810126582279 0.4623493975903614 0.03164556962025317 0.03313253012048193,True,OK
002_20200624_162708(9).txt,1,0 0.5348101265822784 0.5286144578313253 0.03164556962025317 0.02710843373493976,True,OK
002_20200624_162708(9).txt,2,0 0.5458860759493671 0.6099397590361446 0.03481012658227848 0.03313253012048193,True,OK
002_20200624_162713(4).txt,0,0 0.5395569620253164 0.4307228915662651 0.04113924050632911 0.030120481927710843,True,OK
002_20200624_162713(4).txt,1,0 0.5411392405063291 0.49849397590361444 0.0379746835443038 0.02710843373493976,True,OK
002_20200624_162713(4).txt,2,0 0.5443037974683544 0.5753012048192772 0.03164556962025317 0.030120481927710843,True,OK
002_20200624_162717(9).txt,0,0 0.5189873417721519 0.3795180722891566 0.03164556962025317 0.030120481927710843,True,OK
002_20200624_162717(9).txt,1,0 0.5237341772151899 0.4503012048192771 0.028481012658227847 0.03313253012048193,True,OK
002_20200624_162717(9).txt,2,0 0.5316455696202531 0.5271084337349398 0.02531645569620253 0.030120481927710843,True,OK
002_20200624_162722(4).txt,0,0 0.4810126582278481 0.35993975903614456 0.0379746835443038 0.03313253012048193,True,OK
002_20200624_162722(4).txt,1,0 0.49050632911392406 0.4307228915662651 0.03164556962025317 0.030120481927710843,True,OK
002_20200624_162722(4).txt,2,0 0.504746835443038 0.5271084337349398 0.03481012658227848 0.03614457831325301,True,OK
002_20200624_203003(9).txt,0,0 0.5738636363636364 0.48493975903614456 0.028409090909090908 0.03614457831325301,True,OK
002_20200624_203003(9).txt,1,0 0.5866477272727273 0.5557228915662651 0.02556818181818182 0.03313253012048193,True,OK
002_20200624_203003(9).txt,2,0 0.6051136363636364 0.6475903614457831 0.022727272727272728 0.030120481927710843,True,OK
002_20200624_203012(9).txt,0,0 0.5639204545454546 0.38403614457831325 0.02556818181818182 0.03313253012048193,True,OK
002_20200624_203012(9).txt,1,0 0.5625 0.4608433734939759 0.028409090909090908 0.030120481927710843,True,OK
002_20200624_203012(9).txt,2,0 0.5639204545454546 0.5572289156626506 0.03125 0.030120481927710843,True,OK
002_20200624_203017(4).txt,0,0 0.5696022727272727 0.40512048192771083 0.036931818181818184 0.0391566265060241,True,OK
002_20200624_203017(4).txt,1,0 0.5696022727272727 0.47289156626506024 0.02556818181818182 0.024096385542168676,True,OK
002_20200624_203017(4).txt,2,0 0.5752840909090909 0.5707831325301205 0.03125 0.02710843373493976,True,OK
002_20200624_203021(9).txt,0,0 0.5539772727272727 0.44728915662650603 0.028409090909090908 0.03313253012048193,True,OK
002_20200624_203021(9).txt,1,0 0.5681818181818182 0.5256024096385542 0.028409090909090908 0.02710843373493976,True,OK
002_20200624_203021(9).txt,2,0 0.5852272727272727 0.6144578313253012 0.028409090909090908 0.030120481927710843,True,OK
002_20200624_203026(4).txt,0,0 0.5696022727272727 0.49096385542168675 0.02556818181818182 0.030120481927710843,True,OK
002_20200624_203026(4).txt,1,0 0.5866477272727273 0.5662650602409639 0.02556818181818182 0.030120481927710843,True,OK
002_20200624_203026(4).txt,2,0 0.6051136363636364 0.6536144578313253 0.022727272727272728 0.030120481927710843,True,OK
002_20200624_203044(4).txt,0,0 0.5653409090909091 0.4352409638554217 0.03409090909090909 0.03313253012048193,True,OK
002_20200624_203044(4).txt,1,0 0.5653409090909091 0.516566265060241 0.03409090909090909 0.02710843373493976,True,OK
002_20200624_203044(4).txt,2,0 0.5767045454545454 0.608433734939759 0.028409090909090908 0.030120481927710843,True,OK
002_20200624_203111(4).txt,0,0 0.5443037974683544 0.4503012048192771 0.0379746835443038 0.02710843373493976,True,OK
002_20200624_203111(4).txt,1,0 0.5458860759493671 0.516566265060241 0.028481012658227847 0.03313253012048193,True,OK
002_20200624_203111(4).txt,2,0 0.555379746835443 0.5978915662650602 0.03481012658227848 0.03313253012048193,True,OK
002_20200624_203114(3).txt,0,0 0.49683544303797467 0.4186746987951807 0.02531645569620253 0.030120481927710843,True,OK
002_20200624_203114(3).txt,1,0 0.5126582278481012 0.48493975903614456 0.02531645569620253 0.030120481927710843,True,OK
002_20200624_203114(3).txt,2,0 0.5379746835443038 0.5572289156626506 0.0379746835443038 0.030120481927710843,True,OK
002_20200624_203117(3).txt,0,0 0.49841772151898733 0.3810240963855422 0.03481012658227848 0.03313253012048193,True,OK
002_20200624_203117(3).txt,1,0 0.5142405063291139 0.4442771084337349 0.028481012658227847 0.03313253012048193,True,OK
002_20200624_203117(3).txt,2,0 0.5395569620253164 0.5195783132530121 0.04113924050632911 0.03313253012048193,True,OK
002_20200624_203120(3).txt,0,0 0.5268987341772152 0.3885542168674699 0.03481012658227848 0.024096385542168676,True,OK
002_20200624_203120(3).txt,1,0 0.5395569620253164 0.4503012048192771 0.03481012658227848 0.02108433734939759,True,OK
002_20200624_203120(3).txt,2,0 0.560126582278481 0.5256024096385542 0.03164556962025317 0.02710843373493976,True,OK
002_20200624_203123(3).txt,0,0 0.5015822784810127 0.42319277108433734 0.03481012658227848 0.0391566265060241,True,OK
002_20200624_203123(3).txt,1,0 0.5142405063291139 0.4894578313253012 0.03481012658227848 0.02710843373493976,True,OK
002_20200624_203123(3).txt,2,0 0.5332278481012658 0.5662650602409639 0.03481012658227848 0.03614457831325301,True,OK
002_20200624_203126(3).txt,0,0 0.5205696202531646 0.4126506024096386 0.03481012658227848 0.024096385542168676,True,OK
002_20200624_203126(3).txt,1,0 0.5379746835443038 0.4743975903614458 0.03164556962025317 0.0391566265060241,True,OK
002_20200624_203126(3).txt,2,0 0.5569620253164557 0.5451807228915663 0.03164556962025317 0.03614457831325301,True,OK
002_20200625_003116(4).txt,0,0 0.5710227272727273 0.5225903614457831 0.028409090909090908 0.03313253012048193,True,OK
002_20200625_003116(4).txt,1,0 0.5809659090909091 0.6009036144578314 0.019886363636363636 0.02710843373493976,True,OK
002_20200625_003116(4).txt,2,0 0.59375 0.697289156626506 0.03409090909090909 0.02710843373493976,True,OK
002_20200625_003120(7).txt,0,0 0.5681818181818182 0.3539156626506024 0.03977272727272727 0.03313253012048193,True,OK
002_20200625_003120(7).txt,1,0 0.5696022727272727 0.42620481927710846 0.02556818181818182 0.03313253012048193,True,OK
002_20200625_003120(7).txt,2,0 0.5752840909090909 0.5180722891566265 0.03125 0.03614457831325301,True,OK
002_20200625_003125(4).txt,0,0 0.5767045454545454 0.42319277108433734 0.028409090909090908 0.03313253012048193,True,OK
002_20200625_003125(4).txt,1,0 0.5838068181818182 0.49698795180722893 0.02556818181818182 0.030120481927710843,True,OK
002_20200625_003125(4).txt,2,0 0.5965909090909091 0.5903614457831325 0.028409090909090908 0.030120481927710843,True,OK
002_20200625_003130(0).txt,0,0 0.5653409090909091 0.3539156626506024 0.028409090909090908 0.02710843373493976,True,OK
002_20200625_003130(0).txt,1,0 0.5696022727272727 0.4246987951807229 0.02556818181818182 0.030120481927710843,True,OK
002_20200625_003130(0).txt,2,0 0.578125 0.5225903614457831 0.02556818181818182 0.02710843373493976,True,OK
002_20200625_003134(4).txt,0,0 0.5767045454545454 0.41566265060240964 0.028409090909090908 0.03614457831325301,True,OK
002_20200625_003134(4).txt,1,0 0.5809659090909091 0.4894578313253012 0.02556818181818182 0.03313253012048193,True,OK
002_20200625_003134(4).txt,2,0 0.5852272727272727 0.5858433734939759 0.028409090909090908 0.03313253012048193,True,OK
002_20200625_003139(0).txt,0,0 0.5767045454545454 0.5030120481927711 0.028409090909090908 0.030120481927710843,True,OK
002_20200625_003139(0).txt,1,0 0.5809659090909091 0.5828313253012049 0.03125 0.02710843373493976,True,OK
002_20200625_003139(0).txt,2,0 0.59375 0.6746987951807228 0.028409090909090908 0.024096385542168676,True,OK
002_20200625_003352(9).txt,0,0 0.4920886075949367 0.4442771084337349 0.028481012658227847 0.03313253012048193,True,OK
002_20200625_003352(9).txt,1,0 0.5031645569620253 0.5210843373493976 0.03164556962025317 0.024096385542168676,True,OK
002_20200625_003352(9).txt,2,0 0.5110759493670886 0.6189759036144579 0.03481012658227848 0.02710843373493976,True,OK
002_20200625_003357(4).txt,0,0 0.5079113924050633 0.4397590361445783 0.028481012658227847 0.030120481927710843,True,OK
002_20200625_003357(4).txt,1,0 0.5158227848101266 0.516566265060241 0.03164556962025317 0.02710843373493976,True,OK
002_20200625_003357(4).txt,2,0 0.5205696202531646 0.6129518072289156 0.028481012658227847 0.02710843373493976,True,OK
002_20200625_003401(8).txt,0,0 0.5015822784810127 0.4442771084337349 0.03481012658227848 0.02710843373493976,True,OK
002_20200625_003401(8).txt,1,0 0.5079113924050633 0.516566265060241 0.03481012658227848 0.03313253012048193,True,OK
002_20200625_003401(8).txt,2,0 0.5174050632911392 0.6144578313253012 0.03481012658227848 0.030120481927710843,True,OK
002_20200625_003406(3).txt,0,0 0.4889240506329114 0.4503012048192771 0.03481012658227848 0.02710843373493976,True,OK
002_20200625_003406(3).txt,1,0 0.49683544303797467 0.5195783132530121 0.03164556962025317 0.02710843373493976,True,OK
002_20200625_003406(3).txt,2,0 0.5063291139240507 0.6159638554216867 0.03164556962025317 0.03313253012048193,True,OK
002_20200625_003410(8).txt,0,0 0.5063291139240507 0.44126506024096385 0.03164556962025317 0.03313253012048193,True,OK
002_20200625_003410(8).txt,1,0 0.5110759493670886 0.5135542168674698 0.03481012658227848 0.02710843373493976,True,OK
002_20200625_003410(8).txt,2,0 0.5189873417721519 0.6099397590361446 0.03164556962025317 0.03313253012048193,True,OK
002_20200625_003415(4).txt,0,0 0.4825949367088608 0.4442771084337349 0.028481012658227847 0.02710843373493976,True,OK
002_20200625_003415(4).txt,1,0 0.4889240506329114 0.516566265060241 0.03481012658227848 0.02710843373493976,True,OK
002_20200625_003415(4).txt,2,0 0.49683544303797467 0.6144578313253012 0.0379746835443038 0.030120481927710843,True,OK
002_20200625_042934(9).txt,0,0 0.5340909090909091 0.4608433734939759 0.028409090909090908 0.030120481927710843,True,OK
002_20200625_042934(9).txt,1,0 0.5511363636363636 0.5331325301204819 0.028409090909090908 0.030120481927710843,True,OK
002_20200625_042934(9).txt,2,0 0.5752840909090909 0.6234939759036144 0.03125 0.030120481927710843,True,OK
002_20200625_042939(2).txt,0,0 0.5625 0.41566265060240964 0.028409090909090908 0.030120481927710843,True,OK
002_20200625_042939(2).txt,1,0 0.5667613636363636 0.4939759036144578 0.02556818181818182 0.030120481927710843,True,OK
002_20200625_042939(2).txt,2,0 0.578125 0.5858433734939759 0.02556818181818182 0.03313253012048193,True,OK
002_20200625_042943(7).txt,0,0 0.5795454545454546 0.375 0.028409090909090908 0.03313253012048193,True,OK
002_20200625_042943(7).txt,1,0 0.5909090909090909 0.45180722891566266 0.028409090909090908 0.024096385542168676,True,OK
002_20200625_042943(7).txt,2,0 0.6022727272727273 0.5466867469879518 0.028409090909090908 0.02710843373493976,True,OK
002_20200625_042948(3).txt,0,0 0.5568181818181818 0.39156626506024095 0.022727272727272728 0.024096385542168676,True,OK
002_20200625_042948(3).txt,1,0 0.5653409090909091 0.45933734939759036 0.03409090909090909 0.02710843373493976,True,OK
002_20200625_042948(3).txt,2,0 0.5809659090909091 0.5602409638554217 0.03125 0.030120481927710843,True,OK
002_20200625_042952(8).txt,0,0 0.5923295454545454 0.3930722891566265 0.02556818181818182 0.02710843373493976,True,OK
002_20200625_042952(8).txt,1,0 0.5852272727272727 0.46536144578313254 0.022727272727272728 0.02710843373493976,True,OK
002_20200625_042952(8).txt,2,0 0.5752840909090909 0.5647590361445783 0.03125 0.03313253012048193,True,OK
002_20200625_042957(3).txt,0,0 0.5880681818181818 0.5376506024096386 0.028409090909090908 0.02710843373493976,True,OK
002_20200625_042957(3).txt,1,0 0.5923295454545454 0.6144578313253012 0.03125 0.024096385542168676,True,OK
002_20200625_042957(3).txt,2,0 0.6022727272727273 0.7078313253012049 0.028409090909090908 0.030120481927710843,True,OK
002_20200629_082630(7).txt,0,0 0.5383522727272727 0.4171686746987952 0.03125 0.0391566265060241,True,OK
002_20200629_082630(7).txt,1,0 0.5525568181818182 0.48493975903614456 0.02556818181818182 0.03614457831325301,True,OK
002_20200629_082630(7).txt,2,0 0.5738636363636364 0.5753012048192772 0.028409090909090908 0.024096385542168676,True,OK
002_20200629_082639(2).txt,0,0 0.5752840909090909 0.5045180722891566 0.02556818181818182 0.03313253012048193,True,OK
002_20200629_082639(2).txt,1,0 0.5752840909090909 0.5798192771084337 0.03125 0.02108433734939759,True,OK
002_20200629_082639(2).txt,2,0 0.578125 0.677710843373494 0.02556818181818182 0.024096385542168676,True,OK
002_20200629_082642(2).txt,0,0 0.546875 0.5075301204819277 0.02556818181818182 0.02710843373493976,True,OK
002_20200629_082642(2).txt,1,0 0.5596590909090909 0.5753012048192772 0.028409090909090908 0.030120481927710843,True,OK
002_20200629_082642(2).txt,2,0 0.5767045454545454 0.6701807228915663 0.028409090909090908 0.03313253012048193,True,OK
002_20200629_082645(4).txt,0,0 0.5710227272727273 0.4367469879518072 0.03409090909090909 0.030120481927710843,True,OK
002_20200629_082645(4).txt,1,0 0.5809659090909091 0.5090361445783133 0.03125 0.018072289156626505,True,OK
002_20200629_082645(4).txt,2,0 0.5965909090909091 0.6054216867469879 0.028409090909090908 0.024096385542168676,True,OK
002_20200629_082823(5).txt,0,0 0.49050632911392406 0.44728915662650603 0.03164556962025317 0.02710843373493976,True,OK
002_20200629_082823(5).txt,1,0 0.495253164556962 0.5210843373493976 0.03481012658227848 0.030120481927710843,True,OK
002_20200629_082823(5).txt,2,0 0.5031645569620253 0.6204819277108434 0.03164556962025317 0.030120481927710843,True,OK
002_20200629_082828(5).txt,0,0 0.5015822784810127 0.48343373493975905 0.03481012658227848 0.03313253012048193,True,OK
002_20200629_082828(5).txt,1,0 0.5079113924050633 0.5602409638554217 0.028481012658227847 0.030120481927710843,True,OK
002_20200629_082828(5).txt,2,0 0.5205696202531646 0.6581325301204819 0.028481012658227847 0.03313253012048193,True,OK
002_20200629_082831(3).txt,0,0 0.4873417721518987 0.4427710843373494 0.03164556962025317 0.030120481927710843,True,OK
002_20200629_082831(3).txt,1,0 0.495253164556962 0.5195783132530121 0.03481012658227848 0.02710843373493976,True,OK
002_20200629_082831(3).txt,2,0 0.5015822784810127 0.6174698795180723 0.028481012658227847 0.03614457831325301,True,OK
002_20200629_082834(2).txt,0,0 0.4762658227848101 0.4307228915662651 0.03481012658227848 0.030120481927710843,True,OK
002_20200629_082834(2).txt,1,0 0.4762658227848101 0.5015060240963856 0.028481012658227847 0.02710843373493976,True,OK
002_20200629_082834(2).txt,2,0 0.4810126582278481 0.6009036144578314 0.02531645569620253 0.03313253012048193,True,OK
002_20200629_082837(0).txt,0,0 0.48575949367088606 0.4427710843373494 0.028481012658227847 0.030120481927710843,True,OK
002_20200629_082837(0).txt,1,0 0.4873417721518987 0.5120481927710844 0.02531645569620253 0.024096385542168676,True,OK
002_20200629_082837(0).txt,2,0 0.5 0.6114457831325302 0.02531645569620253 0.030120481927710843,True,OK
002_20200629_082839(9).txt,0,0 0.504746835443038 0.4427710843373494 0.03481012658227848 0.030120481927710843,True,OK
002_20200629_082839(9).txt,1,0 0.5015822784810127 0.5105421686746988 0.03481012658227848 0.02108433734939759,True,OK
002_20200629_082839(9).txt,2,0 0.5 0.6114457831325302 0.02531645569620253 0.030120481927710843,True,OK
002_20200629_123442(5).txt,0,0 0.49050632911392406 0.4397590361445783 0.02531645569620253 0.030120481927710843,True,OK
002_20200629_123442(5).txt,1,0 0.495253164556962 0.5150602409638554 0.028481012658227847 0.030120481927710843,True,OK
002_20200629_123442(5).txt,2,0 0.504746835443038 0.608433734939759 0.03481012658227848 0.030120481927710843,True,OK
002_20200629_123447(0).txt,0,0 0.4825949367088608 0.44728915662650603 0.028481012658227847 0.02710843373493976,True,OK
002_20200629_123447(0).txt,1,0 0.4889240506329114 0.5195783132530121 0.022151898734177215 0.02710843373493976,True,OK
002_20200629_123447(0).txt,2,0 0.495253164556962 0.6144578313253012 0.028481012658227847 0.030120481927710843,True,OK
002_20200629_123451(5).txt,0,0 0.4920886075949367 0.44879518072289154 0.028481012658227847 0.030120481927710843,True,OK
002_20200629_123451(5).txt,1,0 0.495253164556962 0.5195783132530121 0.028481012658227847 0.02710843373493976,True,OK
002_20200629_123451(5).txt,2,0 0.504746835443038 0.6174698795180723 0.028481012658227847 0.030120481927710843,True,OK
002_20200629_123456(0).txt,0,0 0.47151898734177217 0.4457831325301205 0.03164556962025317 0.024096385542168676,True,OK
002_20200629_123456(0).txt,1,0 0.4762658227848101 0.5150602409638554 0.022151898734177215 0.024096385542168676,True,OK
002_20200629_123456(0).txt,2,0 0.48575949367088606 0.6129518072289156 0.028481012658227847 0.02108433734939759,True,OK
002_20200629_123500(5).txt,0,0 0.4825949367088608 0.44728915662650603 0.03481012658227848 0.02710843373493976,True,OK
002_20200629_123500(5).txt,1,0 0.4889240506329114 0.516566265060241 0.028481012658227847 0.02710843373493976,True,OK
002_20200629_123500(5).txt,2,0 0.495253164556962 0.6159638554216867 0.028481012658227847 0.02710843373493976,True,OK
002_20200629_123505(0).txt,0,0 0.48417721518987344 0.4397590361445783 0.03164556962025317 0.024096385542168676,True,OK
002_20200629_123505(0).txt,1,0 0.4889240506329114 0.5150602409638554 0.022151898734177215 0.024096385542168676,True,OK
002_20200629_123505(0).txt,2,0 0.49841772151898733 0.6144578313253012 0.022151898734177215 0.024096385542168676,True,OK
002_20200629_163656(7).txt,0,0 0.495253164556962 0.4442771084337349 0.028481012658227847 0.02710843373493976,True,OK
002_20200629_163656(7).txt,1,0 0.5015822784810127 0.516566265060241 0.028481012658227847 0.02710843373493976,True,OK
002_20200629_163656(7).txt,2,0 0.5063291139240507 0.6159638554216867 0.02531645569620253 0.02710843373493976,True,OK
002_20200629_163659(7).txt,0,0 0.4651898734177215 0.4322289156626506 0.03164556962025317 0.02108433734939759,True,OK
002_20200629_163659(7).txt,1,0 0.47943037974683544 0.5045180722891566 0.022151898734177215 0.02108433734939759,True,OK
002_20200629_163659(7).txt,2,0 0.5 0.5948795180722891 0.02531645569620253 0.02710843373493976,True,OK
002_20200629_163702(8).txt,0,0 0.4825949367088608 0.4457831325301205 0.03481012658227848 0.030120481927710843,True,OK
002_20200629_163702(8).txt,1,0 0.48575949367088606 0.5180722891566265 0.028481012658227847 0.030120481927710843,True,OK
002_20200629_163702(8).txt,2,0 0.495253164556962 0.6159638554216867 0.028481012658227847 0.02710843373493976,True,OK
002_20200629_163705(8).txt,0,0 0.49841772151898733 0.4442771084337349 0.03481012658227848 0.02710843373493976,True,OK
002_20200629_163705(8).txt,1,0 0.5079113924050633 0.5135542168674698 0.028481012658227847 0.03313253012048193,True,OK
002_20200629_163705(8).txt,2,0 0.5189873417721519 0.6114457831325302 0.02531645569620253 0.03614457831325301,True,OK
002_20200629_163708(9).txt,0,0 0.5015822784810127 0.42319277108433734 0.028481012658227847 0.02710843373493976,True,OK
002_20200629_163708(9).txt,1,0 0.5015822784810127 0.49849397590361444 0.03481012658227848 0.02108433734939759,True,OK
002_20200629_163708(9).txt,2,0 0.5015822784810127 0.5948795180722891 0.028481012658227847 0.02710843373493976,True,OK
002_20200629_163711(8).txt,0,0 0.49841772151898733 0.4427710843373494 0.028481012658227847 0.030120481927710843,True,OK
002_20200629_163711(8).txt,1,0 0.5063291139240507 0.5150602409638554 0.02531645569620253 0.030120481927710843,True,OK
002_20200629_163711(8).txt,2,0 0.5126582278481012 0.6174698795180723 0.0189873417721519 0.030120481927710843,True,OK
002_20200714_042641(8).txt,0,0 0.5426136363636364 0.3629518072289157 0.022727272727272728 0.03313253012048193,True,OK
002_20200714_042641(8).txt,1,0 0.5511363636363636 0.4352409638554217 0.022727272727272728 0.03313253012048193,True,OK
002_20200714_042641(8).txt,2,0 0.5653409090909091 0.5331325301204819 0.022727272727272728 0.030120481927710843,True,OK
002_20200714_083054(2).txt,0,0 0.5610795454545454 0.42771084337349397 0.02556818181818182 0.030120481927710843,True,OK
002_20200714_083054(2).txt,1,0 0.5653409090909091 0.4954819277108434 0.022727272727272728 0.02710843373493976,True,OK
002_20200714_083054(2).txt,2,0 0.5738636363636364 0.5948795180722891 0.022727272727272728 0.02710843373493976,True,OK
002_20200714_083057(5).txt,0,0 0.5525568181818182 0.39457831325301207 0.02556818181818182 0.03614457831325301,True,OK
002_20200714_083057(5).txt,1,0 0.5596590909090909 0.4683734939759036 0.028409090909090908 0.02710843373493976,True,OK
002_20200714_083057(5).txt,2,0 0.5838068181818182 0.5692771084337349 0.019886363636363636 0.030120481927710843,True,OK
002_20200714_083101(7).txt,0,0 0.5610795454545454 0.39006024096385544 0.02556818181818182 0.0391566265060241,True,OK
002_20200714_083101(7).txt,1,0 0.5738636363636364 0.45933734939759036 0.022727272727272728 0.03313253012048193,True,OK
002_20200714_083101(7).txt,2,0 0.5866477272727273 0.5557228915662651 0.02556818181818182 0.03313253012048193,True,OK
002_20200714_083106(2).txt,0,0 0.5525568181818182 0.44728915662650603 0.02556818181818182 0.02710843373493976,True,OK
002_20200714_083106(2).txt,1,0 0.5625 0.5135542168674698 0.022727272727272728 0.02108433734939759,True,OK
002_20200714_083106(2).txt,2,0 0.5866477272727273 0.6114457831325302 0.02556818181818182 0.024096385542168676,True,OK
002_20200714_083110(8).txt,0,0 0.5511363636363636 0.4789156626506024 0.022727272727272728 0.024096385542168676,True,OK
002_20200714_083110(8).txt,1,0 0.5696022727272727 0.5436746987951807 0.019886363636363636 0.02710843373493976,True,OK
002_20200714_083110(8).txt,2,0 0.5951704545454546 0.6430722891566265 0.019886363636363636 0.02710843373493976,True,OK
002_20200714_083115(1).txt,0,0 0.5639204545454546 0.5120481927710844 0.019886363636363636 0.03614457831325301,True,OK
002_20200714_083115(1).txt,1,0 0.5681818181818182 0.5813253012048193 0.022727272727272728 0.030120481927710843,True,OK
002_20200714_083115(1).txt,2,0 0.5795454545454546 0.6822289156626506 0.022727272727272728 0.02710843373493976,True,OK
002_20200714_123109(8).txt,0,0 0.5610795454545454 0.516566265060241 0.02556818181818182 0.02108433734939759,True,OK
002_20200714_123109(8).txt,1,0 0.5767045454545454 0.5858433734939759 0.022727272727272728 0.02710843373493976,True,OK
002_20200714_123109(8).txt,2,0 0.5994318181818182 0.6807228915662651 0.028409090909090908 0.024096385542168676,True,OK
002_20200714_123113(1).txt,0,0 0.5795454545454546 0.2891566265060241 0.022727272727272728 0.024096385542168676,True,OK
002_20200714_123113(1).txt,1,0 0.5809659090909091 0.3614457831325301 0.03125 0.024096385542168676,True,OK
002_20200714_123113(1).txt,2,0 0.5880681818181818 0.4578313253012048 0.028409090909090908 0.024096385542168676,True,OK
002_20200714_123117(3).txt,0,0 0.5795454545454546 0.4427710843373494 0.022727272727272728 0.024096385542168676,True,OK
002_20200714_123117(3).txt,1,0 0.5852272727272727 0.5135542168674698 0.028409090909090908 0.02710843373493976,True,OK
002_20200714_123117(3).txt,2,0 0.5909090909090909 0.6114457831325302 0.022727272727272728 0.030120481927710843,True,OK
002_20200714_123120(4).txt,0,0 0.5738636363636364 0.4367469879518072 0.028409090909090908 0.024096385542168676,True,OK
002_20200714_123120(4).txt,1,0 0.5823863636363636 0.5090361445783133 0.022727272727272728 0.030120481927710843,True,OK
002_20200714_123120(4).txt,2,0 0.5951704545454546 0.6009036144578314 0.02556818181818182 0.02710843373493976,True,OK
002_20200714_123123(5).txt,0,0 0.5667613636363636 0.5075301204819277 0.02556818181818182 0.02710843373493976,True,OK
002_20200714_123123(5).txt,1,0 0.5738636363636364 0.5828313253012049 0.022727272727272728 0.02710843373493976,True,OK
002_20200714_123123(5).txt,2,0 0.578125 0.6807228915662651 0.02556818181818182 0.024096385542168676,True,OK
002_20200714_123126(4).txt,0,0 0.5582386363636364 0.463855421686747 0.02556818181818182 0.030120481927710843,True,OK
002_20200714_123126(4).txt,1,0 0.5639204545454546 0.5346385542168675 0.03125 0.02710843373493976,True,OK
002_20200714_123126(4).txt,2,0 0.5795454545454546 0.6340361445783133 0.028409090909090908 0.02710843373493976,True,OK
002_20200714_163046(2).txt,0,0 0.5880681818181818 0.4141566265060241 0.028409090909090908 0.02710843373493976,True,OK
002_20200714_163046(2).txt,1,0 0.5880681818181818 0.48042168674698793 0.028409090909090908 0.02710843373493976,True,OK
002_20200714_163046(2).txt,2,0 0.59375 0.5572289156626506 0.028409090909090908 0.030120481927710843,True,OK
002_20200714_163049(8).txt,0,0 0.5965909090909091 0.41566265060240964 0.03409090909090909 0.030120481927710843,True,OK
002_20200714_163049(8).txt,1,0 0.6065340909090909 0.4879518072289157 0.02556818181818182 0.030120481927710843,True,OK
002_20200714_163049(8).txt,2,0 0.6164772727272727 0.5557228915662651 0.028409090909090908 0.03313253012048193,True,OK
002_20200714_163053(5).txt,0,0 0.5653409090909091 0.4608433734939759 0.022727272727272728 0.030120481927710843,True,OK
002_20200714_163053(5).txt,1,0 0.5809659090909091 0.5210843373493976 0.02556818181818182 0.024096385542168676,True,OK
002_20200714_163053(5).txt,2,0 0.6022727272727273 0.5918674698795181 0.022727272727272728 0.02710843373493976,True,OK
002_20200714_163056(8).txt,0,0 0.6022727272727273 0.45933734939759036 0.028409090909090908 0.02710843373493976,True,OK
002_20200714_163056(8).txt,1,0 0.609375 0.5240963855421686 0.03125 0.030120481927710843,True,OK
002_20200714_163056(8).txt,2,0 0.6193181818181818 0.5978915662650602 0.028409090909090908 0.02710843373493976,True,OK
002_20200714_163100(2).txt,0,0 0.5823863636363636 0.46536144578313254 0.022727272727272728 0.02710843373493976,True,OK
002_20200714_163100(2).txt,1,0 0.5923295454545454 0.5256024096385542 0.02556818181818182 0.02710843373493976,True,OK
002_20200714_163100(2).txt,2,0 0.6079545454545454 0.6069277108433735 0.022727272727272728 0.02710843373493976,True,OK
002_20200714_163103(5).txt,0,0 0.5809659090909091 0.4292168674698795 0.02556818181818182 0.02710843373493976,True,OK
002_20200714_163103(5).txt,1,0 0.5852272727272727 0.49698795180722893 0.022727272727272728 0.030120481927710843,True,OK
002_20200714_163103(5).txt,2,0 0.5980113636363636 0.572289156626506 0.02556818181818182 0.030120481927710843,True,OK
002_20200714_225756(0).txt,0,0 0.5454545454545454 0.45481927710843373 0.022727272727272728 0.030120481927710843,True,OK
002_20200714_225756(0).txt,1,0 0.5625 0.5210843373493976 0.022727272727272728 0.030120481927710843,True,OK
002_20200714_225756(0).txt,2,0 0.5894886363636364 0.6114457831325302 0.02556818181818182 0.030120481927710843,True,OK
002_20200714_225759(8).txt,0,0 0.578125 0.43373493975903615 0.02556818181818182 0.030120481927710843,True,OK
002_20200714_225759(8).txt,1,0 0.5838068181818182 0.5015060240963856 0.02556818181818182 0.02710843373493976,True,OK
002_20200714_225759(8).txt,2,0 0.5951704545454546 0.6054216867469879 0.02556818181818182 0.030120481927710843,True,OK
002_20200714_225803(3).txt,0,0 0.5610795454545454 0.4563253012048193 0.02556818181818182 0.02710843373493976,True,OK
002_20200714_225803(3).txt,1,0 0.5653409090909091 0.5271084337349398 0.022727272727272728 0.024096385542168676,True,OK
002_20200714_225803(3).txt,2,0 0.5696022727272727 0.6265060240963856 0.019886363636363636 0.03614457831325301,True,OK
002_20200714_225807(3).txt,0,0 0.6008522727272727 0.4352409638554217 0.02556818181818182 0.02710843373493976,True,OK
002_20200714_225807(3).txt,1,0 0.6136363636363636 0.5015060240963856 0.028409090909090908 0.02710843373493976,True,OK
002_20200714_225807(3).txt,2,0 0.6264204545454546 0.5753012048192772 0.02556818181818182 0.030120481927710843,True,OK
002_20200714_225810(5).txt,0,0 0.5866477272727273 0.45481927710843373 0.03125 0.030120481927710843,True,OK
002_20200714_225810(5).txt,1,0 0.5852272727272727 0.5210843373493976 0.022727272727272728 0.024096385542168676,True,OK
002_20200714_225810(5).txt,2,0 0.5852272727272727 0.5993975903614458 0.022727272727272728 0.024096385542168676,True,OK
002_20200714_225817(4).txt,0,0 0.5838068181818182 0.3132530120481928 0.02556818181818182 0.030120481927710843,True,OK
002_20200714_225817(4).txt,1,0 0.5838068181818182 0.3795180722891566 0.02556818181818182 0.024096385542168676,True,OK
002_20200714_225817(4).txt,2,0 0.5852272727272727 0.4563253012048193 0.022727272727272728 0.02710843373493976,True,OK
002_20200715_002443(4).txt,0,0 0.5497159090909091 0.4246987951807229 0.02556818181818182 0.024096385542168676,True,OK
002_20200715_002443(4).txt,1,0 0.5553977272727273 0.4954819277108434 0.02556818181818182 0.02710843373493976,True,OK
002_20200715_002443(4).txt,2,0 0.5667613636363636 0.5978915662650602 0.02556818181818182 0.02710843373493976,True,OK
002_20200715_002447(9).txt,0,0 0.5710227272727273 0.40963855421686746 0.022727272727272728 0.030120481927710843,True,OK
002_20200715_002447(9).txt,1,0 0.5795454545454546 0.48042168674698793 0.022727272727272728 0.02710843373493976,True,OK
002_20200715_002447(9).txt,2,0 0.5965909090909091 0.5768072289156626 0.028409090909090908 0.03313253012048193,True,OK
002_20200715_002456(9).txt,0,0 0.5440340909090909 0.40963855421686746 0.03125 0.030120481927710843,True,OK
002_20200715_002456(9).txt,1,0 0.5525568181818182 0.48343373493975905 0.03125 0.03313253012048193,True,OK
002_20200715_002456(9).txt,2,0 0.5653409090909091 0.5798192771084337 0.022727272727272728 0.02710843373493976,True,OK
002_20200715_002509(0).txt,0,0 0.6036931818181818 0.4006024096385542 0.02556818181818182 0.024096385542168676,True,OK
002_20200715_002509(0).txt,1,0 0.6065340909090909 0.46536144578313254 0.019886363636363636 0.02108433734939759,True,OK
002_20200715_002509(0).txt,2,0 0.6164772727272727 0.5451807228915663 0.028409090909090908 0.018072289156626505,True,OK
002_20200715_002513(4).txt,0,0 0.5923295454545454 0.4292168674698795 0.019886363636363636 0.02710843373493976,True,OK
002_20200715_002513(4).txt,1,0 0.6036931818181818 0.4954819277108434 0.02556818181818182 0.02710843373493976,True,OK
002_20200715_002513(4).txt,2,0 0.6136363636363636 0.5692771084337349 0.022727272727272728 0.024096385542168676,True,OK
002_20200831_163149(1).txt,0,0 0.8117088607594937 0.375 0.022151898734177215 0.02710843373493976,True,OK
002_20200831_163150(6).txt,0,0 0.7784810126582279 0.4292168674698795 0.03164556962025317 0.03313253012048193,True,OK
002_20200831_203101(4).txt,0,0 0.7990506329113924 0.48343373493975905 0.028481012658227847 0.02710843373493976,True,OK
002_20200831_203105(9).txt,0,0 0.7832278481012658 0.47740963855421686 0.028481012658227847 0.03313253012048193,True,OK
002_20200901_003133(6).txt,0,0 0.7895569620253164 0.4789156626506024 0.028481012658227847 0.024096385542168676,True,OK
002_20200901_003136(6).txt,0,0 0.7642405063291139 0.48343373493975905 0.03481012658227848 0.02710843373493976,True,OK
002_20200901_003139(6).txt,0,0 0.7943037974683544 0.45933734939759036 0.03164556962025317 0.02710843373493976,True,OK
002_20200901_003142(6).txt,0,0 0.7911392405063291 0.4819277108433735 0.03164556962025317 0.024096385542168676,True,OK
002_20200901_003148(6).txt,0,0 0.7927215189873418 0.48042168674698793 0.03481012658227848 0.03313253012048193,True,OK
002_20200901_043133(6).txt,0,0 0.7768987341772152 0.4879518072289157 0.03481012658227848 0.030120481927710843,True,OK
002_20200901_043136(6).txt,0,0 0.7737341772151899 0.4457831325301205 0.03481012658227848 0.030120481927710843,True,OK
002_20200901_043139(6).txt,0,0 0.7848101265822784 0.47740963855421686 0.03164556962025317 0.03313253012048193,True,OK
002_20200901_043142(6).txt,0,0 0.7689873417721519 0.4879518072289157 0.03164556962025317 0.030120481927710843,True,OK
002_20200901_043145(5).txt,0,0 0.7658227848101266 0.48042168674698793 0.03164556962025317 0.02710843373493976,True,OK
002_20200901_043148(6).txt,0,0 0.7705696202531646 0.48042168674698793 0.028481012658227847 0.03313253012048193,True,OK
002_20200901_083204(5).txt,0,0 0.7848101265822784 0.5045180722891566 0.03164556962025317 0.02710843373493976,True,OK
002_20200901_083452(2).txt,0,0 0.7832278481012658 0.5271084337349398 0.03481012658227848 0.030120481927710843,True,OK
002_20200901_083456(7).txt,0,0 0.7674050632911392 0.5557228915662651 0.03481012658227848 0.02710843373493976,True,OK
002_20200901_083501(2).txt,0,0 0.7848101265822784 0.5632530120481928 0.0379746835443038 0.030120481927710843,True,OK
002_20200901_083505(8).txt,0,0 0.7642405063291139 0.5783132530120482 0.03481012658227848 0.030120481927710843,True,OK
002_20200901_083510(2).txt,0,0 0.7800632911392406 0.4683734939759036 0.03481012658227848 0.03313253012048193,True,OK
002_20200901_083514(7).txt,0,0 0.7943037974683544 0.5210843373493976 0.03164556962025317 0.030120481927710843,True,OK
002_20200901_123049(7).txt,0,0 0.8006329113924051 0.44728915662650603 0.04430379746835443 0.02710843373493976,True,OK
002_20200901_123052(7).txt,0,0 0.7784810126582279 0.4819277108433735 0.03164556962025317 0.030120481927710843,True,OK
002_20200901_123100(3).txt,0,0 0.8085443037974683 0.5240963855421686 0.028481012658227847 0.03614457831325301,True,OK
002_20200901_123104(8).txt,0,0 0.7911392405063291 0.5105421686746988 0.03164556962025317 0.03313253012048193,True,OK
002_20200901_123109(2).txt,0,0 0.805379746835443 0.5376506024096386 0.03481012658227848 0.03313253012048193,True,OK
002_20200901_191340(2).txt,0,0 0.7848101265822784 0.46536144578313254 0.03164556962025317 0.02710843373493976,True,OK
002_20200901_191343(2).txt,0,0 0.7895569620253164 0.5346385542168675 0.028481012658227847 0.03313253012048193,True,OK
002_20200901_191346(1).txt,0,0 0.7943037974683544 0.4939759036144578 0.03164556962025317 0.030120481927710843,True,OK
002_20200901_191348(8).txt,0,0 0.7816455696202531 0.4307228915662651 0.03164556962025317 0.030120481927710843,True,OK
002_20200901_191351(5).txt,0,0 0.7658227848101266 0.552710843373494 0.0379746835443038 0.03313253012048193,True,OK
002_20200904_230054(2).txt,0,0 0.7626582278481012 0.4322289156626506 0.03164556962025317 0.03313253012048193,True,OK
002_20200904_230057(6).txt,0,0 0.7943037974683544 0.5135542168674698 0.03164556962025317 0.02710843373493976,True,OK
002_20200904_230105(4).txt,0,0 0.7848101265822784 0.44126506024096385 0.03164556962025317 0.02710843373493976,True,OK
002_20200905_003315(2).txt,0,0 0.7943037974683544 0.5240963855421686 0.03164556962025317 0.03614457831325301,True,OK
002_20200905_003319(2).txt,0,0 0.7943037974683544 0.5015060240963856 0.03164556962025317 0.02710843373493976,True,OK
002_20200905_003323(3).txt,0,0 0.7911392405063291 0.5 0.03164556962025317 0.030120481927710843,True,OK
002_20200905_003327(3).txt,0,0 0.7816455696202531 0.5045180722891566 0.03164556962025317 0.03313253012048193,True,OK
002_20200905_003331(2).txt,0,0 0.7958860759493671 0.5075301204819277 0.028481012658227847 0.02710843373493976,True,OK
002_20200905_003335(3).txt,0,0 0.7895569620253164 0.5150602409638554 0.028481012658227847 0.030120481927710843,True,OK
002_20200905_043156(0).txt,0,0 0.805379746835443 0.5180722891566265 0.028481012658227847 0.030120481927710843,True,OK
002_20200905_043200(0).txt,0,0 0.8117088607594937 0.5301204819277109 0.028481012658227847 0.030120481927710843,True,OK
002_20200905_043204(0).txt,0,0 0.7958860759493671 0.5256024096385542 0.03481012658227848 0.02710843373493976,True,OK
002_20200905_043208(0).txt,0,0 0.7753164556962026 0.5271084337349398 0.03164556962025317 0.024096385542168676,True,OK
002_20200905_043212(1).txt,0,0 0.7784810126582279 0.5210843373493976 0.02531645569620253 0.030120481927710843,True,OK
002_20200905_043216(0).txt,0,0 0.8069620253164557 0.5301204819277109 0.03164556962025317 0.030120481927710843,True,OK
002_20200905_083407(3).txt,0,0 0.7753164556962026 0.46536144578313254 0.03164556962025317 0.02710843373493976,True,OK
002_20200905_083410(5).txt,0,0 0.7911392405063291 0.4894578313253012 0.03164556962025317 0.03313253012048193,True,OK
002_20200905_083413(6).txt,0,0 0.7943037974683544 0.4352409638554217 0.02531645569620253 0.02710843373493976,True,OK
002_20200905_083416(3).txt,0,0 0.7927215189873418 0.3810240963855422 0.028481012658227847 0.02710843373493976,True,OK
002_20200905_083419(3).txt,0,0 0.7848101265822784 0.5572289156626506 0.02531645569620253 0.03614457831325301,True,OK
002_20200905_083422(4).txt,0,0 0.7879746835443038 0.5376506024096386 0.03164556962025317 0.03313253012048193,True,OK
002_20200905_123055(0).txt,0,0 0.7990506329113924 0.4246987951807229 0.028481012658227847 0.024096385542168676,True,OK
002_20200905_123058(4).txt,0,0 0.7626582278481012 0.463855421686747 0.02531645569620253 0.030120481927710843,True,OK
002_20200905_123102(0).txt,0,0 0.7879746835443038 0.4713855421686747 0.03164556962025317 0.02108433734939759,True,OK
002_20200905_123103(4).txt,0,0 0.7800632911392406 0.45331325301204817 0.03481012658227848 0.02710843373493976,True,OK
002_20200905_123105(0).txt,0,0 0.7626582278481012 0.4819277108433735 0.02531645569620253 0.03614457831325301,True,OK
002_20200905_123107(5).txt,0,0 0.7689873417721519 0.44126506024096385 0.0379746835443038 0.03313253012048193,True,OK
002_20200905_123108(4).txt,0,0 0.7974683544303798 0.4894578313253012 0.03164556962025317 0.0391566265060241,True,OK
002_20200905_123111(6).txt,0,0 0.7974683544303798 0.37801204819277107 0.03164556962025317 0.03313253012048193,True,OK
002_20200905_123112(0).txt,0,0 0.7721518987341772 0.44126506024096385 0.02531645569620253 0.03313253012048193,True,OK
002_20200905_163920(4).txt,0,0 0.7674050632911392 0.4894578313253012 0.028481012658227847 0.03313253012048193,True,OK
002_20200905_163922(9).txt,0,0 0.7943037974683544 0.4759036144578313 0.0379746835443038 0.030120481927710843,True,OK
002_20200905_163924(2).txt,0,0 0.7642405063291139 0.45331325301204817 0.028481012658227847 0.02710843373493976,True,OK
002_20200905_163926(4).txt,0,0 0.7800632911392406 0.4307228915662651 0.028481012658227847 0.030120481927710843,True,OK
002_20200905_163928(3).txt,0,0 0.7800632911392406 0.4307228915662651 0.028481012658227847 0.030120481927710843,True,OK
002_20200905_163929(7).txt,0,0 0.7800632911392406 0.4006024096385542 0.028481012658227847 0.030120481927710843,True,OK
002_20200905_163932(3).txt,0,0 0.7784810126582279 0.41566265060240964 0.03164556962025317 0.03614457831325301,True,OK
002_20200905_163932(9).txt,0,0 0.7974683544303798 0.463855421686747 0.03164556962025317 0.03614457831325301,True,OK
002_20200905_163936(2).txt,0,0 0.7737341772151899 0.4608433734939759 0.03481012658227848 0.030120481927710843,True,OK
002_20200905_163936(3).txt,0,0 0.7974683544303798 0.42168674698795183 0.03164556962025317 0.030120481927710843,True,OK
002_20200905_163939(7).txt,0,0 0.8037974683544303 0.3930722891566265 0.03164556962025317 0.02710843373493976,True,OK
002_20200905_163940(2).txt,0,0 0.7911392405063291 0.5120481927710844 0.02531645569620253 0.024096385542168676,True,OK
002_20200905_203836(3).txt,0,0 0.8069620253164557 0.411144578313253 0.03164556962025317 0.02710843373493976,True,OK
002_20200905_203840(3).txt,0,0 0.7958860759493671 0.411144578313253 0.028481012658227847 0.02710843373493976,True,OK
002_20200905_203844(2).txt,0,0 0.7863924050632911 0.5798192771084337 0.03481012658227848 0.02710843373493976,True,OK
002_20200905_203848(4).txt,0,0 0.7800632911392406 0.48493975903614456 0.028481012658227847 0.030120481927710843,True,OK
002_20200905_203856(3).txt,0,0 0.7753164556962026 0.7228915662650602 0.0379746835443038 0.030120481927710843,True,OK
002_20200905_203900(3).txt,0,0 0.7927215189873418 0.7168674698795181 0.028481012658227847 0.030120481927710843,True,OK
002_20200905_204033(3).txt,0,0 0.8180379746835443 0.5225903614457831 0.03481012658227848 0.02710843373493976,True,OK
002_20200905_204039(5).txt,0,0 0.7879746835443038 0.6234939759036144 0.03164556962025317 0.030120481927710843,True,OK
002_20200905_204042(9).txt,0,0 0.7974683544303798 0.5030120481927711 0.02531645569620253 0.024096385542168676,True,OK
002_20200905_204046(0).txt,0,0 0.7879746835443038 0.5150602409638554 0.03164556962025317 0.024096385542168676,True,OK
002_20200905_204049(1).txt,0,0 0.7990506329113924 0.49096385542168675 0.022151898734177215 0.030120481927710843,True,OK
002_20200905_204052(3).txt,0,0 0.7768987341772152 0.5225903614457831 0.028481012658227847 0.02710843373493976,True,OK
002_20200906_003059(0).txt,0,0 0.7816455696202531 0.4819277108433735 0.02531645569620253 0.030120481927710843,True,OK
002_20200906_003114(0).txt,0,0 0.7911392405063291 0.4789156626506024 0.03164556962025317 0.03614457831325301,True,OK
002_20200906_003114(8).txt,0,0 0.7911392405063291 0.44728915662650603 0.0379746835443038 0.03313253012048193,True,OK
002_20200906_003117(3).txt,0,0 0.7927215189873418 0.5120481927710844 0.03481012658227848 0.03614457831325301,True,OK
002_20200906_003118(7).txt,0,0 0.7943037974683544 0.42319277108433734 0.03164556962025317 0.02710843373493976,True,OK
002_20200906_003120(8).txt,0,0 0.8006329113924051 0.5557228915662651 0.03164556962025317 0.02710843373493976,True,OK
002_20200906_003122(7).txt,0,0 0.8006329113924051 0.4759036144578313 0.03164556962025317 0.030120481927710843,True,OK
002_20200906_003124(0).txt,0,0 0.7974683544303798 0.46536144578313254 0.0379746835443038 0.02710843373493976,True,OK
002_20200906_003126(8).txt,0,0 0.7816455696202531 0.44879518072289154 0.02531645569620253 0.030120481927710843,True,OK
002_20200906_003127(3).txt,0,0 0.7990506329113924 0.5030120481927711 0.028481012658227847 0.03614457831325301,True,OK
002_20200906_003130(7).txt,0,0 0.7784810126582279 0.4563253012048193 0.03164556962025317 0.03313253012048193,True,OK
002_20200906_003132(7).txt,0,0 0.7911392405063291 0.47289156626506024 0.03164556962025317 0.024096385542168676,True,OK
002_20200907_184813(1).txt,0,0 0.805379746835443 0.32981927710843373 0.022151898734177215 0.02710843373493976,True,OK
002_20200907_184815(7).txt,0,0 0.7705696202531646 0.7304216867469879 0.028481012658227847 0.02710843373493976,True,OK
002_20200907_184818(2).txt,0,0 0.7658227848101266 0.4954819277108434 0.02531645569620253 0.03313253012048193,True,OK
002_20200907_184823(7).txt,0,0 0.7974683544303798 0.5692771084337349 0.02531645569620253 0.03614457831325301,True,OK
002_20200907_184826(3).txt,0,0 0.7879746835443038 0.5798192771084337 0.03164556962025317 0.02108433734939759,True,OK
002_20200907_184828(8).txt,0,0 0.7721518987341772 0.5271084337349398 0.03164556962025317 0.030120481927710843,True,OK
002_20200907_204635(5).txt,0,0 0.7737341772151899 0.3463855421686747 0.03481012658227848 0.030120481927710843,True,OK
002_20200907_204640(0).txt,0,0 0.8006329113924051 0.5331325301204819 0.03164556962025317 0.030120481927710843,True,OK
002_20200907_204644(5).txt,0,0 0.7943037974683544 0.4382530120481928 0.03164556962025317 0.03313253012048193,True,OK
002_20200907_204649(0).txt,0,0 0.7689873417721519 0.3313253012048193 0.03164556962025317 0.030120481927710843,True,OK
002_20200907_204653(4).txt,0,0 0.7848101265822784 0.3855421686746988 0.03164556962025317 0.03614457831325301,True,OK
