base_name,image_path,label_path,actual_format,width,height,channels,num_boxes,file_sha256,pixel_hash,label_sha256,machine,date,group_id
001_20200622_203305(8),C:\kamp\4. X-ray\dataset\라벨링 6종 세트\images 400\001_20200622_203305(8).jpg,C:\kamp\4. X-ray\dataset\라벨링 6종 세트\labels\001_20200622_203305(8).txt,BMP,576,444,3,3,3cfff7db4f96afbc4468678c149619cd9c23c1bb80bb02728b392731e77e522a,2dc9d3448506186d01dc4da2497eff95,beacc3ef7875fb3ff6e932e43388a6f8a99590db908f64487df91a5c2f644a94,Machine_3,20200622,Machine_3_20200622
001_20200622_203309(1),C:\kamp\4. X-ray\dataset\라벨링 6종 세트\images 400\001_20200622_203309(1).jpg,C:\kamp\4. X-ray\dataset\라벨링 6종 세트\labels\001_20200622_203309(1).txt,BMP,576,444,3,3,ecd2d4ae690b73b87a1458351d7495191df8377668e3b51133b9680a87352546,4197473b123c328680fe3bdd8423a069,f11feaf4aeeaecfba595478080f53ba00ccd38cb20ff1a6e3f33ee718dcd6e1a,Machine_3,20200622,Machine_3_20200622
001_20200622_203312(6),C:\kamp\4. X-ray\dataset\라벨링 6종 세트\images 400\001_20200622_203312(6).jpg,C:\kamp\4. X-ray\dataset\라벨링 6종 세트\labels\001_20200622_203312(6).txt,BMP,576,444,3,3,fb1226063c07c68a2b650efaf3590a3ab0c87afd7e27603d3cba4d1420f09fa9,e4e3c7d0c01f6c602281696104408331,23d2a26f38d5f6c86ffafc6860c7e965870f84d9dd54a29bc2ce720bcb249745,Machine_3,20200622,Machine_3_20200622
001_20200622_203316(0),C:\kamp\4. X-ray\dataset\라벨링 6종 세트\images 400\001_20200622_203316(0).jpg,C:\kamp\4. X-ray\dataset\라벨링 6종 세트\labels\001_20200622_203316(0).txt,BMP,576,444,3,3,93687b659caccbc15e75b6a724a48ad63d66952309ec05d4f257e97413c21e3a,887c0a3e3f307f59e1a508e14f15cbe7,29a0779224f6fcc5c717fce7b644e331d25818aa01070a0a791b289690929058,Machine_3,20200622,Machine_3_20200622
001_20200622_203319(4),C:\kamp\4. X-ray\dataset\라벨링 6종 세트\images 400\001_20200622_203319(4).jpg,C:\kamp\4. X-ray\dataset\라벨링 6종 세트\labels\001_20200622_203319(4).txt,BMP,576,444,3,3,cc28ab10437bff69a7b07121a2250fb52bde216ee4340817c80eb0388bff3f9b,6a3c884f911783b2058bfc4c2b57c018,b6efa2ea290bf86b11de2de2e480447be4a15c6c20b79e973a343d7636a1556e,Machine_3,20200622,Machine_3_20200622
001_20200622_203330(3),C:\kamp\4. X-ray\dataset\라벨링 6종 세트\images 400\001_20200622_203330(3).jpg,C:\kamp\4. X-ray\dataset\라벨링 6종 세트\labels\001_20200622_203330(3).txt,BMP,576,444,3,3,60dc2ad3de146c3e31852c4e660c50a027fbebccd9ead3e647a3676c62257f92,92f1b1accd0fea4cf56eddf33dd144db,7b23b878531e9b9227ad319fd396918a45cf25906ec7b195d4ab54ab47919d85,Machine_3,20200622,Machine_3_20200622
001_20200623_003516(8),C:\kamp\4. X-ray\dataset\라벨링 6종 세트\images 400\001_20200623_003516(8).jpg,C:\kamp\4. X-ray\dataset\라벨링 6종 세트\labels\001_20200623_003516(8).txt,BMP,576,444,3,3,fd847b99571b54537e816b2dd5f08ae9b4a4b007835d2df0d8920a8a26d9c4a8,8635ea71bca1c67ef1503afa9c37b4dd,fac5b8f5df457bcc84a1cb795d92de897e91dc5e8e623f8a5612e9c46112679b,Machine_3,20200623,Machine_3_20200623
001_20200623_003520(5),C:\kamp\4. X-ray\dataset\라벨링 6종 세트\images 400\001_20200623_003520(5).jpg,C:\kamp\4. X-ray\dataset\라벨링 6종 세트\labels\001_20200623_003520(5).txt,BMP,576,444,3,3,00a65271cb290c926d4674554a673faf5d65b5d41d8140515b0ad99fee3f7482,891d52371dfef586bc1f4ed6c01a1cb9,3007cfe0ebcbfc865ed08be164df00d72345f9b0485727108924325a1c6dfe17,Machine_3,20200623,Machine_3_20200623
001_20200623_003524(0),C:\kamp\4. X-ray\dataset\라벨링 6종 세트\images 400\001_20200623_003524(0).jpg,C:\kamp\4. X-ray\dataset\라벨링 6종 세트\labels\001_20200623_003524(0).txt,BMP,576,444,3,3,8748c627533cf62e3e171fa8f1cda34c6f494f185e714adfb46ac11e8726dbf1,98c9092a99954d7032310f30e6e5ae10,c72e1be91da74927ffd64c80b4e8a33f39af531da597957d679fc7f9c556f134,Machine_3,20200623,Machine_3_20200623
001_20200623_003529(0),C:\kamp\4. X-ray\dataset\라벨링 6종 세트\images 400\001_20200623_003529(0).jpg,C:\kamp\4. X-ray\dataset\라벨링 6종 세트\labels\001_20200623_003529(0).txt,BMP,576,444,3,3,6be542e6d20237f167b01b6695a5127440f9391cc567707d52aaed8c19a8a056,303445fd5317e9f2932b1dd845a046b7,9e7dd344a6dd08bc7943e598204a828d0d31bc88f1b954630fa110778823d49f,Machine_3,20200623,Machine_3_20200623
001_20200623_003532(5),C:\kamp\4. X-ray\dataset\라벨링 6종 세트\images 400\001_20200623_003532(5).jpg,C:\kamp\4. X-ray\dataset\라벨링 6종 세트\labels\001_20200623_003532(5).txt,BMP,576,444,3,3,57debf4573c43a2de56854ab52231d101424afea0786a61147b4430866cd9e63,9305cd7797a784e1dcba0dd4e4160872,15719cbc1c6582055c4aa0a42a526defa074c71f79ec8463bbf5ae6de6b1e174,Machine_3,20200623,Machine_3_20200623
001_20200623_003536(0),C:\kamp\4. X-ray\dataset\라벨링 6종 세트\images 400\001_20200623_003536(0).jpg,C:\kamp\4. X-ray\dataset\라벨링 6종 세트\labels\001_20200623_003536(0).txt,BMP,576,444,3,3,10fd86cf1607b4136220b90e88dcaa3959b46ed3fec1004eeeacb3bff59a54d6,8523b1aa04b4800c68b0886c2051132f,1bd74629eae32f097bc83286f6ec09c446f24f8f956adb3ed399eb3797ce3247,Machine_3,20200623,Machine_3_20200623
001_20200623_043227(1),C:\kamp\4. X-ray\dataset\라벨링 6종 세트\images 400\001_20200623_043227(1).jpg,C:\kamp\4. X-ray\dataset\라벨링 6종 세트\labels\001_20200623_043227(1).txt,BMP,576,444,3,3,021eee3386eea27f783ce4501ccaa816722a5640874f1982d099e91568d35d95,ed3e66d67ba4ceb6e310344edd31c579,016e05725fbc674e65e5a4a585583187002f8f6adec43283a55557673d637681,Machine_3,20200623,Machine_3_20200623
001_20200623_043231(6),C:\kamp\4. X-ray\dataset\라벨링 6종 세트\images 400\001_20200623_043231(6).jpg,C:\kamp\4. X-ray\dataset\라벨링 6종 세트\labels\001_20200623_043231(6).txt,BMP,576,444,3,3,5ce464b64961108553faf2bff478c3bef908fb96ef658147350107a58093edb4,a6c68548833d9109454d0976030d8296,a102ce94deba6f303c0e033bc55cc108e2bd920dc7decb73089f5426bcd9c7fa,Machine_3,20200623,Machine_3_20200623
001_20200623_043236(1),C:\kamp\4. X-ray\dataset\라벨링 6종 세트\images 400\001_20200623_043236(1).jpg,C:\kamp\4. X-ray\dataset\라벨링 6종 세트\labels\001_20200623_043236(1).txt,BMP,576,444,3,3,62d13f642fb05848202670cabb6167f895226d35a03fc81bfbaf16c9ea63fcbd,1f5df774c62d6e92bff4d9cd539618a8,a0d9ed5be6e7872b18dc9857939545956562653fbc82e3723b2464bbec0c17fe,Machine_3,20200623,Machine_3_20200623
001_20200623_043240(6),C:\kamp\4. X-ray\dataset\라벨링 6종 세트\images 400\001_20200623_043240(6).jpg,C:\kamp\4. X-ray\dataset\라벨링 6종 세트\labels\001_20200623_043240(6).txt,BMP,576,444,3,3,f67be3dbd8c82f355d1ae662a6dbb6b681c7dff9676cb10882004e3849f84154,0fa3203f92921b2191a8e4561dbbafb7,3bebac1dff88e8e34249411f9e6f76d56fd44f2214138751aa81fbd74198604b,Machine_3,20200623,Machine_3_20200623
001_20200623_043245(2),C:\kamp\4. X-ray\dataset\라벨링 6종 세트\images 400\001_20200623_043245(2).jpg,C:\kamp\4. X-ray\dataset\라벨링 6종 세트\labels\001_20200623_043245(2).txt,BMP,576,444,3,3,5a01147715371b17b2abefcf0f708b6dd3c2f4f997f14bbd4d3dbae809825008,5464442ac562fb58ded9220c7b995f68,81397cb26c97c8a3fc47085164788ca8a6cd124f71ee344bf2cf0bddea25bb56,Machine_3,20200623,Machine_3_20200623
001_20200623_043249(6),C:\kamp\4. X-ray\dataset\라벨링 6종 세트\images 400\001_20200623_043249(6).jpg,C:\kamp\4. X-ray\dataset\라벨링 6종 세트\labels\001_20200623_043249(6).txt,BMP,576,444,3,3,6fefba2cc83cb5a255074810cb895046fc2e002249474942f9c0cbd50d7410e5,66b7dbd6fe28d525adf4beadcadb7f0c,bc47ec20bf28cebf07e7c9a592313ab6e246b4751b6972e5d3dae2f69354ac51,Machine_3,20200623,Machine_3_20200623
001_20200623_082407(9),C:\kamp\4. X-ray\dataset\라벨링 6종 세트\images 400\001_20200623_082407(9).jpg,C:\kamp\4. X-ray\dataset\라벨링 6종 세트\labels\001_20200623_082407(9).txt,BMP,576,444,3,3,6aa0abfd781fae13898ee4bd453438b9ddbefb80baa4721447ede2c59b240e17,704dcfccbfae81726159b0bfbb851dc6,c0778c60eec3a890baff173f96e75d243953c90d9733ca4921d8dbb89b79953f,Machine_3,20200623,Machine_3_20200623
001_20200623_082411(0),C:\kamp\4. X-ray\dataset\라벨링 6종 세트\images 400\001_20200623_082411(0).jpg,C:\kamp\4. X-ray\dataset\라벨링 6종 세트\labels\001_20200623_082411(0).txt,BMP,576,444,3,3,06640f96170b1c03d397ae3ce73b4c8ad876510165e6bcb7f5218b7ed5582d46,143002b0210de16aa81ea1c2e702dc81,b416fbdc21a7f377544f6ef4f64cffbd24b4e52cb3227ae7740841877bea549d,Machine_3,20200623,Machine_3_20200623
001_20200623_082414(1),C:\kamp\4. X-ray\dataset\라벨링 6종 세트\images 400\001_20200623_082414(1).jpg,C:\kamp\4. X-ray\dataset\라벨링 6종 세트\labels\001_20200623_082414(1).txt,BMP,576,444,3,3,82aad00bf3d68f657bfae7f103faf75404f4812e29ebf5f823c66c874d8e0b3a,ac4610aa6cbe33f49326769291ba06be,f3b3385d10d76702547e448a837c54c0c38949c99aca3a79a9f7719e8e7b9955,Machine_3,20200623,Machine_3_20200623
001_20200623_082416(7),C:\kamp\4. X-ray\dataset\라벨링 6종 세트\images 400\001_20200623_082416(7).jpg,C:\kamp\4. X-ray\dataset\라벨링 6종 세트\labels\001_20200623_082416(7).txt,BMP,576,444,3,3,bd4306616138e0009863fa173b9520ae99033a2a0944f7cf8090eee20c084961,162f1e0d504498f1951f6822656ba6fc,f1e4251c7b6a22b8b23a3ff5c3a900acc756215ebdead5fe921fed94cc2db6af,Machine_3,20200623,Machine_3_20200623
001_20200623_082419(6),C:\kamp\4. X-ray\dataset\라벨링 6종 세트\images 400\001_20200623_082419(6).jpg,C:\kamp\4. X-ray\dataset\라벨링 6종 세트\labels\001_20200623_082419(6).txt,BMP,576,444,3,3,e71a63a8e63f8405e46ee3b3bc7b32b032b19750a2859ac5852a0e073181fd8c,dcee1c2f420755eb45149ef252d777c3,3ffa2986a52ec2c56770f4d47699a0cf8722e9bd151e863dc7ab344a4008a776,Machine_3,20200623,Machine_3_20200623
001_20200623_082422(5),C:\kamp\4. X-ray\dataset\라벨링 6종 세트\images 400\001_20200623_082422(5).jpg,C:\kamp\4. X-ray\dataset\라벨링 6종 세트\labels\001_20200623_082422(5).txt,BMP,576,444,3,3,2ac0a9b9d730bd7ee626ec6fa573d3df40b455afc601ec702a20ed7b8be75403,d9e8a74008275de2a81410aeaec20e15,d46737910069853e322bb22d034f259b236a03f1e511209a67fe30ef27f4012e,Machine_3,20200623,Machine_3_20200623
001_20200623_123214(3),C:\kamp\4. X-ray\dataset\라벨링 6종 세트\images 400\001_20200623_123214(3).jpg,C:\kamp\4. X-ray\dataset\라벨링 6종 세트\labels\001_20200623_123214(3).txt,BMP,576,444,3,3,ef2aaf706b5f740a67d6e9f02d9c2fdf975924b0369268688a2aaeb1ae078d8d,59efd3fdc3aacbbeef8d17ca3e022853,ede45a06d27568bfa1c9ce6e6bc5522e87f18c50012689abcaaafe0e9498f86b,Machine_3,20200623,Machine_3_20200623
001_20200623_123223(3),C:\kamp\4. X-ray\dataset\라벨링 6종 세트\images 400\001_20200623_123223(3).jpg,C:\kamp\4. X-ray\dataset\라벨링 6종 세트\labels\001_20200623_123223(3).txt,BMP,576,444,3,3,91f735a75c0a0f0766b7c99f24a49c2893949442b9910eae64ee5eb707f764b0,ee1e0a9bab3803d6ed96b54f59810c04,06e4bde0e82667f4597ed6fde99640df575c9a165650537a6b30c15eb291812f,Machine_3,20200623,Machine_3_20200623
001_20200623_123232(3),C:\kamp\4. X-ray\dataset\라벨링 6종 세트\images 400\001_20200623_123232(3).jpg,C:\kamp\4. X-ray\dataset\라벨링 6종 세트\labels\001_20200623_123232(3).txt,BMP,576,444,3,3,d25575ddf4ba3d684abf75e38d4c426ac4c3b5e51338ea447636d73f8545ed99,5c496c1d9575a555079b551b5f7288f2,f8e6ae319f7108b7434f7ed90f6a03cb87b236f4a67f4f2f00f986fb7eff6142,Machine_3,20200623,Machine_3_20200623
001_20200623_123236(9),C:\kamp\4. X-ray\dataset\라벨링 6종 세트\images 400\001_20200623_123236(9).jpg,C:\kamp\4. X-ray\dataset\라벨링 6종 세트\labels\001_20200623_123236(9).txt,BMP,576,444,3,3,74ae7d1f661f84319fb19182312317ae1aa5a2df741286ef60322342ef173f99,e229654c052fa60d8c9dc953f5d4a9d6,8e5875ce60952385b9e60f7fa5a9daa172dc02d6e53881301a36f4103b21f192,Machine_3,20200623,Machine_3_20200623
001_20200623_123241(3),C:\kamp\4. X-ray\dataset\라벨링 6종 세트\images 400\001_20200623_123241(3).jpg,C:\kamp\4. X-ray\dataset\라벨링 6종 세트\labels\001_20200623_123241(3).txt,BMP,576,444,3,3,182136646b2f32071566d612c81ea6b12d277c1ebef9a9d4761421e1538015bb,d77b76c9894aa82d679c30471a6787d3,29ea4130525e92dc8e7dd964706b84b3265e1e625ed212853581849e5292e378,Machine_3,20200623,Machine_3_20200623
001_20200623_123245(8),C:\kamp\4. X-ray\dataset\라벨링 6종 세트\images 400\001_20200623_123245(8).jpg,C:\kamp\4. X-ray\dataset\라벨링 6종 세트\labels\001_20200623_123245(8).txt,BMP,576,444,3,3,57533124de3b8d9fe6c33d7c8a5a3bac89c77d5e50b747d8de16e33b4422e39f,4ab61577afa10c9f70be4735f68f1875,c9838ac19a9d045aefa49ccb99f7ede3e6587beae8e99ec7003ed806f04bc586,Machine_3,20200623,Machine_3_20200623
001_20200623_163159(5),C:\kamp\4. X-ray\dataset\라벨링 6종 세트\images 400\001_20200623_163159(5).jpg,C:\kamp\4. X-ray\dataset\라벨링 6종 세트\labels\001_20200623_163159(5).txt,BMP,576,444,3,3,0f45df4e292aea4964dde070782a6b28dc531b259778c20266c0b265503ae6a0,a0fd84f017ccf57fbc79704df0d89ac7,ce8a61829761ea8737b06ff826cfa97465f85eec6b0d908e59b02f392edc37d7,Machine_3,20200623,Machine_3_20200623
001_20200623_163209(3),C:\kamp\4. X-ray\dataset\라벨링 6종 세트\images 400\001_20200623_163209(3).jpg,C:\kamp\4. X-ray\dataset\라벨링 6종 세트\labels\001_20200623_163209(3).txt,BMP,576,444,3,3,5cdc3d77e83eb48c64c73ee8ebe76342095211186f5702c00be18705c7a43976,7e79b7a161d67873ba6ab8f340ca863c,6442058549a0544d8a2d643307eed8e5ca0e80114581d65be630e45c617460fa,Machine_3,20200623,Machine_3_20200623
001_20200623_163212(9),C:\kamp\4. X-ray\dataset\라벨링 6종 세트\images 400\001_20200623_163212(9).jpg,C:\kamp\4. X-ray\dataset\라벨링 6종 세트\labels\001_20200623_163212(9).txt,BMP,576,444,3,3,754e4538c3322eb3824d91488e623fe495d2d364816d939414668c77d58d7045,8c74c819a8bb55e05bdd3a4cf6e81b02,47fb718c60d45fdd5a22a95b979377ba2fc3eaaf4d50462475a50252b55d63a5,Machine_3,20200623,Machine_3_20200623
001_20200623_163216(2),C:\kamp\4. X-ray\dataset\라벨링 6종 세트\images 400\001_20200623_163216(2).jpg,C:\kamp\4. X-ray\dataset\라벨링 6종 세트\labels\001_20200623_163216(2).txt,BMP,576,444,3,3,61a885dfa97a19314a76ea867937c4846d4c49756abf97e7c2006c5862d9817b,8449c895c167a4cb20c8cafa53ab7ab7,1ce6c53fbfe2174499732577e89f0d19022711896a05e5cfbe1fc212ef8116fd,Machine_3,20200623,Machine_3_20200623
001_20200623_163219(5),C:\kamp\4. X-ray\dataset\라벨링 6종 세트\images 400\001_20200623_163219(5).jpg,C:\kamp\4. X-ray\dataset\라벨링 6종 세트\labels\001_20200623_163219(5).txt,BMP,576,444,3,3,e4890b1f5c3c49fe2dfa987cd02efe378cbe52040ef7622b41491ccc1e9c600f,a80075060950a513b8548af73ce6950e,73134d77bad50b83e9572bd2e402023fda38395d8e8348fb57ca5b3579876878,Machine_3,20200623,Machine_3_20200623
001_20200623_163222(9),C:\kamp\4. X-ray\dataset\라벨링 6종 세트\images 400\001_20200623_163222(9).jpg,C:\kamp\4. X-ray\dataset\라벨링 6종 세트\labels\001_20200623_163222(9).txt,BMP,576,444,3,3,f2bd126777716c63db5380391ae7a656a0144b97d7889e139135c305bf936d49,3eeab5d7554f8d74fd368754c0ab6ac4,9ffcebf87865bde2a34b366e47670d9f04b833e8e0ff9c1ec4a6a63998e8ae24,Machine_3,20200623,Machine_3_20200623
001_20200623_203217(4),C:\kamp\4. X-ray\dataset\라벨링 6종 세트\images 400\001_20200623_203217(4).jpg,C:\kamp\4. X-ray\dataset\라벨링 6종 세트\labels\001_20200623_203217(4).txt,BMP,576,444,3,3,93c854581518294120a97df65ce78919252ce7ffc7dda352b845b0e07e91aa33,ddf75144aa75055669b6f3f2872b12c3,91a36936daf149b29a4b2659ff5fe69d8e8d575aceff7ce105872fdf45a0a4ff,Machine_3,20200623,Machine_3_20200623
001_20200623_203222(0),C:\kamp\4. X-ray\dataset\라벨링 6종 세트\images 400\001_20200623_203222(0).jpg,C:\kamp\4. X-ray\dataset\라벨링 6종 세트\labels\001_20200623_203222(0).txt,BMP,576,444,3,3,4184354a2a3c909ab3581f97fce0407c0cc8f6c6ec4edddd65ac2e71050b9ddb,4a62a39378edf116c6bd21ea5e71c9d6,4cdc15a6bb1c12d33ca4f353962521ce8788c0e23d337eeafe309aebda0b6fca,Machine_3,20200623,Machine_3_20200623
001_20200623_203226(3),C:\kamp\4. X-ray\dataset\라벨링 6종 세트\images 400\001_20200623_203226(3).jpg,C:\kamp\4. X-ray\dataset\라벨링 6종 세트\labels\001_20200623_203226(3).txt,BMP,576,444,3,3,8f6f6705c87ab82848ca2417c1775e2ef123d13bdb4fda538a844fe52485a4ac,fdee8eeba6eed4c0325549bba03afe60,c979b21af6f9e7080392b7f94c0cbf1ca91b2de5d7bf787b00fedb7dbc53b201,Machine_3,20200623,Machine_3_20200623
001_20200623_203230(9),C:\kamp\4. X-ray\dataset\라벨링 6종 세트\images 400\001_20200623_203230(9).jpg,C:\kamp\4. X-ray\dataset\라벨링 6종 세트\labels\001_20200623_203230(9).txt,BMP,576,444,3,3,9105aa82e5db50bab44ebc961c5320b7e361c8df3593967adef0c955e05d044e,9151a38606cbd77b69e80d44669d4488,bfad9bd2b3edaa510f33dd574fe3a017b7814c932b1839a7f00086ff1b101260,Machine_3,20200623,Machine_3_20200623
001_20200623_203235(3),C:\kamp\4. X-ray\dataset\라벨링 6종 세트\images 400\001_20200623_203235(3).jpg,C:\kamp\4. X-ray\dataset\라벨링 6종 세트\labels\001_20200623_203235(3).txt,BMP,576,444,3,3,631f5c50df681285daf600c999187e06b82e2f96b51bb4d30588ce3fe6bca2ce,a0cdf1a84fb51c80c1b25970578f1f69,c5a38d06b2ce6a74caa2e5195310751939bd57b5ae234ad79e9bace4a103397c,Machine_3,20200623,Machine_3_20200623
001_20200623_203247(5),C:\kamp\4. X-ray\dataset\라벨링 6종 세트\images 400\001_20200623_203247(5).jpg,C:\kamp\4. X-ray\dataset\라벨링 6종 세트\labels\001_20200623_203247(5).txt,BMP,576,444,3,3,735b364f19148989bbeb56bc2644b29e87a4e728ad0b399748a318d5e675cdbb,7bcf20e1accc1a75e3644d4caaad580e,d6fff4c89299303319682acb431e9f9bbaeee220a6c083cf35f09a39b1117a9e,Machine_3,20200623,Machine_3_20200623
001_20200624_003240(4),C:\kamp\4. X-ray\dataset\라벨링 6종 세트\images 400\001_20200624_003240(4).jpg,C:\kamp\4. X-ray\dataset\라벨링 6종 세트\labels\001_20200624_003240(4).txt,BMP,576,444,3,3,551b24a46d0792cc6d13274dc95f491915b58a15ceb07d1dbcdc874fe75359de,ee0de043ad18b280e0445067a0795d3f,89dbde0a5d6216c25e0cef40d65f314fdf916ddcbefd0e9efc17db3c4b1405bd,Machine_3,20200624,Machine_3_20200624
001_20200624_003244(2),C:\kamp\4. X-ray\dataset\라벨링 6종 세트\images 400\001_20200624_003244(2).jpg,C:\kamp\4. X-ray\dataset\라벨링 6종 세트\labels\001_20200624_003244(2).txt,BMP,576,444,3,3,da45499407aabd9ebf09a480ed99da0f7b1fd7bded08d40ea8fd238561876186,5a37261d461679908182e114fd0b7954,0064079d0f2516b02f6e5f79738f53db9ad5e2328d3a4c94bb90c96884c75686,Machine_3,20200624,Machine_3_20200624
001_20200624_003247(7),C:\kamp\4. X-ray\dataset\라벨링 6종 세트\images 400\001_20200624_003247(7).jpg,C:\kamp\4. X-ray\dataset\라벨링 6종 세트\labels\001_20200624_003247(7).txt,BMP,576,444,3,3,9eb90cc61366c27e27664174f7b99c79a5ea80f332c93115455f591363fc5815,0941b0df74bb5918cd517fb5d3cc5574,5335c26d0aeb6443a2afbdcb5c453dc08f79116dd9a8ab86ff3de62da839690d,Machine_3,20200624,Machine_3_20200624
001_20200624_003251(1),C:\kamp\4. X-ray\dataset\라벨링 6종 세트\images 400\001_20200624_003251(1).jpg,C:\kamp\4. X-ray\dataset\라벨링 6종 세트\labels\001_20200624_003251(1).txt,BMP,576,444,3,3,80f7cdfcf750d28923d0428dd3fa378067effffdececf8eb5b1c9525273ad8be,d79485e8a14d9b946fdffe84923d934d,13f17adb7d8d330c0368eeafb042841d03d54701befffb7a44097e1f47736e25,Machine_3,20200624,Machine_3_20200624
001_20200624_003254(3),C:\kamp\4. X-ray\dataset\라벨링 6종 세트\images 400\001_20200624_003254(3).jpg,C:\kamp\4. X-ray\dataset\라벨링 6종 세트\labels\001_20200624_003254(3).txt,BMP,576,444,3,3,9743a5d96420cd389298a39b11660e8d3ea12421f9bad3a283cb5679047e15a4,5016c8ab8f5e4470685255ab6bf86798,44efa5c614ba8c514d09674e3b47e302d59174243a04cc8e2938d0991b0ad72b,Machine_3,20200624,Machine_3_20200624
001_20200624_003303(5),C:\kamp\4. X-ray\dataset\라벨링 6종 세트\images 400\001_20200624_003303(5).jpg,C:\kamp\4. X-ray\dataset\라벨링 6종 세트\labels\001_20200624_003303(5).txt,BMP,576,444,3,3,10d99aedd608b1bbe0aae8e9cd63ef27500877f795b5689e166d9f7b5b0813fc,8d94ed09bbb9db8eb2d346ecff2113a7,be6d68140518873e125c698f6e8c3be21cd2ad155706236929b273705b4cae35,Machine_3,20200624,Machine_3_20200624
001_20200624_043315(2),C:\kamp\4. X-ray\dataset\라벨링 6종 세트\images 400\001_20200624_043315(2).jpg,C:\kamp\4. X-ray\dataset\라벨링 6종 세트\labels\001_20200624_043315(2).txt,BMP,576,444,3,3,c73aa49fca55e534bde9998998bd26afbffbf1510ecc33a7a3224fce63cd02e6,843c5760111bca2df4ec4f8b4b8f7196,efa2dcd0611c18bb039e66d991fced74fc5d9238b5c0650e9d4eea202bc31662,Machine_3,20200624,Machine_3_20200624
001_20200624_043324(2),C:\kamp\4. X-ray\dataset\라벨링 6종 세트\images 400\001_20200624_043324(2).jpg,C:\kamp\4. X-ray\dataset\라벨링 6종 세트\labels\001_20200624_043324(2).txt,BMP,576,444,3,3,a41de824a9cdbb7e226a8248595343bce50e03d5c245a2da8f1a713cb32bcca8,48e39a7dac0273a8f2c7f7d87dba3083,5e88c5e4c0ffc1e81ab023f0e5cfc41809a6c4a5ec334912f03fdc418f15d21a,Machine_3,20200624,Machine_3_20200624
001_20200624_043328(7),C:\kamp\4. X-ray\dataset\라벨링 6종 세트\images 400\001_20200624_043328(7).jpg,C:\kamp\4. X-ray\dataset\라벨링 6종 세트\labels\001_20200624_043328(7).txt,BMP,576,444,3,3,1db633be999d58339e926633fcf5477938514142ba7c81df80deff896fe43734,17fe4fbdcc93b391a5cbc8cb2c71dc08,5585311de32bbe4f935c9f357773779af97f7268a79ff309dd189e704123db5e,Machine_3,20200624,Machine_3_20200624
001_20200624_043333(2),C:\kamp\4. X-ray\dataset\라벨링 6종 세트\images 400\001_20200624_043333(2).jpg,C:\kamp\4. X-ray\dataset\라벨링 6종 세트\labels\001_20200624_043333(2).txt,BMP,576,444,3,3,1bad6de3b2cb44737a9f76f9043429e1cb431f6466693ca8958817ff26cbad19,d89acfbec99110688f12deb711a7919b,b634569ec0e0db2b35540a891347ba8c6be8b7de45f97b68e4739f14a32aa0e7,Machine_3,20200624,Machine_3_20200624
001_20200624_043337(8),C:\kamp\4. X-ray\dataset\라벨링 6종 세트\images 400\001_20200624_043337(8).jpg,C:\kamp\4. X-ray\dataset\라벨링 6종 세트\labels\001_20200624_043337(8).txt,BMP,576,444,3,3,48936525e6c362c5a72f41bd2bb7803ac86a2f91938825c9f497dceea0d4f8f8,8a52bdf14c74ba33bee9d28534f24d5b,ed585b51c6d5ca7f331e538594bd6dd2ac21beaa389894342f24579c548f27a2,Machine_3,20200624,Machine_3_20200624
001_20200624_043349(7),C:\kamp\4. X-ray\dataset\라벨링 6종 세트\images 400\001_20200624_043349(7).jpg,C:\kamp\4. X-ray\dataset\라벨링 6종 세트\labels\001_20200624_043349(7).txt,BMP,576,444,3,3,ef3321c40f7d266e9bf7a9f3daaa4012cb4aca3a62f097ce0e895d5bb61b3148,0aecf28f30992532594b3f8baadff1e4,a0457e864e1e3da10baf30cfefeba25a2906f07cf660968787f7b801f816c7fe,Machine_3,20200624,Machine_3_20200624
001_20200624_083150(7),C:\kamp\4. X-ray\dataset\라벨링 6종 세트\images 400\001_20200624_083150(7).jpg,C:\kamp\4. X-ray\dataset\라벨링 6종 세트\labels\001_20200624_083150(7).txt,BMP,576,444,3,3,64386d62730e17c36049f8940e8b3714d878b164b3fd3aabbf564c559cb866da,801228e74e83517f6b906f248b04d0d3,dc25311961542def8a2259c92448a7e3b7f7bdc88308d2cde710721587fbb145,Machine_3,20200624,Machine_3_20200624
001_20200624_083153(8),C:\kamp\4. X-ray\dataset\라벨링 6종 세트\images 400\001_20200624_083153(8).jpg,C:\kamp\4. X-ray\dataset\라벨링 6종 세트\labels\001_20200624_083153(8).txt,BMP,576,444,3,3,c8ea032e4569131a2cac03947b2d23097cd2a4cbd544f1764b55aaae565be986,ee8bc97f578e624739bbba54aee9a5fd,ad8137c907dcc67f0f4fb62d948a194f3ef2cf237ba172d08168c5c950e43990,Machine_3,20200624,Machine_3_20200624
001_20200624_083156(9),C:\kamp\4. X-ray\dataset\라벨링 6종 세트\images 400\001_20200624_083156(9).jpg,C:\kamp\4. X-ray\dataset\라벨링 6종 세트\labels\001_20200624_083156(9).txt,BMP,576,444,3,3,c05a018455202b5ec2a72e6a28a459e4cf4cb184df1b718f147ab9543ff1ca75,e0723459dc9c67c61a860bc86cc4b0db,f59a1888b9ef7040c40c07707e566c00106a55e9586e897520dc28212ee4ff16,Machine_3,20200624,Machine_3_20200624
001_20200624_083159(6),C:\kamp\4. X-ray\dataset\라벨링 6종 세트\images 400\001_20200624_083159(6).jpg,C:\kamp\4. X-ray\dataset\라벨링 6종 세트\labels\001_20200624_083159(6).txt,BMP,576,444,3,3,83010ec3a37053ddf9feda64e809a72bed8a8060701bb9c0335b4d1b476b70a6,b9de407701fa375c1a3df3f38b165da4,319d31489bc474b4f7aa5f8261f18be82bbef6b2ab9a8e32ba8eb57e4ddfa235,Machine_3,20200624,Machine_3_20200624
001_20200624_083202(6),C:\kamp\4. X-ray\dataset\라벨링 6종 세트\images 400\001_20200624_083202(6).jpg,C:\kamp\4. X-ray\dataset\라벨링 6종 세트\labels\001_20200624_083202(6).txt,BMP,576,444,3,3,087c3eff39c47f315fb6468bea8e091ca118b68c61f5c23165d2413cd1673c3a,b980f991426f86181949ccc4dcdef78f,ebc4ca696fd08f0d8c15dc5482f3cf2357205e9081b6f930813e9acf381c1b0b,Machine_3,20200624,Machine_3_20200624
001_20200624_083205(7),C:\kamp\4. X-ray\dataset\라벨링 6종 세트\images 400\001_20200624_083205(7).jpg,C:\kamp\4. X-ray\dataset\라벨링 6종 세트\labels\001_20200624_083205(7).txt,BMP,576,444,3,3,549f0bbb25e82fd7d21d28535c3c628f2fa0647d38cbc76aeb79c9a12a2bef42,ad3ee95edbf676d2fee9097a0e9a06b6,30f8bbacfb478db2b220763ff0db36dede641c3c5fde3e1e6f441c30a2103b6b,Machine_3,20200624,Machine_3_20200624
001_20200624_123313(4),C:\kamp\4. X-ray\dataset\라벨링 6종 세트\images 400\001_20200624_123313(4).jpg,C:\kamp\4. X-ray\dataset\라벨링 6종 세트\labels\001_20200624_123313(4).txt,BMP,576,444,3,3,e9236240022af57688bd723c7d4da2a57c23604ae18eb671d1256c4536debfaa,c039a5a314f15d91a3f1bcce486f7236,8203f70e615eb6a152db5a6396fe91a81a595de0177dbc2a132193289e2c545c,Machine_3,20200624,Machine_3_20200624
001_20200624_123317(8),C:\kamp\4. X-ray\dataset\라벨링 6종 세트\images 400\001_20200624_123317(8).jpg,C:\kamp\4. X-ray\dataset\라벨링 6종 세트\labels\001_20200624_123317(8).txt,BMP,576,444,3,3,e20ad9f1c7af020eadbf6647290f64a9d4e3cc095ca6f8dec3f2a335c481aefb,76743ccdc7c6fe3640dc6977ac7a2afb,104cf9abfcea8f34a9bdd8ed6ebe492112b4b959e8f254405967c1d37726b4bb,Machine_3,20200624,Machine_3_20200624
001_20200624_123322(3),C:\kamp\4. X-ray\dataset\라벨링 6종 세트\images 400\001_20200624_123322(3).jpg,C:\kamp\4. X-ray\dataset\라벨링 6종 세트\labels\001_20200624_123322(3).txt,BMP,576,444,3,3,60896011bb35bef686cbd9624c2269ee3aabaf98ba9bf04192743bf8497f7c2e,86826430c7a3cd47b853f8fb055c90c9,3cfeb7fd8fde40b9c83135f567ead2159c53c71c232dc3d405815073faf77b2c,Machine_3,20200624,Machine_3_20200624
001_20200624_123326(6),C:\kamp\4. X-ray\dataset\라벨링 6종 세트\images 400\001_20200624_123326(6).jpg,C:\kamp\4. X-ray\dataset\라벨링 6종 세트\labels\001_20200624_123326(6).txt,BMP,576,444,3,3,42ec46463bcd5370d174450088fb1f35f9aa2b6f9f2a534b78cf09a77f5f9c97,6aac3fdf89db47c5d6f78381e409c221,bd52bc1ce3562560f338f085fe29eabff0c9561c3bd99b61f73231bc5d892f69,Machine_3,20200624,Machine_3_20200624
001_20200624_123331(2),C:\kamp\4. X-ray\dataset\라벨링 6종 세트\images 400\001_20200624_123331(2).jpg,C:\kamp\4. X-ray\dataset\라벨링 6종 세트\labels\001_20200624_123331(2).txt,BMP,576,444,3,3,33a53d6dd88b84c37906b3a6b6852e378aae755cc729c5b8dcfde04e5bfa39e7,27ec43567a55d02d1f0c879697b1655a,dd0b885d747d29ed6ef4449fc4f650794c5c4cc7c765427126d631e714736448,Machine_3,20200624,Machine_3_20200624
001_20200624_123335(6),C:\kamp\4. X-ray\dataset\라벨링 6종 세트\images 400\001_20200624_123335(6).jpg,C:\kamp\4. X-ray\dataset\라벨링 6종 세트\labels\001_20200624_123335(6).txt,BMP,576,444,3,3,64549557ca07266ac6e2583417632f87cc825aac732dbdfe0b90827eccf14543,7ff7fe54d158fb19f3e1eb53226c983c,ba460c6679150917398f75fc26153623b15004c3b6873a0f16b5a5b35ba6f42e,Machine_3,20200624,Machine_3_20200624
001_20200624_162816(3),C:\kamp\4. X-ray\dataset\라벨링 6종 세트\images 400\001_20200624_162816(3).jpg,C:\kamp\4. X-ray\dataset\라벨링 6종 세트\labels\001_20200624_162816(3).txt,BMP,576,444,3,3,ed24df8bf2cfba327b5c025c6f021054d286188ef3a325dcb89b82d188fca2db,85efbfc50cbe9a7025db024b492d0607,b81d3c514b1808879a213623227e7727564e85916ad51fc6ff79017d2bb37aa8,Machine_3,20200624,Machine_3_20200624
001_20200624_162821(2),C:\kamp\4. X-ray\dataset\라벨링 6종 세트\images 400\001_20200624_162821(2).jpg,C:\kamp\4. X-ray\dataset\라벨링 6종 세트\labels\001_20200624_162821(2).txt,BMP,576,444,3,3,f0f4bac33147d1d36082a797105446852712d106b327fb56f2ccdda7e4c53b64,a7b97accd66bd36e29b6580adc424ecb,31daa403e28f790bbaf34eb45f07478440505ca1c18c31637655bfb9e069b9f4,Machine_3,20200624,Machine_3_20200624
001_20200624_162831(2),C:\kamp\4. X-ray\dataset\라벨링 6종 세트\images 400\001_20200624_162831(2).jpg,C:\kamp\4. X-ray\dataset\라벨링 6종 세트\labels\001_20200624_162831(2).txt,BMP,576,444,3,3,fc69ed2ebe4c56f233b4cc445dc10acf759bb52e1517502a9cc2f4e323b6574e,0b77daf18feb76fe9f8838c72a77a260,287cd954a00a87bad5249ae731a2c7795f7717ae3c8004c7177437db0c551c84,Machine_3,20200624,Machine_3_20200624
001_20200624_162835(8),C:\kamp\4. X-ray\dataset\라벨링 6종 세트\images 400\001_20200624_162835(8).jpg,C:\kamp\4. X-ray\dataset\라벨링 6종 세트\labels\001_20200624_162835(8).txt,BMP,576,444,3,3,6d45aedb1522ecff95c2bb6d4fe017253c91d5f3f623ecd0a1f33024014fdcb7,7b2f2c115a6e13d2eecc476da4bee4a2,5c2d68fa4403e6e3b949ce95871275f173a26f9339fbd916c7a3e28d1b6cbb60,Machine_3,20200624,Machine_3_20200624
001_20200624_203149(7),C:\kamp\4. X-ray\dataset\라벨링 6종 세트\images 400\001_20200624_203149(7).jpg,C:\kamp\4. X-ray\dataset\라벨링 6종 세트\labels\001_20200624_203149(7).txt,BMP,576,444,3,3,413f7fb4bfdf9ce7aba6fa124473c8b8908075621c2593209ae90ac379e6e368,06cd9956f87509dd1a6335a1aead7ca6,bb05ce985f0421abed64f43677a07eeff8daff2ea076b7906c34b5f1ccb448e4,Machine_3,20200624,Machine_3_20200624
001_20200624_203154(3),C:\kamp\4. X-ray\dataset\라벨링 6종 세트\images 400\001_20200624_203154(3).jpg,C:\kamp\4. X-ray\dataset\라벨링 6종 세트\labels\001_20200624_203154(3).txt,BMP,576,444,3,3,98a9c9cf79f84db723e32cb96ce9cf758aa279b4fc48debf59f5cc9a107500d9,f38113a2dac5193f464fd5b852af41e0,cd10906c6d338a3d735fbc8d6d4564b9ca69d8a9751a18e8a6c058dfecf461af,Machine_3,20200624,Machine_3_20200624
001_20200624_203203(1),C:\kamp\4. X-ray\dataset\라벨링 6종 세트\images 400\001_20200624_203203(1).jpg,C:\kamp\4. X-ray\dataset\라벨링 6종 세트\labels\001_20200624_203203(1).txt,BMP,576,444,3,3,701e538615c763895d5d258bba80195ff873cf123b8890c3e9d1f2ed43306ad5,133eaa9f47c8366fde7739d68633d5d8,87a2696ebd8e5a90a3b60ee990edeefccbe13123588fb451b4d8b344b4e2d590,Machine_3,20200624,Machine_3_20200624
001_20200624_203207(8),C:\kamp\4. X-ray\dataset\라벨링 6종 세트\images 400\001_20200624_203207(8).jpg,C:\kamp\4. X-ray\dataset\라벨링 6종 세트\labels\001_20200624_203207(8).txt,BMP,576,444,3,3,d2ba628a2d7b5c000806fce267ad9d43c5295cfb057cbc9aa6fae5d1d5915986,7b4cbac92076b53d18d00bcbecf6721d,5b7f85c28ed341ce68325fbbdf79c46702d0a949fb1dc6e4629cf5cc3f89e5e6,Machine_3,20200624,Machine_3_20200624
001_20200624_203212(2),C:\kamp\4. X-ray\dataset\라벨링 6종 세트\images 400\001_20200624_203212(2).jpg,C:\kamp\4. X-ray\dataset\라벨링 6종 세트\labels\001_20200624_203212(2).txt,BMP,576,444,3,3,5f98bf110107a57357ba586e4852b6e8e10595469216cec1bf32174385fcd373,0c74617f92e64d88daa4c930bad69ca5,869ba9ea0224ea3a3cb7ab02970e770358a29d956991de3af1f4fa177709ec3d,Machine_3,20200624,Machine_3_20200624
001_20200624_203225(8),C:\kamp\4. X-ray\dataset\라벨링 6종 세트\images 400\001_20200624_203225(8).jpg,C:\kamp\4. X-ray\dataset\라벨링 6종 세트\labels\001_20200624_203225(8).txt,BMP,576,444,3,3,b4341c3419b9882600b6942cdb91acf539babf7a389e541da682e63060e0f5e6,24870d646b0da67621cb62a216319cf5,cbaef0f90b4126bd8f1802c135d68dbef69ddaaae25e014c3b57902500b5af99,Machine_3,20200624,Machine_3_20200624
001_20200625_003507(0),C:\kamp\4. X-ray\dataset\라벨링 6종 세트\images 400\001_20200625_003507(0).jpg,C:\kamp\4. X-ray\dataset\라벨링 6종 세트\labels\001_20200625_003507(0).txt,BMP,576,444,3,3,762c31ed5d5dcd376cd7111e5aef0911202c6ae7ba09853d3abe893287652bc5,64dcb23daf1b7e73e51c81f2ab29d1d9,8f4620e3ccdb7137a25ce23562585ea36277df2f869f9bfd8013947f54740ff5,Machine_3,20200625,Machine_3_20200625
001_20200625_003511(4),C:\kamp\4. X-ray\dataset\라벨링 6종 세트\images 400\001_20200625_003511(4).jpg,C:\kamp\4. X-ray\dataset\라벨링 6종 세트\labels\001_20200625_003511(4).txt,BMP,576,444,3,3,9ebb5cfa0d60888548435958710b19e7456bf01b676b5b9f1dcc0560b453fcf0,02f6048cb22eeffec28f48c8899d342f,8fbba3bfd2d9f3b0a96f7d748ee0bf5b594be168fbc95f21facbb591ece05daf,Machine_3,20200625,Machine_3_20200625
001_20200625_003515(9),C:\kamp\4. X-ray\dataset\라벨링 6종 세트\images 400\001_20200625_003515(9).jpg,C:\kamp\4. X-ray\dataset\라벨링 6종 세트\labels\001_20200625_003515(9).txt,BMP,576,444,3,3,17f4c5aa8a9ee59d801d4c26ca681ce4888666576c16783bd05bb37b3d994f37,32cf36339cbb1639fb3563c13ece69fe,2172b04468e13f5d49bbc08c62acf37629ef733faabf22a92956a35e9bca7bd3,Machine_3,20200625,Machine_3_20200625
001_20200625_003520(4),C:\kamp\4. X-ray\dataset\라벨링 6종 세트\images 400\001_20200625_003520(4).jpg,C:\kamp\4. X-ray\dataset\라벨링 6종 세트\labels\001_20200625_003520(4).txt,BMP,576,444,3,3,98a6622c2df2228706b62472d4a0eb288d8d796ae4282f608e60a3435418865e,f976f56374954d34e09c634cf04dcd92,82b6c443b33abb5d1080cc568b468a6840cde5bcf680981d757607a0034f8db1,Machine_3,20200625,Machine_3_20200625
001_20200625_003524(9),C:\kamp\4. X-ray\dataset\라벨링 6종 세트\images 400\001_20200625_003524(9).jpg,C:\kamp\4. X-ray\dataset\라벨링 6종 세트\labels\001_20200625_003524(9).txt,BMP,576,444,3,3,370293d6811e5180407fabaa35e495921b3e1c0bfeedc44b39679490b731cc82,96742c9edf8630c87057f94305ce7da0,37764b78fcfdb6375b7fbd1178960cc64a4ab7a920bc6efe9e6e05d65e1df41a,Machine_3,20200625,Machine_3_20200625
001_20200625_003529(2),C:\kamp\4. X-ray\dataset\라벨링 6종 세트\images 400\001_20200625_003529(2).jpg,C:\kamp\4. X-ray\dataset\라벨링 6종 세트\labels\001_20200625_003529(2).txt,BMP,576,444,3,3,df70fde6cf38c0f20c1cd2ded23c917039cf9f0bbb3aec5cacd391d6a8dbdc1a,83541c51db22e60ff7e46c0a97c28cb7,63a4aebda5ffbfa38163c2c284076b2492cfe52ac891194d2bb4a58ca9cbedfd,Machine_3,20200625,Machine_3_20200625
001_20200625_043323(7),C:\kamp\4. X-ray\dataset\라벨링 6종 세트\images 400\001_20200625_043323(7).jpg,C:\kamp\4. X-ray\dataset\라벨링 6종 세트\labels\001_20200625_043323(7).txt,BMP,576,444,3,3,1b707786309cbdc98fb78c7578f5b6b31dcb5aebfe839628259e53e504c390d4,6a38e88dd3a2fff3cc2e75e85664d4e2,b05217f20e6325f8b279c7f205a7550af3613a12125c6bd7556126df7aab182e,Machine_3,20200625,Machine_3_20200625
001_20200625_043328(3),C:\kamp\4. X-ray\dataset\라벨링 6종 세트\images 400\001_20200625_043328(3).jpg,C:\kamp\4. X-ray\dataset\라벨링 6종 세트\labels\001_20200625_043328(3).txt,BMP,576,444,3,3,11ad4454414503ff30fae13461ed0c915bf28398e2c3ebe787e58c465321ee46,c14a8265400f7ca10c01fe5fc8347251,2a6d18c8ca1c78799e235ab044bfed480171a2b950a812100a8b2217839b1883,Machine_3,20200625,Machine_3_20200625
001_20200625_043337(3),C:\kamp\4. X-ray\dataset\라벨링 6종 세트\images 400\001_20200625_043337(3).jpg,C:\kamp\4. X-ray\dataset\라벨링 6종 세트\labels\001_20200625_043337(3).txt,BMP,576,444,3,3,b1ffd5dcdadda9681211797582bdc8dac9d1947f7bcbbf363f31ff1a507b5bfa,374640171ba7d908a00cef03baf986fc,9187ba5141cf3fa9716fdb42818758df64eaf3507dd562ecbd345703e44a167a,Machine_3,20200625,Machine_3_20200625
001_20200625_043341(7),C:\kamp\4. X-ray\dataset\라벨링 6종 세트\images 400\001_20200625_043341(7).jpg,C:\kamp\4. X-ray\dataset\라벨링 6종 세트\labels\001_20200625_043341(7).txt,BMP,576,444,3,3,2cda4f39710dc8c805b17ab12e1ab714eb990e9cad012dc49522eef8e502e433,e27a1c29f61e0bc3892999dc53e46777,e9a40c868ad6a063872ab72db6206bc800768cb285a81d861ddf7330e7a831e7,Machine_3,20200625,Machine_3_20200625
001_20200625_043346(2),C:\kamp\4. X-ray\dataset\라벨링 6종 세트\images 400\001_20200625_043346(2).jpg,C:\kamp\4. X-ray\dataset\라벨링 6종 세트\labels\001_20200625_043346(2).txt,BMP,576,444,3,3,05ee258e84e46ead0f4fc0c579155c33cc6ca6e1b16c436453bc357ca582e7e4,85517e8dbd99814b156b5b0e7d4cd04f,a875b7c93a727ff9ad2f4ac9f27db6a69b6a36fc8e31ee39d14e7908576fcaba,Machine_3,20200625,Machine_3_20200625
001_20200625_043359(8),C:\kamp\4. X-ray\dataset\라벨링 6종 세트\images 400\001_20200625_043359(8).jpg,C:\kamp\4. X-ray\dataset\라벨링 6종 세트\labels\001_20200625_043359(8).txt,BMP,576,444,3,3,16444bb2718d8d2227d4682d51eac2c35318c30444a5bed513038a1c5e25f269,3e0e975340cde308978094df741cddef,4c15e2bca247af2680cea73944b576860accf8e879f72164ba0f57e9e2dc05e4,Machine_3,20200625,Machine_3_20200625
001_20200629_082825(1),C:\kamp\4. X-ray\dataset\라벨링 6종 세트\images 400\001_20200629_082825(1).jpg,C:\kamp\4. X-ray\dataset\라벨링 6종 세트\labels\001_20200629_082825(1).txt,BMP,576,444,3,3,7a3a8b0711fa3e362f25066999b1b2c604b9fcd2d6c654e0a0187eacbe591c21,d025f9263c8db6e26a3bba2c5316e325,32a1461bd2b3d82623d5cbe169b3b64c2e3cfa4789cdf87bdd715c02816e00f0,Machine_3,20200629,Machine_3_20200629
001_20200629_082828(0),C:\kamp\4. X-ray\dataset\라벨링 6종 세트\images 400\001_20200629_082828(0).jpg,C:\kamp\4. X-ray\dataset\라벨링 6종 세트\labels\001_20200629_082828(0).txt,BMP,576,444,3,3,4a04ef71cd3c0581c3b6dec60c921a45ca254dae93edba5fed23f42bd96f59df,f8ce5d20ba81474ebdafa764deeed109,5f0b1de48c94ad6c6eeb79a81f563a3c6388b9b990225af5102c356f220a94c7,Machine_3,20200629,Machine_3_20200629
001_20200629_082831(0),C:\kamp\4. X-ray\dataset\라벨링 6종 세트\images 400\001_20200629_082831(0).jpg,C:\kamp\4. X-ray\dataset\라벨링 6종 세트\labels\001_20200629_082831(0).txt,BMP,576,444,3,3,b7d58485abb08d14f348518f4748213effebf88a50bf3e86c9125fa4b5991732,02d0a0b32ea1111a9d3770f291644f37,f46e7b5ce2acc1088c19e8860d92dda6f9bf91b9cb01af2d47d3c478240a9102,Machine_3,20200629,Machine_3_20200629
001_20200629_082834(2),C:\kamp\4. X-ray\dataset\라벨링 6종 세트\images 400\001_20200629_082834(2).jpg,C:\kamp\4. X-ray\dataset\라벨링 6종 세트\labels\001_20200629_082834(2).txt,BMP,576,444,3,3,8b54e9aeadcb5056a33a85b6a00bff0f2199c459dd71ff246d3fbf342a9cee5a,464ce534d45cbd99fae15573050e1a0e,f7b3fc4de0ffb7ece30d1158cec3eb9a83edabb270c73491855e02d513851368,Machine_3,20200629,Machine_3_20200629
001_20200629_082837(2),C:\kamp\4. X-ray\dataset\라벨링 6종 세트\images 400\001_20200629_082837(2).jpg,C:\kamp\4. X-ray\dataset\라벨링 6종 세트\labels\001_20200629_082837(2).txt,BMP,576,444,3,3,0c0cbdb89b668eea0d4ef0b27fcdfff0c7676f2d988f3b5ad19105598027af84,c1041a3daaa2e349b8831ec45a8a42d7,03b19287162c69ed119d3646ab71fdbf793cec3495cef60b85a6c62d35d551cf,Machine_3,20200629,Machine_3_20200629
001_20200629_082840(2),C:\kamp\4. X-ray\dataset\라벨링 6종 세트\images 400\001_20200629_082840(2).jpg,C:\kamp\4. X-ray\dataset\라벨링 6종 세트\labels\001_20200629_082840(2).txt,BMP,576,444,3,3,2bc73626d83e20688f3a9638ee24fd8988bc5cae938bca4cca300cb1e96db9f8,abcc500cf962d41af62fdd243dd17f1e,e1380e17cf00d3808c29a18bbe21e7e763a1d0ee92d42f09f0e1c53e574d2544,Machine_3,20200629,Machine_3_20200629
001_20200629_082905(4),C:\kamp\4. X-ray\dataset\라벨링 6종 세트\images 400\001_20200629_082905(4).jpg,C:\kamp\4. X-ray\dataset\라벨링 6종 세트\labels\001_20200629_082905(4).txt,BMP,576,444,3,3,625d0b794b32346b0658c02f8ad9ef9b2840e3d7829a7047ab6f3db636a80361,b764399e66d38013f2f8cd735cfc2920,547dfba46707b2be09e165334a04ffe98507abf58860e303777affe7afc7aadc,Machine_3,20200629,Machine_3_20200629
001_20200629_123107(1),C:\kamp\4. X-ray\dataset\라벨링 6종 세트\images 400\001_20200629_123107(1).jpg,C:\kamp\4. X-ray\dataset\라벨링 6종 세트\labels\001_20200629_123107(1).txt,BMP,576,444,3,3,2e81c9f93d092fe78591b27c086f91f70d5fe3d3bc65b906643ca685265451b6,fabc10074575bd376ed0a4f76f3a1fe6,c30c84eec966a7b7eabac88dce6183c46cc5d8257869568bdb182a098543f382,Machine_3,20200629,Machine_3_20200629
001_20200629_123111(6),C:\kamp\4. X-ray\dataset\라벨링 6종 세트\images 400\001_20200629_123111(6).jpg,C:\kamp\4. X-ray\dataset\라벨링 6종 세트\labels\001_20200629_123111(6).txt,BMP,576,444,3,3,218bcc622d325a323d9d3b51332e9369d1b5adde39aece5ee6eae121011a8b86,4b201bfc711d9b1c04e0efe375a25bc5,b034de50cb5b2135700dafcab21ea3d11caeb21736f50fe951ac60d2ac875ff9,Machine_3,20200629,Machine_3_20200629
001_20200629_123116(1),C:\kamp\4. X-ray\dataset\라벨링 6종 세트\images 400\001_20200629_123116(1).jpg,C:\kamp\4. X-ray\dataset\라벨링 6종 세트\labels\001_20200629_123116(1).txt,BMP,576,444,3,3,0bb372c0b665ce3331b59b9dbc2f2e033ae1ffb358cc034609e56d7a513ff9c3,963ea5639a14c59aad0e93ead067b126,c6af18aa8300a2273c89eba4718a8e1ad136619d60be9614e6bb89cc592a5806,Machine_3,20200629,Machine_3_20200629
001_20200629_123120(6),C:\kamp\4. X-ray\dataset\라벨링 6종 세트\images 400\001_20200629_123120(6).jpg,C:\kamp\4. X-ray\dataset\라벨링 6종 세트\labels\001_20200629_123120(6).txt,BMP,576,444,3,3,6daaa5f20dc43bdbeb2dd58105f8f333787fe1c47ad28d4d669ff05c499824aa,234066a580880cb4f59788caa08b6a05,48eba56f0911184eda2af97435e16ed8083387fa9df44e215ce3b7aff00e6767,Machine_3,20200629,Machine_3_20200629
001_20200629_123125(2),C:\kamp\4. X-ray\dataset\라벨링 6종 세트\images 400\001_20200629_123125(2).jpg,C:\kamp\4. X-ray\dataset\라벨링 6종 세트\labels\001_20200629_123125(2).txt,BMP,576,444,3,3,63f456185844ad399be2236e7b47fdf17efa35ed7e37aac078bdc27510818129,d65513a89f43676cb894c52e7d19f21d,f1a3766706d211aba08ebb097d7baf5d78827f8bc40102a32f603dc1d63e117a,Machine_3,20200629,Machine_3_20200629
001_20200727_204954(7),C:\kamp\4. X-ray\dataset\라벨링 6종 세트\images 400\001_20200727_204954(7).jpg,C:\kamp\4. X-ray\dataset\라벨링 6종 세트\labels\001_20200727_204954(7).txt,BMP,576,444,3,1,03d3704d9fab82fbbebcfb4440bf31787ef09e917642484f631f76dcfbfa2eb0,b355d52ab49503b1ba542c30092a6fe7,e7eff7083839c98b26bf98bb799d9a78e223f57a197ee6f5616f718d2b2efcbe,Machine_3,20200727,Machine_3_20200727
001_20200727_204958(2),C:\kamp\4. X-ray\dataset\라벨링 6종 세트\images 400\001_20200727_204958(2).jpg,C:\kamp\4. X-ray\dataset\라벨링 6종 세트\labels\001_20200727_204958(2).txt,BMP,576,444,3,1,f4f6c0afdf897f16e426a87f492c917a885481af4cde00cf413178e06a12f84d,ba49e3765109695189d73d133598691e,7c22c83dda144996b84cc981b95aeaa34a4882d70ce5d7b2a4e7848896af828e,Machine_3,20200727,Machine_3_20200727
001_20200728_014351(3),C:\kamp\4. X-ray\dataset\라벨링 6종 세트\images 400\001_20200728_014351(3).jpg,C:\kamp\4. X-ray\dataset\라벨링 6종 세트\labels\001_20200728_014351(3).txt,BMP,576,444,3,1,09c079821ed220c3f464e2fee229162dae868c8a7086636b23a2c91dccf6b3c3,d292eb2627c10fa01d67acce9a7bbba7,9bcc10677f47f4521203cb677e869359cfa09928b642172f2c68d6e9df92c3b8,Machine_3,20200728,Machine_3_20200728
001_20200728_014355(2),C:\kamp\4. X-ray\dataset\라벨링 6종 세트\images 400\001_20200728_014355(2).jpg,C:\kamp\4. X-ray\dataset\라벨링 6종 세트\labels\001_20200728_014355(2).txt,BMP,576,444,3,1,006d7d693986c626b618b5178a0db0fffe61aadda0d41b88a1f3daa33c35c1ab,0bcd89c3fa20aa48446384b783fcf260,bb1dab65b582ac83718aabe6a3060632a03b804b4d82b08458a64d637fb944df,Machine_3,20200728,Machine_3_20200728
001_20200728_043138(3),C:\kamp\4. X-ray\dataset\라벨링 6종 세트\images 400\001_20200728_043138(3).jpg,C:\kamp\4. X-ray\dataset\라벨링 6종 세트\labels\001_20200728_043138(3).txt,BMP,576,444,3,1,096b78d8d8a68dc3c4f4caa2bb09ac075114e31bbdad1fe64599886a7edc356b,f3e12f5610c1dfeb83bacedfab579c2e,7b6ecebd7e7184fb6278d726d3cad336df8d2f13db63cf4e31f6b6fabd1ac167,Machine_3,20200728,Machine_3_20200728
001_20200728_043141(5),C:\kamp\4. X-ray\dataset\라벨링 6종 세트\images 400\001_20200728_043141(5).jpg,C:\kamp\4. X-ray\dataset\라벨링 6종 세트\labels\001_20200728_043141(5).txt,BMP,576,444,3,1,b24e834340c780efd64eaa8cee1b438e6a2701f9b70c5ce9c3349317ab0aa753,ed49f6ca83b41a01c706c8a7ffc722c7,be1cb4398577ce18eb890068bf8241ac01ae4621e69fa5b539fc7d444516076b,Machine_3,20200728,Machine_3_20200728
001_20200728_083108(2),C:\kamp\4. X-ray\dataset\라벨링 6종 세트\images 400\001_20200728_083108(2).jpg,C:\kamp\4. X-ray\dataset\라벨링 6종 세트\labels\001_20200728_083108(2).txt,BMP,576,444,3,1,8cc07b26e98e731d0a1c8979e5286558e4eb98347777f2f4dfb84068d0fc304f,78864cb9ab0e6a0b92bac8cf39f59698,6c030cdf9853e221bc65063e2de69405ba0ef0d93dcc88712acdb27d217645ee,Machine_3,20200728,Machine_3_20200728
001_20200728_083116(1),C:\kamp\4. X-ray\dataset\라벨링 6종 세트\images 400\001_20200728_083116(1).jpg,C:\kamp\4. X-ray\dataset\라벨링 6종 세트\labels\001_20200728_083116(1).txt,BMP,576,444,3,1,661853cdfc2fc9da917edc1be0f7f07ea0283769d9f17a1e6f688a1d5812c903,c8d3c4833674c2a24a8739ffaad67faf,931ff79ba853d9207ce8b3f5cd0d4112b4f01ac5f5091f021423132f9452db35,Machine_3,20200728,Machine_3_20200728
001_20200728_123129(2),C:\kamp\4. X-ray\dataset\라벨링 6종 세트\images 400\001_20200728_123129(2).jpg,C:\kamp\4. X-ray\dataset\라벨링 6종 세트\labels\001_20200728_123129(2).txt,BMP,576,444,3,1,852ac73ce25daa263a147294418a0711451d2e44ab640ab394127ee5e9eb4fa5,c687e895436e001bfe462c7523e0e269,70d27b99bdbc326a563c40e157973b20cfe0687b5e647f9afeae4a6f0b1924b9,Machine_3,20200728,Machine_3_20200728
001_20200728_123132(4),C:\kamp\4. X-ray\dataset\라벨링 6종 세트\images 400\001_20200728_123132(4).jpg,C:\kamp\4. X-ray\dataset\라벨링 6종 세트\labels\001_20200728_123132(4).txt,BMP,576,444,3,1,6ece35ae97321d8bace52bb56361c6558ef0c85ac9b93f9718d3471eb9cbe81d,57d98af823df582af401a38b88e5c645,058bf9a6200ff85308c0e5d4ea081fca71526dfe8301271bedcd5ad9dd57f848,Machine_3,20200728,Machine_3_20200728
001_20200728_163910(5),C:\kamp\4. X-ray\dataset\라벨링 6종 세트\images 400\001_20200728_163910(5).jpg,C:\kamp\4. X-ray\dataset\라벨링 6종 세트\labels\001_20200728_163910(5).txt,BMP,576,444,3,1,37f027878025b20d1f98e7edc158be8415e3d613e179db12fa59ae80a41e7237,8e05f24cce321c954421001f5eea7cfe,ddd4179a85a6605592245fb3dd830fca139a6aa7cb3896509ea13625dc492cb2,Machine_3,20200728,Machine_3_20200728
001_20200728_163913(6),C:\kamp\4. X-ray\dataset\라벨링 6종 세트\images 400\001_20200728_163913(6).jpg,C:\kamp\4. X-ray\dataset\라벨링 6종 세트\labels\001_20200728_163913(6).txt,BMP,576,444,3,1,73ee0523fc7b3b9fe0e823a7882f7a2a18176c685df49ab9bf92d5a4960d9011,065c7da01754fa746878100a46088083,2625178cafa7a12ac3b5e7099fa2f65c5c2773598406085f49fc7e068445d3a8,Machine_3,20200728,Machine_3_20200728
001_20200810_085043(8),C:\kamp\4. X-ray\dataset\라벨링 6종 세트\images 400\001_20200810_085043(8).jpg,C:\kamp\4. X-ray\dataset\라벨링 6종 세트\labels\001_20200810_085043(8).txt,BMP,576,444,3,1,9290b0442697b3d15d808ac4a72dad3f74d893884108b7e23c2785c1c53baa91,60429f9884ee9d0a9551a46535acaf91,a654c9d50b03777d99441a0bf11cc1d84ddbdce6aa56f292b728a9950e1df2ba,Machine_3,20200810,Machine_3_20200810
001_20200810_123047(8),C:\kamp\4. X-ray\dataset\라벨링 6종 세트\images 400\001_20200810_123047(8).jpg,C:\kamp\4. X-ray\dataset\라벨링 6종 세트\labels\001_20200810_123047(8).txt,BMP,576,444,3,1,bf270759f570037cf7c1afe71cee25b6da11598a752a65b6b7f1f58d043a5f99,1fe46a859c6c73e10040d0f7f28add6c,43c61aee738698dd8dfa98ca38d8c1ac1f6490bc4b08e42213bf21d240577196,Machine_3,20200810,Machine_3_20200810
001_20200810_123051(3),C:\kamp\4. X-ray\dataset\라벨링 6종 세트\images 400\001_20200810_123051(3).jpg,C:\kamp\4. X-ray\dataset\라벨링 6종 세트\labels\001_20200810_123051(3).txt,BMP,576,444,3,1,4d7e58ef381c9d0cba8eb6f676b43c9c4abf96a46f9afa4ba2d585740673ba82,4a4ea397d26bd49559e471fd7bed94ed,054c6291c49443e19cec6f7677af7cf267abeaad0fb2cdb3e04a422e5f289db3,Machine_3,20200810,Machine_3_20200810
001_20200810_163112(8),C:\kamp\4. X-ray\dataset\라벨링 6종 세트\images 400\001_20200810_163112(8).jpg,C:\kamp\4. X-ray\dataset\라벨링 6종 세트\labels\001_20200810_163112(8).txt,BMP,576,444,3,1,020b37e3dee5ee824b12df9a77c22efbff8e96758c38378aa3241cb7ddf89b84,4bb6fbb379e303b83a62804b14fee593,a06cdac9a0845120a41b9ce49b4db9a01f7ed46a0d33297c2c2b61f8f9aa31f4,Machine_3,20200810,Machine_3_20200810
001_20200810_163116(0),C:\kamp\4. X-ray\dataset\라벨링 6종 세트\images 400\001_20200810_163116(0).jpg,C:\kamp\4. X-ray\dataset\라벨링 6종 세트\labels\001_20200810_163116(0).txt,BMP,576,444,3,1,54b577e3130b11aceed2b864241332c7ccad602a2279039a9f09e1e5c867ad0f,9feb2e939a3a4903a99019ab1b0c42e9,a1eae7998e98eb89cf5bf911ab96040096ce2b0a8f424e72cdcd41b98bc2e0c6,Machine_3,20200810,Machine_3_20200810
001_20200810_203208(7),C:\kamp\4. X-ray\dataset\라벨링 6종 세트\images 400\001_20200810_203208(7).jpg,C:\kamp\4. X-ray\dataset\라벨링 6종 세트\labels\001_20200810_203208(7).txt,BMP,576,444,3,1,2155f776869e5aaba52858ea48da3ce4fd062e7012702f92ecdf70e0e01545d1,13b71d697b154ce188b2834068029d7a,bf17e26606f984f0eb8c16c594b3ad24b25a5aea69fde4c7ba74ae5caba93807,Machine_3,20200810,Machine_3_20200810
001_20200810_203212(6),C:\kamp\4. X-ray\dataset\라벨링 6종 세트\images 400\001_20200810_203212(6).jpg,C:\kamp\4. X-ray\dataset\라벨링 6종 세트\labels\001_20200810_203212(6).txt,BMP,576,444,3,1,8756acf6e6d0a930fe56a201998fb152d066ee455a2af2fc1da8dca3abe015f3,4af827e1a9c80c51d9406645f2cd406f,7b11439d8c3e57af3f53f53c8c36df4d705b576b384a1771b663ef175a059537,Machine_3,20200810,Machine_3_20200810
001_20200811_003323(2),C:\kamp\4. X-ray\dataset\라벨링 6종 세트\images 400\001_20200811_003323(2).jpg,C:\kamp\4. X-ray\dataset\라벨링 6종 세트\labels\001_20200811_003323(2).txt,BMP,576,444,3,1,b7a927bb323e617a6cd58f8f6dcd744f2d0d0407b410a22b3b2db6753cb704d6,52ca951801602ccd70b3e0af74a1e547,71570a6725f76902a3fc0594c8a10085381fa19480b17805335f8235dbaca7b1,Machine_3,20200811,Machine_3_20200811
001_20200811_003327(0),C:\kamp\4. X-ray\dataset\라벨링 6종 세트\images 400\001_20200811_003327(0).jpg,C:\kamp\4. X-ray\dataset\라벨링 6종 세트\labels\001_20200811_003327(0).txt,BMP,576,444,3,1,cd760373ea98175418e82b7ad9bc2ac3addba77d8d26fed6d613c82b95df845e,7bec8de060790988ead3f9193fe8c7ec,c3e746735544ce54d24b69c56c12eec914e85a4c0002b24fcd5ca1d7f6fe24a2,Machine_3,20200811,Machine_3_20200811
001_20200811_043037(3),C:\kamp\4. X-ray\dataset\라벨링 6종 세트\images 400\001_20200811_043037(3).jpg,C:\kamp\4. X-ray\dataset\라벨링 6종 세트\labels\001_20200811_043037(3).txt,BMP,576,444,3,1,ca8d30952af457806b80ab82ce41ba89935ed319fc3cc4070f2972f08b0fe787,b89885544c6baad3f197a5d6e17213df,defef782a150cf5242a4b35db0c136ac2757e65fcda3b42ab121fbd5af55bf02,Machine_3,20200811,Machine_3_20200811
001_20200811_043041(6),C:\kamp\4. X-ray\dataset\라벨링 6종 세트\images 400\001_20200811_043041(6).jpg,C:\kamp\4. X-ray\dataset\라벨링 6종 세트\labels\001_20200811_043041(6).txt,BMP,576,444,3,1,06b08ceff216c48234521089adb7153fefd9907a059151152a8bb71e8a0157a2,61b00b0459ae49ef442b56f3b96c303e,f582c3afa19ac2d5f9036e873537e39d1ab7c6bcb1bc56ca440386c4865a4324,Machine_3,20200811,Machine_3_20200811
001_20200814_033012(7),C:\kamp\4. X-ray\dataset\라벨링 6종 세트\images 400\001_20200814_033012(7).jpg,C:\kamp\4. X-ray\dataset\라벨링 6종 세트\labels\001_20200814_033012(7).txt,BMP,576,444,3,1,437c555649ed56ef833fab08a572ed33e7c31fbce738da8beedaaa9f9987acbc,9f371fa941d7fe418b05234391691d67,d31a3b5c698dbe275e736d0862f617e7ef28816885fe8e193d77eafbd47a1812,Machine_3,20200814,Machine_3_20200814
001_20200814_033016(6),C:\kamp\4. X-ray\dataset\라벨링 6종 세트\images 400\001_20200814_033016(6).jpg,C:\kamp\4. X-ray\dataset\라벨링 6종 세트\labels\001_20200814_033016(6).txt,BMP,576,444,3,1,604737c6b0ff8e4d188c5a833aff1dddacecb9efca68366c9cf67be9409ded94,41fb7ae0ea357aa667c6d2e3eeaa78d3,b77971e1960a78423d90464e8e952e65ce0d38852e2702fedab06bbc09736bce,Machine_3,20200814,Machine_3_20200814
001_20200814_043321(6),C:\kamp\4. X-ray\dataset\라벨링 6종 세트\images 400\001_20200814_043321(6).jpg,C:\kamp\4. X-ray\dataset\라벨링 6종 세트\labels\001_20200814_043321(6).txt,BMP,576,444,3,1,15cc012890d39e079a041eb37af9c68b1ff0cedbd9d570ed3521dba6b657fae5,f64e03eee0ed0611dd8ec485c75b4f39,746eacc25892b16278ee07711fb32f0816534013d40367549da4c22ebcbea40e,Machine_3,20200814,Machine_3_20200814
001_20200814_083045(8),C:\kamp\4. X-ray\dataset\라벨링 6종 세트\images 400\001_20200814_083045(8).jpg,C:\kamp\4. X-ray\dataset\라벨링 6종 세트\labels\001_20200814_083045(8).txt,BMP,576,444,3,1,2529fde3baeadd854a37530bf35f086cf12e887e09e394ae34fff795255a5479,f66c17d637f595a418237aaddeeb3adb,96701b9b2b96bffa811b0c1a320b76de260530354b55651778ac2121e0326bfc,Machine_3,20200814,Machine_3_20200814
001_20200814_083051(9),C:\kamp\4. X-ray\dataset\라벨링 6종 세트\images 400\001_20200814_083051(9).jpg,C:\kamp\4. X-ray\dataset\라벨링 6종 세트\labels\001_20200814_083051(9).txt,BMP,576,444,3,1,744f309a63e84743fce63ea5c804623fd0b293a6279f5b83a06402826352cf1b,3abada4c6947fb1d5f17e9c5602c84e3,ff056ff9753bc4ccf3127b5a3ca519d858987f6d9147418bbcd4bca8a21a729a,Machine_3,20200814,Machine_3_20200814
001_20200814_123136(2),C:\kamp\4. X-ray\dataset\라벨링 6종 세트\images 400\001_20200814_123136(2).jpg,C:\kamp\4. X-ray\dataset\라벨링 6종 세트\labels\001_20200814_123136(2).txt,BMP,576,444,3,1,ff1be609bfb7c6ae6bf0bfb240f4309ab537cd43939b8bf56be36a114e345fed,f8fcce3000c3342a9f00877bde1ac6dd,c96a1caa055296533bdfba05146cdbf49026aff13a3f0a9ab088818d5af63d26,Machine_3,20200814,Machine_3_20200814
001_20200814_123143(5),C:\kamp\4. X-ray\dataset\라벨링 6종 세트\images 400\001_20200814_123143(5).jpg,C:\kamp\4. X-ray\dataset\라벨링 6종 세트\labels\001_20200814_123143(5).txt,BMP,576,444,3,1,33c84f79c32c7ead7aec4b754b4444713d897d2526f9ad39cbd6982bd1a069e0,36935d0a4ce6079a0998e2bffedbc6c1,07b2e31f986f862e485334c9e7059d7607acececd1a470153e0fe3d87d4e034c,Machine_3,20200814,Machine_3_20200814
001_20200814_163101(7),C:\kamp\4. X-ray\dataset\라벨링 6종 세트\images 400\001_20200814_163101(7).jpg,C:\kamp\4. X-ray\dataset\라벨링 6종 세트\labels\001_20200814_163101(7).txt,BMP,576,444,3,1,7f3d8aed925f3797c08d0074c049c6cdc727c4c0addd0848bb77ae39f3d5adb2,378e17a95c2f4ea4a9f101de3a1e3463,376a48d59221a76f6581c6ebd3760b9d224a5a4da0f45a88bab670c6cca7c6b9,Machine_3,20200814,Machine_3_20200814
001_20200814_163105(1),C:\kamp\4. X-ray\dataset\라벨링 6종 세트\images 400\001_20200814_163105(1).jpg,C:\kamp\4. X-ray\dataset\라벨링 6종 세트\labels\001_20200814_163105(1).txt,BMP,576,444,3,1,003fb52cdab399a8397014275b05d6d94651c100d3dc299287c111858976938f,e31a9834fbc25ca51f55d2593576a772,9c76f40b49d86d8156ffc762803e0dcdbd134f0595f10258125c5f33a14546b9,Machine_3,20200814,Machine_3_20200814
001_20200814_203438(9),C:\kamp\4. X-ray\dataset\라벨링 6종 세트\images 400\001_20200814_203438(9).jpg,C:\kamp\4. X-ray\dataset\라벨링 6종 세트\labels\001_20200814_203438(9).txt,BMP,576,444,3,1,1fe6082ffde7585d851b6c2f261c5a279f93f3ca11962e79ebc860e2922f0862,7d480c57730a0c1cfc90b48f03941015,1da8c6742ab6442f50ba7a37064895aa7b9fb0f8b9b23d63489bb24a07b26045,Machine_3,20200814,Machine_3_20200814
001_20200814_203442(4),C:\kamp\4. X-ray\dataset\라벨링 6종 세트\images 400\001_20200814_203442(4).jpg,C:\kamp\4. X-ray\dataset\라벨링 6종 세트\labels\001_20200814_203442(4).txt,BMP,576,444,3,1,324ac3bbc22f05d0ecee1ab1bded5782fb77136e78fa9c3c0a171fc36525560f,9b3936183a1e0c1b6b13c3b95b3a8ae4,cc2b2d600453d310b89229c9367614928a98702c1f9119ef831742d96ca403ba,Machine_3,20200814,Machine_3_20200814
001_20200815_003438(6),C:\kamp\4. X-ray\dataset\라벨링 6종 세트\images 400\001_20200815_003438(6).jpg,C:\kamp\4. X-ray\dataset\라벨링 6종 세트\labels\001_20200815_003438(6).txt,BMP,576,444,3,1,a573f0c691f0b7388bf836ce77eef063131058da79469c2d88e06c07c3c50994,3d76549163071c4cc46a61cdccbad24a,c55e999f1bcdab9f5dccacb8f2321cca38a707116db964b82afcde09db825d81,Machine_3,20200815,Machine_3_20200815
001_20200815_003529(0),C:\kamp\4. X-ray\dataset\라벨링 6종 세트\images 400\001_20200815_003529(0).jpg,C:\kamp\4. X-ray\dataset\라벨링 6종 세트\labels\001_20200815_003529(0).txt,BMP,576,444,3,1,5610178b080fad0de9f61cdc67805c946081a9c8f041b0d6a3e0ad35e936a970,3cdbc43d51987fc3a77c59f5206f4f07,4ccd824565057357e90edf9a498c8ff4730d043bb4d94202d34bd4bd61585ae0,Machine_3,20200815,Machine_3_20200815
001_20200818_083145(2),C:\kamp\4. X-ray\dataset\라벨링 6종 세트\images 400\001_20200818_083145(2).jpg,C:\kamp\4. X-ray\dataset\라벨링 6종 세트\labels\001_20200818_083145(2).txt,BMP,576,444,3,1,0a9ceb19f42f445da7f4e2315ffd2520b68c2f6b4ce39897dce5608f1154ec9e,0e061028822cf66bdc5d7e1d22f19ba9,725806869f2192ba19353e45e783a3dba1543935e45d51b9aa503d732d63185e,Machine_3,20200818,Machine_3_20200818
001_20200818_083159(7),C:\kamp\4. X-ray\dataset\라벨링 6종 세트\images 400\001_20200818_083159(7).jpg,C:\kamp\4. X-ray\dataset\라벨링 6종 세트\labels\001_20200818_083159(7).txt,BMP,576,444,3,1,98f55291350525f3b8838b05370b7001da6023fa428da80ee358fd9b921d4f24,d036b71e777d70d2fc19a4cbb35d293c,597d8bbc0b5692604f309cd00cfdf3f2569847c3191b40f785cb62ff8d09906e,Machine_3,20200818,Machine_3_20200818
001_20200818_123634(4),C:\kamp\4. X-ray\dataset\라벨링 6종 세트\images 400\001_20200818_123634(4).jpg,C:\kamp\4. X-ray\dataset\라벨링 6종 세트\labels\001_20200818_123634(4).txt,BMP,576,444,3,1,a84eee264b359f98b6b93e1b5d01f7d6a8cc6667b19125986ab2449aa66a5ed8,4164fd4361f4df9d4328ef890d7f4d94,539f75795012b57d4df855cc386218668f83e1f21597c632ca4200305fb1ac00,Machine_3,20200818,Machine_3_20200818
001_20200818_163230(6),C:\kamp\4. X-ray\dataset\라벨링 6종 세트\images 400\001_20200818_163230(6).jpg,C:\kamp\4. X-ray\dataset\라벨링 6종 세트\labels\001_20200818_163230(6).txt,BMP,576,444,3,1,5812ec9a4b6ba4ef715597e2d1677a3eb9158734e9a3ad4a06674200ff9b38d0,8a3ad0e10950ddd1017a76b2bd0faf7f,fdd7e0a9b707656513a585c0b89cf97764fda0bbb6e5fc97785a6a5a31b034c7,Machine_3,20200818,Machine_3_20200818
001_20200818_163233(9),C:\kamp\4. X-ray\dataset\라벨링 6종 세트\images 400\001_20200818_163233(9).jpg,C:\kamp\4. X-ray\dataset\라벨링 6종 세트\labels\001_20200818_163233(9).txt,BMP,576,444,3,1,deca16358dd48af8f5251dc9640c7f83e61e81afb1ff6a7fc8b086aaedc54563,ba18dd79f2234333a70176def87c57f3,e9e547536d81e00588c8d237f5621c5e26446fd64ded0877a24b89c96ae96d61,Machine_3,20200818,Machine_3_20200818
001_20200818_203601(4),C:\kamp\4. X-ray\dataset\라벨링 6종 세트\images 400\001_20200818_203601(4).jpg,C:\kamp\4. X-ray\dataset\라벨링 6종 세트\labels\001_20200818_203601(4).txt,BMP,576,444,3,1,ffa430b64d165c8d1fa9148640bd2e7af4fed80c46ea1b0318d5857257374cff,49d56bcbcb54dbb028b815200cbdd209,6a5a06cc4af002f1b6d83963479f5e1ec734df09636eaf1bf445bf8f98a69d55,Machine_3,20200818,Machine_3_20200818
001_20200818_203607(4),C:\kamp\4. X-ray\dataset\라벨링 6종 세트\images 400\001_20200818_203607(4).jpg,C:\kamp\4. X-ray\dataset\라벨링 6종 세트\labels\001_20200818_203607(4).txt,BMP,576,444,3,1,c96b62968fa4ccb8caed0e97844d25e7f6bcfac14a8f4cbc49bcf9c76583598a,db89dce3ea4d8714378e042ed2841318,397f272e5ca620e985ee1b4a482d94f0ed9e1456458da2739fce7ac477227b07,Machine_3,20200818,Machine_3_20200818
001_20200819_003039(4),C:\kamp\4. X-ray\dataset\라벨링 6종 세트\images 400\001_20200819_003039(4).jpg,C:\kamp\4. X-ray\dataset\라벨링 6종 세트\labels\001_20200819_003039(4).txt,BMP,576,444,3,1,2c9fe592ba889b5eb8edb7829b95af041a73de09bee09759554900643ee26e07,153e42bec8cb0a783eeab4bdb6780aed,fce7b7f6ad7274739b21aad385ba03b8445eca502df9b624877d6a257b3a8e36,Machine_3,20200819,Machine_3_20200819
001_20200819_003044(1),C:\kamp\4. X-ray\dataset\라벨링 6종 세트\images 400\001_20200819_003044(1).jpg,C:\kamp\4. X-ray\dataset\라벨링 6종 세트\labels\001_20200819_003044(1).txt,BMP,576,444,3,1,e87cadaaeb6c302e700092101961c768f8ebc1b82bd7a49ef139ac2786fb796f,c22b23c7ac87b8f43df1c019ef63db32,77ed8e35a12f69a1576cd57426d348082d82fd448d0523c586c38d7ba08d55f8,Machine_3,20200819,Machine_3_20200819
001_20200819_043209(9),C:\kamp\4. X-ray\dataset\라벨링 6종 세트\images 400\001_20200819_043209(9).jpg,C:\kamp\4. X-ray\dataset\라벨링 6종 세트\labels\001_20200819_043209(9).txt,BMP,576,444,3,1,c6fc640577b45e26e21fa5ad8c3144fab5e5cb4a9dd820701d1a85482f054d77,71668b048ad02bc8f5fdde0c36bb5627,4483611773c3f7b64e91800e64f19dbd5496f545021861d2c653ad958da4c59e,Machine_3,20200819,Machine_3_20200819
001_20200819_043216(0),C:\kamp\4. X-ray\dataset\라벨링 6종 세트\images 400\001_20200819_043216(0).jpg,C:\kamp\4. X-ray\dataset\라벨링 6종 세트\labels\001_20200819_043216(0).txt,BMP,576,444,3,1,a9587fc84896fdb3f81cbc30b9739ef00898599d4edacc5a8a0420ff3a61e73f,281cf161310f984d2431273c46d4a6b9,96095c8f974ae4d3788f14bb99121c90452db13987f6afe86b5bba7efad1a04e,Machine_3,20200819,Machine_3_20200819
001_20200819_083353(5),C:\kamp\4. X-ray\dataset\라벨링 6종 세트\images 400\001_20200819_083353(5).jpg,C:\kamp\4. X-ray\dataset\라벨링 6종 세트\labels\001_20200819_083353(5).txt,BMP,576,444,3,1,bbd60721419f3c48dbb31168ba5c69bf6c78d20253fd4d6d68fe50be15c003be,968afa0d32f0a4edef4670f18f7e42a4,f92cd6c218ac945a77e49196e4a89706248fc5b505338d32ffda8d7987181782,Machine_3,20200819,Machine_3_20200819
001_20200819_083401(0),C:\kamp\4. X-ray\dataset\라벨링 6종 세트\images 400\001_20200819_083401(0).jpg,C:\kamp\4. X-ray\dataset\라벨링 6종 세트\labels\001_20200819_083401(0).txt,BMP,576,444,3,1,31fc7a32e1161e170c50d5fd5bd87a5f1b6e0c58616f688dc1107fe4fa335075,8fcdd63b18fe792dbc9b76b493dcc71f,616fe924c9256301664557b8b81ee793130f8da0b5bbf5a2c593c7b2daf5ae4a,Machine_3,20200819,Machine_3_20200819
001_20200819_124414(0),C:\kamp\4. X-ray\dataset\라벨링 6종 세트\images 400\001_20200819_124414(0).jpg,C:\kamp\4. X-ray\dataset\라벨링 6종 세트\labels\001_20200819_124414(0).txt,BMP,576,444,3,1,0992265a3431c78433ea15e12ee830e29ff915b3fadf24856d10f051947eedb9,af67e837e6738991d39bd7393315ff0b,41f62573168a16b422ae1c2d9285325eaea08912597f99bbdcf7060900cf7fab,Machine_3,20200819,Machine_3_20200819
001_20200819_124415(9),C:\kamp\4. X-ray\dataset\라벨링 6종 세트\images 400\001_20200819_124415(9).jpg,C:\kamp\4. X-ray\dataset\라벨링 6종 세트\labels\001_20200819_124415(9).txt,BMP,576,444,3,1,f42837e506b2d04f5614f4280b59ef3df506cbb883904378ed1e108cde9caac5,4dd48453c245d8e081962995ef6fcfff,ec4d5cbd9bf43e7ee4ae56d777da847b443e68d01e1d597f958ea4cc22bae193,Machine_3,20200819,Machine_3_20200819
001_20200819_162723(4),C:\kamp\4. X-ray\dataset\라벨링 6종 세트\images 400\001_20200819_162723(4).jpg,C:\kamp\4. X-ray\dataset\라벨링 6종 세트\labels\001_20200819_162723(4).txt,BMP,576,444,3,1,09390b56371e7f11f132c22dd57f049d3f79067c66e4212fb0b1182cbb21ce0a,ef582c4f04784b251d06ff7fd7f3a525,d980a852853dc8da586f623e172ad11cee07d7e160c1c8fd57d3281b598c4316,Machine_3,20200819,Machine_3_20200819
001_20200821_150525(5),C:\kamp\4. X-ray\dataset\라벨링 6종 세트\images 400\001_20200821_150525(5).jpg,C:\kamp\4. X-ray\dataset\라벨링 6종 세트\labels\001_20200821_150525(5).txt,BMP,576,444,3,1,00dd910fe498ec69bfc964eb451246e5cf1361e3f617660525dc118ee8d114bf,26d66569c66c182dacc4ac16a5ae7681,ba05f9bed411edb5c665ef8c8ddb43aca91d0da5e0509f57843546c2a43311f7,Machine_3,20200821,Machine_3_20200821
001_20200821_150529(4),C:\kamp\4. X-ray\dataset\라벨링 6종 세트\images 400\001_20200821_150529(4).jpg,C:\kamp\4. X-ray\dataset\라벨링 6종 세트\labels\001_20200821_150529(4).txt,BMP,576,444,3,1,ecd118c907039cf3437d07ae16f87bbaf1ba201840b4a83f543db85e24214b4f,5b9c62e85e9e51fa0da181c4827ff92e,0c6fbf823ae35f0ae97e7cec3ab05dc81e42869a6eab4da3fac05ac43081f171,Machine_3,20200821,Machine_3_20200821
001_20200821_163349(7),C:\kamp\4. X-ray\dataset\라벨링 6종 세트\images 400\001_20200821_163349(7).jpg,C:\kamp\4. X-ray\dataset\라벨링 6종 세트\labels\001_20200821_163349(7).txt,BMP,576,444,3,1,319586f2ba1ebdfaa654d789f31952412c81931d709c1bd9721b635861487b33,ce8c926208db27269b2f5c9f57e79486,fefb863d8f21b6059a222cdea1e01550a303a4027d882be33a84425e677a2684,Machine_3,20200821,Machine_3_20200821
001_20200821_163353(8),C:\kamp\4. X-ray\dataset\라벨링 6종 세트\images 400\001_20200821_163353(8).jpg,C:\kamp\4. X-ray\dataset\라벨링 6종 세트\labels\001_20200821_163353(8).txt,BMP,576,444,3,1,70ce15246f298768bf7e72be1c254f070b80f8a778068abba0c897bc6f5e7d2c,5ee8797530054232e5fcb4f738b19e61,d97f9ee61b4f1853866a4692f325ff287cdf936e587e800637985076fd5aa30c,Machine_3,20200821,Machine_3_20200821
001_20200826_023328(3),C:\kamp\4. X-ray\dataset\라벨링 6종 세트\images 400\001_20200826_023328(3).jpg,C:\kamp\4. X-ray\dataset\라벨링 6종 세트\labels\001_20200826_023328(3).txt,BMP,576,444,3,1,a28f162bab086a2ef8360db6f6d267ede7fd96763eb1ece2eb3135fe1db62940,b2c5b5ecdb23b405a6261fbc9c6a9895,c7f6ec4c4ae53a14aa23bd437294ab7f2843d29183bc01685112f13e83f6303f,Machine_3,20200826,Machine_3_20200826
001_20200826_023332(5),C:\kamp\4. X-ray\dataset\라벨링 6종 세트\images 400\001_20200826_023332(5).jpg,C:\kamp\4. X-ray\dataset\라벨링 6종 세트\labels\001_20200826_023332(5).txt,BMP,576,444,3,1,1a2478a51ed68378478d97677d7b3c90dcc7f073514c6c82098ef3c37cf60757,090b1f98065bd5fafaf65b945efc264a,e3ec3ae34c7fa7a375cacd724834b6d818b17fefe19fd4aefa2b19001ae55774,Machine_3,20200826,Machine_3_20200826
001_20200826_043252(8),C:\kamp\4. X-ray\dataset\라벨링 6종 세트\images 400\001_20200826_043252(8).jpg,C:\kamp\4. X-ray\dataset\라벨링 6종 세트\labels\001_20200826_043252(8).txt,BMP,576,444,3,1,e6952e6b02593308d5637237a4d0a98c3c7ce8c7ef326205a360288c3a2fa429,a727c005ee271c850dc12e8a09264651,1c7aceddab50acb6055eafe7bed488dccdc3bbf45dcd649ccfc6b39163df7117,Machine_3,20200826,Machine_3_20200826
001_20200826_043255(8),C:\kamp\4. X-ray\dataset\라벨링 6종 세트\images 400\001_20200826_043255(8).jpg,C:\kamp\4. X-ray\dataset\라벨링 6종 세트\labels\001_20200826_043255(8).txt,BMP,576,444,3,1,3f78091c534e15b620ff751c5ac7bbd4d5420e0a85619805507a34979822d1ae,f40b17fa7ddf24db151d5ee9be94d5f0,485bad587dc87e4249e9db03b0a499fab0a7dfddf77701c19e0a8dd8f6a01f96,Machine_3,20200826,Machine_3_20200826
001_20200826_123711(3),C:\kamp\4. X-ray\dataset\라벨링 6종 세트\images 400\001_20200826_123711(3).jpg,C:\kamp\4. X-ray\dataset\라벨링 6종 세트\labels\001_20200826_123711(3).txt,BMP,576,444,3,1,3d14609e245f2f1ec1b5696d851bc1b0cd123f2564b623389dc959b70ba12f16,e65ed1c29a9f1e5b419777ec3077f3b1,5b78b13888514682877becd4d1c39d7e47402dc1387fb1a1159c2a9d57610d47,Machine_3,20200826,Machine_3_20200826
001_20200826_123714(5),C:\kamp\4. X-ray\dataset\라벨링 6종 세트\images 400\001_20200826_123714(5).jpg,C:\kamp\4. X-ray\dataset\라벨링 6종 세트\labels\001_20200826_123714(5).txt,BMP,576,444,3,1,0859717c626098127bfb26f7ca43cb79dc71d7a0f3ac7ea2f7aa58712bae479b,7c1d21d48a692b0606c7e90feaf688a1,3c695c98a38c181ad3469014a7a1da344acf0dd0d78264f262b0e7316b0d5f18,Machine_3,20200826,Machine_3_20200826
001_20200831_083711(6),C:\kamp\4. X-ray\dataset\라벨링 6종 세트\images 400\001_20200831_083711(6).jpg,C:\kamp\4. X-ray\dataset\라벨링 6종 세트\labels\001_20200831_083711(6).txt,BMP,576,444,3,1,c1f6ad5e80091a404637849aa87e3a9acde81c7a10510c359d0da134e3b8a10c,d3d5c9a58f3c8ea60bbf05235ad78ac9,4c5cf45e3fd99d678324f5b5af5975d77cdfc922da027b26068e447b13e5b85c,Machine_3,20200831,Machine_3_20200831
001_20200831_083714(8),C:\kamp\4. X-ray\dataset\라벨링 6종 세트\images 400\001_20200831_083714(8).jpg,C:\kamp\4. X-ray\dataset\라벨링 6종 세트\labels\001_20200831_083714(8).txt,BMP,576,444,3,1,36c2bb375f8a6e62712a81a4e7c9ecb5a854e38d9e98e837521f5a0331399a87,0efe1a4c953b3e620c728f86a5c97edf,a2d9c4a45bd6d4b33403c3be38c2f17539c2e755e3b1092aab005e73056b633c,Machine_3,20200831,Machine_3_20200831
001_20200831_123316(5),C:\kamp\4. X-ray\dataset\라벨링 6종 세트\images 400\001_20200831_123316(5).jpg,C:\kamp\4. X-ray\dataset\라벨링 6종 세트\labels\001_20200831_123316(5).txt,BMP,576,444,3,1,af01421d115b6a24fda6cf2ee03fed8c670eac16a49046785ca94a85358cd9ab,b26b87606bf03645459d3904f8a7da32,88533991cf9b376c6dde4a45571c48435156e7fdb8ac4ac99eea13811248c793,Machine_3,20200831,Machine_3_20200831
001_20200922_163332(2),C:\kamp\4. X-ray\dataset\라벨링 6종 세트\images 400\001_20200922_163332(2).jpg,C:\kamp\4. X-ray\dataset\라벨링 6종 세트\labels\001_20200922_163332(2).txt,BMP,576,444,3,1,85969c58f4c8bfcffb769de3d70c2096b10a89ea2335901000d2b9392647ff3b,fd37e20d57e1c1c233898a69077513c0,a5b7b1759cf3f4ae8430dd38ddc3df07dc3c9e4f05cdb4aacffaaf96762c14a6,Machine_3,20200922,Machine_3_20200922
001_20200922_163335(3),C:\kamp\4. X-ray\dataset\라벨링 6종 세트\images 400\001_20200922_163335(3).jpg,C:\kamp\4. X-ray\dataset\라벨링 6종 세트\labels\001_20200922_163335(3).txt,BMP,576,444,3,1,3fae38d08efe3ad4df78175d169ff2616731e73b139fdcf017899065e57affce,fb20ce1dd33d41b4bf704a4a7b57698b,06bb65a093587f540544b3f347141ea1f0f58a7e4127fd89f803a13918593c26,Machine_3,20200922,Machine_3_20200922
002_20200622_203053(2),C:\kamp\4. X-ray\dataset\라벨링 6종 세트\images 400\002_20200622_203053(2).jpg,C:\kamp\4. X-ray\dataset\라벨링 6종 세트\labels\002_20200622_203053(2).txt,BMP,352,332,3,3,3e69692b147e576c82b2da7218fc849153c30b8cbdbdfd013a6af85c43f40aaf,0fbaf843d62be49709be324c8b081826,dfa57b1c442bfb2cc29c8029c00ed754ec8fd5f951dfb60c7edadf01d482a281,Machine_1,20200622,Machine_1_20200622
002_20200622_203057(3),C:\kamp\4. X-ray\dataset\라벨링 6종 세트\images 400\002_20200622_203057(3).jpg,C:\kamp\4. X-ray\dataset\라벨링 6종 세트\labels\002_20200622_203057(3).txt,BMP,352,332,3,3,3841e1a19f923fb04236cbb9cb55739c0fccc28e175d1a3ea601a15eda9066ad,72d9ccf4857cde66a7ef792bc6356ded,dd7e03878888cc52eb75f1b1e1284ad1bfa80486338094562ff24791a78d8aa7,Machine_1,20200622,Machine_1_20200622
002_20200622_203101(3),C:\kamp\4. X-ray\dataset\라벨링 6종 세트\images 400\002_20200622_203101(3).jpg,C:\kamp\4. X-ray\dataset\라벨링 6종 세트\labels\002_20200622_203101(3).txt,BMP,352,332,3,3,1d261704d69c7e861e3ff77af15675a9bc56b8ddbf0c5ec85038b795e9608b93,5df147cc743fa0ea00241e98a3059d8f,10468611c32bd07a8ecd723ff1bce1d097ff8a5abfb9827b4acb88f3ce0a5f57,Machine_1,20200622,Machine_1_20200622
002_20200622_203105(4),C:\kamp\4. X-ray\dataset\라벨링 6종 세트\images 400\002_20200622_203105(4).jpg,C:\kamp\4. X-ray\dataset\라벨링 6종 세트\labels\002_20200622_203105(4).txt,BMP,352,332,3,3,91e0699d8f2cd27c97463bc4f935cd81488d7a2c113d3e98eda84b41a6178808,9b7bd7ca11cc7e5bb032dba2a147205e,366a1b770c92232a81c52cb1b21df340978bfb721e4a1197c79b2de5c226d81a,Machine_1,20200622,Machine_1_20200622
002_20200622_203109(3),C:\kamp\4. X-ray\dataset\라벨링 6종 세트\images 400\002_20200622_203109(3).jpg,C:\kamp\4. X-ray\dataset\라벨링 6종 세트\labels\002_20200622_203109(3).txt,BMP,352,332,3,3,de57ad04cdfb4dbb4402677ea7ad149a6097de549ff20af9459d2b53b67fcbbb,312748becf548bbbd365b48702757f82,ffe45f1138f424a56e90a92a86662f52acc8936a5ecfe57248a61318447abed4,Machine_1,20200622,Machine_1_20200622
002_20200622_203121(4),C:\kamp\4. X-ray\dataset\라벨링 6종 세트\images 400\002_20200622_203121(4).jpg,C:\kamp\4. X-ray\dataset\라벨링 6종 세트\labels\002_20200622_203121(4).txt,BMP,352,332,3,3,b78d7324419c5ba76bf03205557fb4e98ce333c793f284423ecd2f308b615e5a,6e38226748f404b3664d57e3967120ef,8fcf4c2ea6f348b279435ea9a98351cfa954648628d7f245643230090c44b43e,Machine_1,20200622,Machine_1_20200622
002_20200622_203136(3),C:\kamp\4. X-ray\dataset\라벨링 6종 세트\images 400\002_20200622_203136(3).jpg,C:\kamp\4. X-ray\dataset\라벨링 6종 세트\labels\002_20200622_203136(3).txt,BMP,316,332,3,3,cdcee597594345df6dce662dfa3c2408fa29fec63264c5a43116252f02473c62,cedf61e697139819204135e0cfc49b97,0d1e35737676f3af189e291719a454ffd62240f508a524be2aded26460ce6790,Machine_1,20200622,Machine_1_20200622
002_20200622_203140(8),C:\kamp\4. X-ray\dataset\라벨링 6종 세트\images 400\002_20200622_203140(8).jpg,C:\kamp\4. X-ray\dataset\라벨링 6종 세트\labels\002_20200622_203140(8).txt,BMP,316,332,3,3,4f751ad68902b8015b407430d7f840f47c249543236bd10726b040be1b97d9e9,b06b6f4d645c4e39ded3356e5879d5df,6ecdd02b7aeaa04bfcad86dc5409fa02b618c721b3b94c66de64bd247dd86a23,Machine_1,20200622,Machine_1_20200622
002_20200622_203145(3),C:\kamp\4. X-ray\dataset\라벨링 6종 세트\images 400\002_20200622_203145(3).jpg,C:\kamp\4. X-ray\dataset\라벨링 6종 세트\labels\002_20200622_203145(3).txt,BMP,316,332,3,3,a3a95f811a3501b9a12b716a082aefbb40e0ac56a363bf1f68cf18ffefec446c,db8af3e42dce9b7ae3b518cd89f2bb2c,2602aa141c67ee8a7b177e3d7af835f5c8bb077520355c1bb8a3c6c19042e838,Machine_1,20200622,Machine_1_20200622
002_20200622_203149(8),C:\kamp\4. X-ray\dataset\라벨링 6종 세트\images 400\002_20200622_203149(8).jpg,C:\kamp\4. X-ray\dataset\라벨링 6종 세트\labels\002_20200622_203149(8).txt,BMP,316,332,3,3,2fdde90d308a42176d30c607d638a74da198185adca325897f9fb4f966fa43bd,2457fa4aef8ed0b2b42301fad61e7bd2,da4e33eaa28704299eaf2f585c146a7b85858071e9895c4657d670ca7e0694e4,Machine_1,20200622,Machine_1_20200622
002_20200622_203154(3),C:\kamp\4. X-ray\dataset\라벨링 6종 세트\images 400\002_20200622_203154(3).jpg,C:\kamp\4. X-ray\dataset\라벨링 6종 세트\labels\002_20200622_203154(3).txt,BMP,316,332,3,3,54bee431d214c635d69c0d171632c6cf03e58d34894d412174985badf476bfef,5e8b7d521ce2fdaeb3f1ded880ee14fe,477cd742d93abd26545709136c21aaf72a5587714424ae283727ff707499126d,Machine_1,20200622,Machine_1_20200622
002_20200622_203158(8),C:\kamp\4. X-ray\dataset\라벨링 6종 세트\images 400\002_20200622_203158(8).jpg,C:\kamp\4. X-ray\dataset\라벨링 6종 세트\labels\002_20200622_203158(8).txt,BMP,316,332,3,3,b19247f90caff37dd77dbc43f63b3a4a1c637dcdd2ecf9140797ee89c8502d15,5eeb6fe9457f5dcaaf6050ea9eb1f47f,412857668c7077d11ad1647e6c85bfd4a88fe19affd2c872bd76519ebf02f4fe,Machine_1,20200622,Machine_1_20200622
002_20200623_003346(4),C:\kamp\4. X-ray\dataset\라벨링 6종 세트\images 400\002_20200623_003346(4).jpg,C:\kamp\4. X-ray\dataset\라벨링 6종 세트\labels\002_20200623_003346(4).txt,BMP,352,332,3,3,154f778d5cfbf5f138a5ae2edc9d41075ac34f46645143a8b0a59dae2d8f83eb,cb3a3f890238b5b5ec811d24d43c3917,c71872b1a528c8e459a193a3dc0977489834edbeec1488f41639a0ca3c69fb00,Machine_1,20200623,Machine_1_20200623
002_20200623_003350(4),C:\kamp\4. X-ray\dataset\라벨링 6종 세트\images 400\002_20200623_003350(4).jpg,C:\kamp\4. X-ray\dataset\라벨링 6종 세트\labels\002_20200623_003350(4).txt,BMP,352,332,3,3,5ecfedfa6d00602063b4458e18bb382665c2d374bf1ea9a5f782bb019e00b0f4,7dd67d4391bcb640ddc5c30ab63f8a64,45b81224e8cc94799b78c05de3c0845654ac04659499014b82272d37a75e5f70,Machine_1,20200623,Machine_1_20200623
002_20200623_003351(2),C:\kamp\4. X-ray\dataset\라벨링 6종 세트\images 400\002_20200623_003351(2).jpg,C:\kamp\4. X-ray\dataset\라벨링 6종 세트\labels\002_20200623_003351(2).txt,BMP,316,332,3,3,b1162251f6f277aabad3db9d7f0203ce83fc2413bdfd7730ffbe8ff3f60c51f4,95844ba2fd7f24722f6efc9aaf5b08fa,6c6843978ad5c136de42c34c0c910f2fa9d0e79780dccfaf0e7690741485ccf6,Machine_1,20200623,Machine_1_20200623
002_20200623_003354(3),C:\kamp\4. X-ray\dataset\라벨링 6종 세트\images 400\002_20200623_003354(3).jpg,C:\kamp\4. X-ray\dataset\라벨링 6종 세트\labels\002_20200623_003354(3).txt,BMP,352,332,3,3,5f58ab449300de08afbe79e780a56a8db803ea2f65d7f556500c52070c7f98c2,0d68f3099225805df167b92bcadcf0d0,042e4849632882af50a51f2bd7cc052051d53a8fe975002a2a14c188a767bd31,Machine_1,20200623,Machine_1_20200623
002_20200623_003355(7),C:\kamp\4. X-ray\dataset\라벨링 6종 세트\images 400\002_20200623_003355(7).jpg,C:\kamp\4. X-ray\dataset\라벨링 6종 세트\labels\002_20200623_003355(7).txt,BMP,316,332,3,3,dba9f29e2b2db31cc315ef1b9e825dc596aed3f5c4bed31c155f9da39eb30eb3,142c12f559617b620de3329c48f3a725,8a732f8fbc7d8cef6215abed7a212ee46d9eca0df8e26ed84fe0e49d153a6086,Machine_1,20200623,Machine_1_20200623
002_20200623_003358(2),C:\kamp\4. X-ray\dataset\라벨링 6종 세트\images 400\002_20200623_003358(2).jpg,C:\kamp\4. X-ray\dataset\라벨링 6종 세트\labels\002_20200623_003358(2).txt,BMP,352,332,3,3,c03fe9836cf33debf9690d41f4ffabf6a56609df765e62033c4648a6c5063a53,b976ac8530c4550ca05c14d298b8e4ef,3e823fb79abc6964d33cb87b1abcc664dfe5ffde9ce26abdd0a3eb8f0a512f74,Machine_1,20200623,Machine_1_20200623
002_20200623_003400(2),C:\kamp\4. X-ray\dataset\라벨링 6종 세트\images 400\002_20200623_003400(2).jpg,C:\kamp\4. X-ray\dataset\라벨링 6종 세트\labels\002_20200623_003400(2).txt,BMP,316,332,3,3,7d06bb54533221d8aca546fd14c667b311f2fb584228ebb973b299f39deafdbf,872e9dc7e469b162f77a7533d2a64721,42d426bc67d3bfdea938a110dec161ba8df796cc6c0b9e0e86592a4c7fc22346,Machine_1,20200623,Machine_1_20200623
002_20200623_003402(2),C:\kamp\4. X-ray\dataset\라벨링 6종 세트\images 400\002_20200623_003402(2).jpg,C:\kamp\4. X-ray\dataset\라벨링 6종 세트\labels\002_20200623_003402(2).txt,BMP,352,332,3,3,052b2459d4ad23a5eeb916a955bd0634a76f29189103b26e7e4265878bc85cfd,8d806e210f7c9795a9ca3d1cd6f38e24,3e23961c7ff0ead03b70bd7163c490444e22a1a12fab66429e7b6f5263fa10b0,Machine_1,20200623,Machine_1_20200623
002_20200623_003404(7),C:\kamp\4. X-ray\dataset\라벨링 6종 세트\images 400\002_20200623_003404(7).jpg,C:\kamp\4. X-ray\dataset\라벨링 6종 세트\labels\002_20200623_003404(7).txt,BMP,316,332,3,3,e6c4df77a7872d1831738b722e9cdf4e4a65dd605d13c25bda67c92ed15e068b,b60aaf6bda1cdddced69f5bd0d443dd1,60563613452aefe584bf5577352ed2d54f8d7e952456b0c1a314fd6b946c0bcb,Machine_1,20200623,Machine_1_20200623
002_20200623_003409(2),C:\kamp\4. X-ray\dataset\라벨링 6종 세트\images 400\002_20200623_003409(2).jpg,C:\kamp\4. X-ray\dataset\라벨링 6종 세트\labels\002_20200623_003409(2).txt,BMP,316,332,3,3,122acb6417de34c69d24b4883870fbefd33b98fd7fac6b038f8a9629312a1a98,0b683abd7fd9f076b6f8629e0bdf3d55,a2328e6607495058c5b0ec92ab7eabe8da5f4b153bc3a796ffd4ccb47b963eb3,Machine_1,20200623,Machine_1_20200623
002_20200623_003410(2),C:\kamp\4. X-ray\dataset\라벨링 6종 세트\images 400\002_20200623_003410(2).jpg,C:\kamp\4. X-ray\dataset\라벨링 6종 세트\labels\002_20200623_003410(2).txt,BMP,352,332,3,3,0b373bb02b273819f0e847fa86bfedad68bc709ca7997dbc669c6bf4190d2708,601617b5d5a09d247fd65eace19bdd98,6f335351784448ed5a5a830fc988923966113ed3c09559cc3049f6e27a540721,Machine_1,20200623,Machine_1_20200623
002_20200623_003413(7),C:\kamp\4. X-ray\dataset\라벨링 6종 세트\images 400\002_20200623_003413(7).jpg,C:\kamp\4. X-ray\dataset\라벨링 6종 세트\labels\002_20200623_003413(7).txt,BMP,316,332,3,3,13ebec70f2f87cd1943560c3084f8e3725bf85f03edafb0c8b10a385a1b60dbf,c56339773e81612b7e98938d51ebc747,0f0a795f1809b68acf8662f32419537cd11df931381d39e5d50aa857fde0136d,Machine_1,20200623,Machine_1_20200623
002_20200623_043039(3),C:\kamp\4. X-ray\dataset\라벨링 6종 세트\images 400\002_20200623_043039(3).jpg,C:\kamp\4. X-ray\dataset\라벨링 6종 세트\labels\002_20200623_043039(3).txt,BMP,352,332,3,3,3527c57bd5261d53ff6c9c78270229e537d06ade935969737234509b265a15a2,25385448e4762657145a557389f1a35d,ee0cbc91bfa22cf19ecd4d65a63ed7cca3bb6d7e960b4b5ddb9d484fda16b3cd,Machine_1,20200623,Machine_1_20200623
002_20200623_043043(2),C:\kamp\4. X-ray\dataset\라벨링 6종 세트\images 400\002_20200623_043043(2).jpg,C:\kamp\4. X-ray\dataset\라벨링 6종 세트\labels\002_20200623_043043(2).txt,BMP,352,332,3,3,60c9f47d8681595ff3b049275ebfdc1ecd9167cc4f353964d7fdea8617649700,9128b4a64030ea130c525caee571d64c,7a063c830ac85ae92bb86a549f301b07f0038d4eaab1a9df324e521f01ced153,Machine_1,20200623,Machine_1_20200623
002_20200623_043047(2),C:\kamp\4. X-ray\dataset\라벨링 6종 세트\images 400\002_20200623_043047(2).jpg,C:\kamp\4. X-ray\dataset\라벨링 6종 세트\labels\002_20200623_043047(2).txt,BMP,352,332,3,3,0fff8a4db03357a689b68fce4ebb1dddca57d1bb7856bb2cd4768b81a3640411,67cbb461779bb32c9fe3f42ddc3bf1b0,e49326cf79376370d0e098d81014f5aec679a2ede718fe36b84d528aed2fd2bd,Machine_1,20200623,Machine_1_20200623
002_20200623_043051(3),C:\kamp\4. X-ray\dataset\라벨링 6종 세트\images 400\002_20200623_043051(3).jpg,C:\kamp\4. X-ray\dataset\라벨링 6종 세트\labels\002_20200623_043051(3).txt,BMP,352,332,3,3,296117960a0b1beaedea0d2779e607df2541f50e6bc29fbd1098e1d35091e15b,03db5686bf5b9e27773a7063c8909950,91044535cbfb30c27c0cab10afd0c50b19d5db1492aa342601c781a1cf31a119,Machine_1,20200623,Machine_1_20200623
002_20200623_043055(3),C:\kamp\4. X-ray\dataset\라벨링 6종 세트\images 400\002_20200623_043055(3).jpg,C:\kamp\4. X-ray\dataset\라벨링 6종 세트\labels\002_20200623_043055(3).txt,BMP,352,332,3,3,d0b435beb9fd4ce739ebfb6add2e1eaeedcfb0cc93d0f1b297e08f0fbdc3bcef,7cd0d93b922a6bddf4010d4d5891ce94,ad37d273416df3e82ccb7ef2a90a883acfcf77662e57417b4fb2a1efb1c2ab3e,Machine_1,20200623,Machine_1_20200623
002_20200623_043056(0),C:\kamp\4. X-ray\dataset\라벨링 6종 세트\images 400\002_20200623_043056(0).jpg,C:\kamp\4. X-ray\dataset\라벨링 6종 세트\labels\002_20200623_043056(0).txt,BMP,316,332,3,3,8f0cef80662e39f9af9c47daf78ca13abbc30743d5f3af1f1d1ed8b6702677c1,80a2f485fe6456755eae1809de2b2822,3709c27deeeb0714e7fe58f68b3a6707f8a2aeb0a7b7ae830f9bdddbf5b1c3df,Machine_1,20200623,Machine_1_20200623
002_20200623_043059(4),C:\kamp\4. X-ray\dataset\라벨링 6종 세트\images 400\002_20200623_043059(4).jpg,C:\kamp\4. X-ray\dataset\라벨링 6종 세트\labels\002_20200623_043059(4).txt,BMP,352,332,3,3,33b433cb6e74151794fa51cb751582013443d41aa91184de5475f13ff2706ef0,1e3c5d7feec7aa883e4665a9cb88e568,e487d6bd5afa58b9f392c92dc98b51fb3ab285f2bcdbdabc9b789951675947da,Machine_1,20200623,Machine_1_20200623
002_20200623_043100(6),C:\kamp\4. X-ray\dataset\라벨링 6종 세트\images 400\002_20200623_043100(6).jpg,C:\kamp\4. X-ray\dataset\라벨링 6종 세트\labels\002_20200623_043100(6).txt,BMP,316,332,3,3,334c2a87ff122030de603f177acfcae4664158f472d5c76a25194609eb865e8a,317461aa0e6203b1c28d3af5ba83532b,dbf6029d84c4147bf8325989c173226d4490799ab10f0a9e8f9c7c4012338f31,Machine_1,20200623,Machine_1_20200623
002_20200623_043105(0),C:\kamp\4. X-ray\dataset\라벨링 6종 세트\images 400\002_20200623_043105(0).jpg,C:\kamp\4. X-ray\dataset\라벨링 6종 세트\labels\002_20200623_043105(0).txt,BMP,316,332,3,3,29350e5d07094d4b245e8112d3abac7ccbc6ca4ff13bd7a63798a32a2bd8462d,426055279eae1c38afb0c3dc7dddd9e8,2b4459c370c599a5d662f8ead56ae7685aa7b4062207f605d9553465600a433c,Machine_1,20200623,Machine_1_20200623
002_20200623_043109(4),C:\kamp\4. X-ray\dataset\라벨링 6종 세트\images 400\002_20200623_043109(4).jpg,C:\kamp\4. X-ray\dataset\라벨링 6종 세트\labels\002_20200623_043109(4).txt,BMP,316,332,3,3,6cd158bed160d908c79cfbecbba19bf8f8b5572ee91d859cea87842ea2594714,5162819a8eb9475c1860bb2674dee8dc,de4d10e05b7799654590567181794c4b7cfee3f8b4643819105961dd9843ca1d,Machine_1,20200623,Machine_1_20200623
002_20200623_043115(4),C:\kamp\4. X-ray\dataset\라벨링 6종 세트\images 400\002_20200623_043115(4).jpg,C:\kamp\4. X-ray\dataset\라벨링 6종 세트\labels\002_20200623_043115(4).txt,BMP,316,332,3,3,dc0f1c3b458a15d5c4d9ffdf3f65ce2ea98c6af6398961cab2eff724e2be2df7,4b4ad476aa95ac61fa1c7487b47b093a,406f7b9b582b3bb57e0a8495dcffcf638d825195b8dd5f5e43dc2e3381cca76a,Machine_1,20200623,Machine_1_20200623
002_20200623_043120(0),C:\kamp\4. X-ray\dataset\라벨링 6종 세트\images 400\002_20200623_043120(0).jpg,C:\kamp\4. X-ray\dataset\라벨링 6종 세트\labels\002_20200623_043120(0).txt,BMP,316,332,3,3,d644c05fe030d2c33683746459ccb0ae6a9c5065687cdc50cdbbd9211a8945e6,2e07b92645933828194c22bf8211e58a,e0701a8245f87b7f731372442e5e58e6c8b446ac747cbd272dcb57b8b4c55499,Machine_1,20200623,Machine_1_20200623
002_20200623_082249(3),C:\kamp\4. X-ray\dataset\라벨링 6종 세트\images 400\002_20200623_082249(3).jpg,C:\kamp\4. X-ray\dataset\라벨링 6종 세트\labels\002_20200623_082249(3).txt,BMP,316,332,3,3,f991e62a40f600163100534dcee8012c28bc201353aa72404ecc8bea32d8d5b3,c20822950995d1f2705f41e7406e7def,e924918e3e54d2656083bdaa22928d74ce22332e4b7ff4c325978c62ec4c4e96,Machine_1,20200623,Machine_1_20200623
002_20200623_082253(8),C:\kamp\4. X-ray\dataset\라벨링 6종 세트\images 400\002_20200623_082253(8).jpg,C:\kamp\4. X-ray\dataset\라벨링 6종 세트\labels\002_20200623_082253(8).txt,BMP,316,332,3,3,cf770bf4f7400a66eeb846930c1481a50a73e4e7666608555b68a28346e3d584,0616d4540d3ae86f7ad7c9a25a8d0fd7,4614cbccebab8d3d5cf3d6ee02dedab2bb768a76ac2235ad796a75d399f48aaa,Machine_1,20200623,Machine_1_20200623
002_20200623_082258(4),C:\kamp\4. X-ray\dataset\라벨링 6종 세트\images 400\002_20200623_082258(4).jpg,C:\kamp\4. X-ray\dataset\라벨링 6종 세트\labels\002_20200623_082258(4).txt,BMP,316,332,3,3,7561b29d1caa49ae383dac35e9cbbd89a9c8db6d9ecae74d5a87eb58b94cf253,8866da57b755f121841b335bd4879668,db8376309bb68d43a279c1ea98975ab49d305218faea893191cb884a805135a1,Machine_1,20200623,Machine_1_20200623
002_20200623_082258(6),C:\kamp\4. X-ray\dataset\라벨링 6종 세트\images 400\002_20200623_082258(6).jpg,C:\kamp\4. X-ray\dataset\라벨링 6종 세트\labels\002_20200623_082258(6).txt,BMP,352,332,3,3,90ac7203f15acfe2713f374a1311318a1f7ba849e3cfd2bb92e2d2035c0d559c,e27b2fd69d759bffaf049677a5569c8e,447f6a3ff1283edb6f3d60de8096f9be29c57829844a7cfb061a0b46381be302,Machine_1,20200623,Machine_1_20200623
002_20200623_082302(6),C:\kamp\4. X-ray\dataset\라벨링 6종 세트\images 400\002_20200623_082302(6).jpg,C:\kamp\4. X-ray\dataset\라벨링 6종 세트\labels\002_20200623_082302(6).txt,BMP,352,332,3,3,e561f9ef9a07f7cc414ea4c5a0ff8c3e0d57621999e24d945fe9068815968f5c,7126ced7f503c35ce15eb2ab8d4454da,97643ee9bafc9944d6ebc8c249f6ea4b8c501823ae5145c96150993bfad803a7,Machine_1,20200623,Machine_1_20200623
002_20200623_082302(7),C:\kamp\4. X-ray\dataset\라벨링 6종 세트\images 400\002_20200623_082302(7).jpg,C:\kamp\4. X-ray\dataset\라벨링 6종 세트\labels\002_20200623_082302(7).txt,BMP,316,332,3,3,42f7ad586c467556df227410b7fd391848e5f79f7808bd5a7ecd3686d75ff1d9,19487eacbfcbf709137b198cc0d3bbd8,f83c307e9abaa71c0f3950e07c87b2b91964be9626f3e7bd6ff42ceb8b0c1685,Machine_1,20200623,Machine_1_20200623
002_20200623_082306(5),C:\kamp\4. X-ray\dataset\라벨링 6종 세트\images 400\002_20200623_082306(5).jpg,C:\kamp\4. X-ray\dataset\라벨링 6종 세트\labels\002_20200623_082306(5).txt,BMP,352,332,3,3,0a274d60490277ec3efc03a30248a4c69dc43c155826607014e25549ea0cc33a,32d2895d3fcbcfb813de7b706fe04c36,1b2146839ceb09f584cfaa10c01520d435ac0e751e3ab37742a2795bbd5d250f,Machine_1,20200623,Machine_1_20200623
002_20200623_082307(2),C:\kamp\4. X-ray\dataset\라벨링 6종 세트\images 400\002_20200623_082307(2).jpg,C:\kamp\4. X-ray\dataset\라벨링 6종 세트\labels\002_20200623_082307(2).txt,BMP,316,332,3,3,6a1cf840d743e341f0c786fe17ae81b7d0c989b2586c759befdc9816d7f6db90,1733e01ab6e6f6d8a2cc90d5c63d951d,f6131d4e6e84158cd39aeaf51777191a6234afde2a32ea4e874556fc728ddae4,Machine_1,20200623,Machine_1_20200623
002_20200623_082310(6),C:\kamp\4. X-ray\dataset\라벨링 6종 세트\images 400\002_20200623_082310(6).jpg,C:\kamp\4. X-ray\dataset\라벨링 6종 세트\labels\002_20200623_082310(6).txt,BMP,352,332,3,3,adaed7b1c4332839d51fa032174f2297d50a27754de8a7923cfeacee0f98dc89,e5d96154f77c11fff48958cce12dcdec,56ee349a37923434648e52d7675380bc4a04340886b37af48116ce1eda050e3c,Machine_1,20200623,Machine_1_20200623
002_20200623_082311(8),C:\kamp\4. X-ray\dataset\라벨링 6종 세트\images 400\002_20200623_082311(8).jpg,C:\kamp\4. X-ray\dataset\라벨링 6종 세트\labels\002_20200623_082311(8).txt,BMP,316,332,3,3,0e356b15bf85ffba4e48fba9655195db9f863ba286a2afa497ca0b49a1bbb119,36e43f4a6b203757c6c231120b3129ed,3990deb2b1ff98079d58dffe79c8c56f56e2354f0b407c55b9d81b0ac08cf9ff,Machine_1,20200623,Machine_1_20200623
002_20200623_082314(4),C:\kamp\4. X-ray\dataset\라벨링 6종 세트\images 400\002_20200623_082314(4).jpg,C:\kamp\4. X-ray\dataset\라벨링 6종 세트\labels\002_20200623_082314(4).txt,BMP,352,332,3,3,6bc40c05e17788aacf539ba027b8506ac98c86a726dd7d907d5588ef5afe724d,534e1a8eb0adfe399abbd5f1b8528df2,55009425b487e517821063e62f11f5380010965bc292359b39dca9070a3ebacb,Machine_1,20200623,Machine_1_20200623
002_20200623_082318(5),C:\kamp\4. X-ray\dataset\라벨링 6종 세트\images 400\002_20200623_082318(5).jpg,C:\kamp\4. X-ray\dataset\라벨링 6종 세트\labels\002_20200623_082318(5).txt,BMP,352,332,3,3,08190cde159e8e7952febc4afa2371c7ba6e0deacb7d44138b1a2446fa62265b,7e3cd372f661bbed3e5a324bb1620fae,5e36784a3c89e4ad9ce7e02f08d7f39fa21a436b7aa44a100e9a4ecd0d7cc695,Machine_1,20200623,Machine_1_20200623
002_20200623_123032(7),C:\kamp\4. X-ray\dataset\라벨링 6종 세트\images 400\002_20200623_123032(7).jpg,C:\kamp\4. X-ray\dataset\라벨링 6종 세트\labels\002_20200623_123032(7).txt,BMP,352,332,3,3,922bfcfde6e9a584c663c3aae7848c980a43c4c9b89f95dc953ee8a443d05e59,2607dd476c95243b72aa19e3401e447d,35bea16881d8b6d91abfeb93eefda2458cc987b043ce6d511337dba1b2484fc3,Machine_1,20200623,Machine_1_20200623
002_20200623_123036(5),C:\kamp\4. X-ray\dataset\라벨링 6종 세트\images 400\002_20200623_123036(5).jpg,C:\kamp\4. X-ray\dataset\라벨링 6종 세트\labels\002_20200623_123036(5).txt,BMP,352,332,3,3,8efd15dbdb9ca38a6f0bb533046d6d37e9fd96a3852540021925ad65211d3dff,aa6c299bb5bb663f5a7e5d9e4f9ffafe,802b160aa16638a5c5ee3613a30d25249fa456a06ba9b163dd7ebe06dee89abc,Machine_1,20200623,Machine_1_20200623
002_20200623_123040(5),C:\kamp\4. X-ray\dataset\라벨링 6종 세트\images 400\002_20200623_123040(5).jpg,C:\kamp\4. X-ray\dataset\라벨링 6종 세트\labels\002_20200623_123040(5).txt,BMP,352,332,3,3,d8d8d594442deee52dccdddadb215d020078f75ce411523b6e3d996c03a6b3d5,856459679d620494f51d974d96ab32e2,05718c7b1be18b7872374696bb4efc864cf20658bf1cc3bbb3a877114c07539d,Machine_1,20200623,Machine_1_20200623
002_20200623_123042(0),C:\kamp\4. X-ray\dataset\라벨링 6종 세트\images 400\002_20200623_123042(0).jpg,C:\kamp\4. X-ray\dataset\라벨링 6종 세트\labels\002_20200623_123042(0).txt,BMP,316,332,3,3,cf14265ce7561087b0101e188bf53135766467ffb6fec5c178ed4e77470ecf06,bd95d99e4bd77982227aa8b325112096,edcb4fca69a38185f6e22f1bcc776e10119e7c1fb991159df31013b1371a5b8a,Machine_1,20200623,Machine_1_20200623
002_20200623_123044(3),C:\kamp\4. X-ray\dataset\라벨링 6종 세트\images 400\002_20200623_123044(3).jpg,C:\kamp\4. X-ray\dataset\라벨링 6종 세트\labels\002_20200623_123044(3).txt,BMP,352,332,3,3,dc3e1682978466f9f708f92598bdc5a3305949562dba6198515bb969bac60e30,a9e39d59cb7b86832ee0b11b0d69b111,bfd41d7bda741a79d8d891c40cbecd917f496d8056503414f4da7c16000cb67a,Machine_1,20200623,Machine_1_20200623
002_20200623_123046(4),C:\kamp\4. X-ray\dataset\라벨링 6종 세트\images 400\002_20200623_123046(4).jpg,C:\kamp\4. X-ray\dataset\라벨링 6종 세트\labels\002_20200623_123046(4).txt,BMP,316,332,3,3,8dca4bb6ba2bca59b3e8d15be8aca6d6ed5e55284a7401a8c59b38ab43aa8e17,ac7c44344004882a6b8107421a9eac47,f7031ee5607f9c4003524cdded324fa5b90b1eab6b4e124a5030c33819c067b1,Machine_1,20200623,Machine_1_20200623
002_20200623_123048(4),C:\kamp\4. X-ray\dataset\라벨링 6종 세트\images 400\002_20200623_123048(4).jpg,C:\kamp\4. X-ray\dataset\라벨링 6종 세트\labels\002_20200623_123048(4).txt,BMP,352,332,3,3,55b20dc3cf71e65a3a08dfeac0f0dd733900d728f793a7b25f42772a290e0905,6cf19bf08b6136ba80e2656a786bbad9,4d032b06d46432a5a1a1f4fe343c46a0e630d931623a2b39f633adfc0b062cfd,Machine_1,20200623,Machine_1_20200623
002_20200623_123051(1),C:\kamp\4. X-ray\dataset\라벨링 6종 세트\images 400\002_20200623_123051(1).jpg,C:\kamp\4. X-ray\dataset\라벨링 6종 세트\labels\002_20200623_123051(1).txt,BMP,316,332,3,3,9c27ce691cb78aa7b611a2fdd51591210671ee69c3287f6275a9808696bbfc90,eb3c862730790596d48c401877d023a6,fae039fbb4e21f9c5e13597a449a9989a267ebf91045c4129ce49ab9a54ce18d,Machine_1,20200623,Machine_1_20200623
002_20200623_123052(5),C:\kamp\4. X-ray\dataset\라벨링 6종 세트\images 400\002_20200623_123052(5).jpg,C:\kamp\4. X-ray\dataset\라벨링 6종 세트\labels\002_20200623_123052(5).txt,BMP,352,332,3,3,35a89b77c23eb8a44d5d6ed1240a5aadceb4e0df304ff9bf22a092bc351f4eac,91034e96db5fff13fe99380dd745979c,363bbe26265f3c4680a32e748870bda00a5091e0520bc3a401b90d812512f785,Machine_1,20200623,Machine_1_20200623
002_20200623_123055(5),C:\kamp\4. X-ray\dataset\라벨링 6종 세트\images 400\002_20200623_123055(5).jpg,C:\kamp\4. X-ray\dataset\라벨링 6종 세트\labels\002_20200623_123055(5).txt,BMP,316,332,3,2,1fda11189e793974b1427df7e726e0de7da0b92488878fdb734e824cce3dda4c,c5a3efe28c620b577cb78e25454d7a1d,7f53f3f8cedcdaf377beed42f5569ae90bfb65d603b9560e70f11fa2955224c8,Machine_1,20200623,Machine_1_20200623
002_20200623_123100(0),C:\kamp\4. X-ray\dataset\라벨링 6종 세트\images 400\002_20200623_123100(0).jpg,C:\kamp\4. X-ray\dataset\라벨링 6종 세트\labels\002_20200623_123100(0).txt,BMP,316,332,3,3,f2c4c4d078d3c1f700ac5b1dc4af5aa6c9fe422fe043a203d14a335ed806bf79,eb57538605bff5164d47c1aba60073f6,1fef9db53e116f7b5f300f1a476e862692ef26d05f74c70eb7f5520b437544ec,Machine_1,20200623,Machine_1_20200623
002_20200623_123104(5),C:\kamp\4. X-ray\dataset\라벨링 6종 세트\images 400\002_20200623_123104(5).jpg,C:\kamp\4. X-ray\dataset\라벨링 6종 세트\labels\002_20200623_123104(5).txt,BMP,316,332,3,3,3541ba59436100a137329277e7e990c6228b518fa42e12a6263d6ed10bb85df7,01cb45cc2f448b5dc2b5e597f6be1d3a,af516c084bd5c14e8f9ea73a290c8cf4a42c087d2a93c9e95a363eb02dba7bb1,Machine_1,20200623,Machine_1_20200623
002_20200623_163020(3),C:\kamp\4. X-ray\dataset\라벨링 6종 세트\images 400\002_20200623_163020(3).jpg,C:\kamp\4. X-ray\dataset\라벨링 6종 세트\labels\002_20200623_163020(3).txt,BMP,316,332,3,3,ae55ad1d98a0fdcd30f8a06a1378172c8fe55bd2c21e538f8f10e7aae44bdc39,fed6c88fcc89a69b869b862f8f991702,c0d7b4269c729d172bcbc095295a622257b56385f89cf32b53a3af020190f757,Machine_1,20200623,Machine_1_20200623
002_20200623_163023(3),C:\kamp\4. X-ray\dataset\라벨링 6종 세트\images 400\002_20200623_163023(3).jpg,C:\kamp\4. X-ray\dataset\라벨링 6종 세트\labels\002_20200623_163023(3).txt,BMP,316,332,3,3,ba13b2b03967c0b8a1042b40204f3798c1d9f18ce3cfdf2f6e9e7a957156711c,bea4972208ceb96dc886af69f78ade05,8dbfc6c2ee592cab69833f02bb1d073c49643261a827a1a3a2db09dc2167e6ba,Machine_1,20200623,Machine_1_20200623
002_20200623_163026(3),C:\kamp\4. X-ray\dataset\라벨링 6종 세트\images 400\002_20200623_163026(3).jpg,C:\kamp\4. X-ray\dataset\라벨링 6종 세트\labels\002_20200623_163026(3).txt,BMP,316,332,3,3,0881e047e0cdbdfac0cf6bb3c51a6cea816435e132b02cfd62ee19b8113a70c3,c3ee93e8814f427c297720019da4a31f,77d3d6921aac82c84ba51c84316e95bcef7f9411c8a03ed597e94d6c0e007393,Machine_1,20200623,Machine_1_20200623
002_20200623_163029(6),C:\kamp\4. X-ray\dataset\라벨링 6종 세트\images 400\002_20200623_163029(6).jpg,C:\kamp\4. X-ray\dataset\라벨링 6종 세트\labels\002_20200623_163029(6).txt,BMP,316,332,3,3,741d473fd777501af54a76c1d2e4a8694a8a75a23381e73e504aafc60fa56bd5,5891aef1805ed9c693d3734aab884449,a28146c1990bbea1d5e195e1de43e4f3ebfb100180cf42a3744d954a6213d68d,Machine_1,20200623,Machine_1_20200623
002_20200623_163032(5),C:\kamp\4. X-ray\dataset\라벨링 6종 세트\images 400\002_20200623_163032(5).jpg,C:\kamp\4. X-ray\dataset\라벨링 6종 세트\labels\002_20200623_163032(5).txt,BMP,316,332,3,3,7f67475d70fbf8f84c902ac728b464811a67c9deb38fefe397fa24c1245f33c8,b1a0218aba7d87b0a5e10c35da7a5f41,01cc823fbc1c2db18702bad69d843a502191fec4fbeab6956810a8d521d36e2f,Machine_1,20200623,Machine_1_20200623
002_20200623_163035(5),C:\kamp\4. X-ray\dataset\라벨링 6종 세트\images 400\002_20200623_163035(5).jpg,C:\kamp\4. X-ray\dataset\라벨링 6종 세트\labels\002_20200623_163035(5).txt,BMP,316,332,3,3,7206c9da8ea7de8a0117f1c7281af4485e5dcd4e00b7e20c9128109afe3a2b0b,5723d917429de3f567c23ffaa8d75d67,4750fd1fcefd85d15c57c04b75c79ef4b5b37c5f3b7a91641ba26f889e370bd6,Machine_1,20200623,Machine_1_20200623
002_20200623_163039(5),C:\kamp\4. X-ray\dataset\라벨링 6종 세트\images 400\002_20200623_163039(5).jpg,C:\kamp\4. X-ray\dataset\라벨링 6종 세트\labels\002_20200623_163039(5).txt,BMP,352,332,3,3,566d033bdab484a7a904a25205be85eaea3b3e874b9610af41738c612b39e6df,f798ae1fcd9000be74acaebba904ba99,52050e934d0689ce4ded1e6a0f6f301b563467d0a9d0cdc5c0528c0f6d67718d,Machine_1,20200623,Machine_1_20200623
002_20200623_163043(7),C:\kamp\4. X-ray\dataset\라벨링 6종 세트\images 400\002_20200623_163043(7).jpg,C:\kamp\4. X-ray\dataset\라벨링 6종 세트\labels\002_20200623_163043(7).txt,BMP,352,332,3,3,7ee50ba87c7283dec2c59c4406a6fe2a1b5b11dd64db97be83378cece6cd9e50,9d612757a6f5511204ed3142d15708c2,0b082a3f0feb4dfb6c4346c6be7fb4324188ac788c250925f59cf6ec6bb0d2a8,Machine_1,20200623,Machine_1_20200623
002_20200623_163047(6),C:\kamp\4. X-ray\dataset\라벨링 6종 세트\images 400\002_20200623_163047(6).jpg,C:\kamp\4. X-ray\dataset\라벨링 6종 세트\labels\002_20200623_163047(6).txt,BMP,352,332,3,3,96f61dec85aaed722f31daaf098bfcdaf0aae51d0273f7b1175fad1635b7f89c,913c7d1eec2f2ca9f7907c5601df611c,1bd6dfff321ed0d772121ab77b500653e19364786e8764690a66e05f4c348e50,Machine_1,20200623,Machine_1_20200623
002_20200623_163051(7),C:\kamp\4. X-ray\dataset\라벨링 6종 세트\images 400\002_20200623_163051(7).jpg,C:\kamp\4. X-ray\dataset\라벨링 6종 세트\labels\002_20200623_163051(7).txt,BMP,352,332,3,3,1dd1516308763eeb45f1d258ea8df72e434fa13c99ea8d490c54d99f72a18de0,6e73c00169bad45f0e22f7f967a90c72,83a3387075842b6062b64e03a66e440a6eea88666354c9563c1ad81feb66da6e,Machine_1,20200623,Machine_1_20200623
002_20200623_163055(6),C:\kamp\4. X-ray\dataset\라벨링 6종 세트\images 400\002_20200623_163055(6).jpg,C:\kamp\4. X-ray\dataset\라벨링 6종 세트\labels\002_20200623_163055(6).txt,BMP,352,332,3,3,2f8f15e0585458bbcd5bf6d2228dbbd8cab5fb9558622729fa2f5056c6181728,0ae6f3e5f161dbde7e6244686e359b71,86572226b74e33514b261433a81c9aeb7943a644ff3bf8fd333ae0aab74f0d5b,Machine_1,20200623,Machine_1_20200623
002_20200623_163059(6),C:\kamp\4. X-ray\dataset\라벨링 6종 세트\images 400\002_20200623_163059(6).jpg,C:\kamp\4. X-ray\dataset\라벨링 6종 세트\labels\002_20200623_163059(6).txt,BMP,352,332,3,3,bb4060dbc6ccc819c5bc445814c7e3b3b1c4b2678bcb335e05396a80a85ee868,1bcefddc38dc0a6df51bd209c10846a1,ec77b8cccdad72cfe3ca5bfbbb74f9677d3b400e334086613200714d926c4b42,Machine_1,20200623,Machine_1_20200623
002_20200623_203033(6),C:\kamp\4. X-ray\dataset\라벨링 6종 세트\images 400\002_20200623_203033(6).jpg,C:\kamp\4. X-ray\dataset\라벨링 6종 세트\labels\002_20200623_203033(6).txt,BMP,316,332,3,3,99b35c72d29a0c57d07d1c7c6cc7bacdeae0522067743cf8d1ae43d5355d07f6,29c2b7e0ae9a66d2abc5b9a926c26ef6,1ff694b7c312840925a36eb45ad46cfde9f0a9104a0558376fe99268dab5dc97,Machine_1,20200623,Machine_1_20200623
002_20200623_203038(0),C:\kamp\4. X-ray\dataset\라벨링 6종 세트\images 400\002_20200623_203038(0).jpg,C:\kamp\4. X-ray\dataset\라벨링 6종 세트\labels\002_20200623_203038(0).txt,BMP,316,332,3,3,02a734e0c63926d4276197fb9c1cfa4b39b070a2973e357717c60dc0701eb0f7,a89e6173d0e34e697ee71fb94d545a60,b663c0efaf68495b91c41d39929e008161e78e8d094b6f99cfa73fc4a358153f,Machine_1,20200623,Machine_1_20200623
002_20200623_203040(4),C:\kamp\4. X-ray\dataset\라벨링 6종 세트\images 400\002_20200623_203040(4).jpg,C:\kamp\4. X-ray\dataset\라벨링 6종 세트\labels\002_20200623_203040(4).txt,BMP,352,332,3,3,dd8888f66df84dca25d996a2c3c69e1e7a3a91fe78f5ce8450f17dcdbfbe0bbb,e793df654a83327a6b546cd9eb06e6de,5d1b301b2f16e5c1ede5e104baeaf249b73b42bf5de98b7cd7b4f3489f23df5e,Machine_1,20200623,Machine_1_20200623
002_20200623_203042(5),C:\kamp\4. X-ray\dataset\라벨링 6종 세트\images 400\002_20200623_203042(5).jpg,C:\kamp\4. X-ray\dataset\라벨링 6종 세트\labels\002_20200623_203042(5).txt,BMP,316,332,3,3,e6bb296dbedbd05dec0558aa03e0d548e5592d45184165a1fef210c3fbe19f8b,fc072a442e430f05467a5de78f81b9aa,1c8a388eaa3ad7ba19f647ac174c18de7bcb0ec325793dbb529a2b480c959b2b,Machine_1,20200623,Machine_1_20200623
002_20200623_203044(0),C:\kamp\4. X-ray\dataset\라벨링 6종 세트\images 400\002_20200623_203044(0).jpg,C:\kamp\4. X-ray\dataset\라벨링 6종 세트\labels\002_20200623_203044(0).txt,BMP,352,332,3,3,32e6d07b6ba3df3e9111ef913b26bd52a5359495c0ab176d01882cca85236f28,d6607e2e185b747f6f8718065d88bad1,be4b6bd90264839c8206bd310b52ddbb31a075b532f64d2c96c627d498803871,Machine_1,20200623,Machine_1_20200623
002_20200623_203047(0),C:\kamp\4. X-ray\dataset\라벨링 6종 세트\images 400\002_20200623_203047(0).jpg,C:\kamp\4. X-ray\dataset\라벨링 6종 세트\labels\002_20200623_203047(0).txt,BMP,316,332,3,3,5106b80621bd38ca20c9abaa5b3736fe2e2181c36f80e40aee9fa2f380fc3d7f,f98b6717d111dfc4c7e10cf6ddcc7e99,4dd8cdd780d9cbb1d96e872fa2d177fa23fca7a04fe0b4013be801153ba34662,Machine_1,20200623,Machine_1_20200623
002_20200623_203047(7),C:\kamp\4. X-ray\dataset\라벨링 6종 세트\images 400\002_20200623_203047(7).jpg,C:\kamp\4. X-ray\dataset\라벨링 6종 세트\labels\002_20200623_203047(7).txt,BMP,352,332,3,3,d6a79c7a508325927ca526589ac109536287dc31585644886f79bea0097708a4,c874e6c3f0b056d320016286fe98c561,4e28e299e358d612fe7f27a9bcc3de312d1777a2f731adf2d8f623604dc4de61,Machine_1,20200623,Machine_1_20200623
002_20200623_203050(0),C:\kamp\4. X-ray\dataset\라벨링 6종 세트\images 400\002_20200623_203050(0).jpg,C:\kamp\4. X-ray\dataset\라벨링 6종 세트\labels\002_20200623_203050(0).txt,BMP,316,332,3,3,dc0886b3f95bf489f7a264f6b2fdea7248a4c8c5b8291673e44908fd347b71d8,569f4ae7dcd60badd3de9fe1b026f918,563c37d72a834ff2a732549cc99a584f422c6e80fb9195ef803a8c010f238f7b,Machine_1,20200623,Machine_1_20200623
002_20200623_203051(2),C:\kamp\4. X-ray\dataset\라벨링 6종 세트\images 400\002_20200623_203051(2).jpg,C:\kamp\4. X-ray\dataset\라벨링 6종 세트\labels\002_20200623_203051(2).txt,BMP,352,332,3,3,53068b77dbdaf4adb3de32622595f73a81e9b18f6ae400e34ce9fe584c85de42,15bc78b512f8d61e45e74a56c4ae798a,3dec3d7cc1a965f679fd0b907e3c56fa2c73ce6be7e5d80ae5c3deecbd3021f2,Machine_1,20200623,Machine_1_20200623
002_20200623_203054(6),C:\kamp\4. X-ray\dataset\라벨링 6종 세트\images 400\002_20200623_203054(6).jpg,C:\kamp\4. X-ray\dataset\라벨링 6종 세트\labels\002_20200623_203054(6).txt,BMP,316,332,3,3,ad7aec15233ab98b43739db8e041237d6531e648b62e8ef6e7f933f3e2ab4e87,ca1da254404239508380afc08fc11699,faa15d2c0d7b4ee833c51a005390e402ee6f5a0990669347db14152fbc375bdd,Machine_1,20200623,Machine_1_20200623
002_20200623_203054(7),C:\kamp\4. X-ray\dataset\라벨링 6종 세트\images 400\002_20200623_203054(7).jpg,C:\kamp\4. X-ray\dataset\라벨링 6종 세트\labels\002_20200623_203054(7).txt,BMP,352,332,3,3,a0d1914010b7fc6bc8a8e797c1a008ba4fb73d72bb196438fbc82adf09588421,23ff077ce5d125138fd605e02674d317,a24b51bf7c96a6c8e04f8bd6a3f8aa9089a35f767176d8fe706f07836d70fac8,Machine_1,20200623,Machine_1_20200623
002_20200623_203058(3),C:\kamp\4. X-ray\dataset\라벨링 6종 세트\images 400\002_20200623_203058(3).jpg,C:\kamp\4. X-ray\dataset\라벨링 6종 세트\labels\002_20200623_203058(3).txt,BMP,352,332,3,3,ccdb6a5c64928a1d2147ae6a4cea775e0632edf94ad4b655e0a9b2a925b8580c,beaf668bbf8d24218afce207746578c0,2328a00220c9f07ec1b9a56c4fc7e785149625714c5026a292d6a05fe0fceebe,Machine_1,20200623,Machine_1_20200623
002_20200624_003107(0),C:\kamp\4. X-ray\dataset\라벨링 6종 세트\images 400\002_20200624_003107(0).jpg,C:\kamp\4. X-ray\dataset\라벨링 6종 세트\labels\002_20200624_003107(0).txt,BMP,352,332,3,3,b3144b0018e6b1c1363d406d8266bf9a7f86e573f3e33fc34259e9a4f28bbddd,d0f5307da92cf57ed712084bf62f116c,7ba0f4356f904be854ba1931065d50437b79cec9d9a5d52c71fc69fe240051c8,Machine_1,20200624,Machine_1_20200624
002_20200624_003111(0),C:\kamp\4. X-ray\dataset\라벨링 6종 세트\images 400\002_20200624_003111(0).jpg,C:\kamp\4. X-ray\dataset\라벨링 6종 세트\labels\002_20200624_003111(0).txt,BMP,352,332,3,3,e5c1407973731858f41f18b9447c8eeb8a169e5695ec0e8c794ba44c44b33c3a,79791290b6520ae203d638fb97d60515,17a4804b030a054e53bff701a502c2ca3cac73a98878bdef6c3cf2320aa33341,Machine_1,20200624,Machine_1_20200624
002_20200624_003115(1),C:\kamp\4. X-ray\dataset\라벨링 6종 세트\images 400\002_20200624_003115(1).jpg,C:\kamp\4. X-ray\dataset\라벨링 6종 세트\labels\002_20200624_003115(1).txt,BMP,352,332,3,3,b6c1642f45ae9c8bd928302216ce54821c376f70abc982c7cbc0ba1eac67375f,a37c4a48855b082f325555bcd83d1b85,df1abe9886402519714671e4328f085b50948bb71298622a2b06dc3e8d865440,Machine_1,20200624,Machine_1_20200624
002_20200624_003115(6),C:\kamp\4. X-ray\dataset\라벨링 6종 세트\images 400\002_20200624_003115(6).jpg,C:\kamp\4. X-ray\dataset\라벨링 6종 세트\labels\002_20200624_003115(6).txt,BMP,316,332,3,3,c38d4179f3752418a400ca497d463a965625c4248a0ae1bd256ed4a46c10cbef,19636556e6d265a6c2e1fadabf222667,bcf13bb10b74623e2c84b4b79868edefcb993982f05e1024f98680b8fbaba7d4,Machine_1,20200624,Machine_1_20200624
002_20200624_003118(6),C:\kamp\4. X-ray\dataset\라벨링 6종 세트\images 400\002_20200624_003118(6).jpg,C:\kamp\4. X-ray\dataset\라벨링 6종 세트\labels\002_20200624_003118(6).txt,BMP,316,332,3,3,3451499f65b1831d70980fd92a0d3b5884529d8dfb14c35226bf3b5f532cad49,1b64cc4f01d4b575908172a24a2365c3,0ddfd3e7ed5b3602a1d411918e3396a1c6f1f1ac2a38b1f6176d2b5ed2aebd0f,Machine_1,20200624,Machine_1_20200624
002_20200624_003119(1),C:\kamp\4. X-ray\dataset\라벨링 6종 세트\images 400\002_20200624_003119(1).jpg,C:\kamp\4. X-ray\dataset\라벨링 6종 세트\labels\002_20200624_003119(1).txt,BMP,352,332,3,3,f462473aae2c00b6948b3baf0293cc6f20589fbec16aa04fb01692d7ed09ef37,dd227850e413f6aa6b3ea88c4d92e573,aca917657af30d5670d722e43b00cc7176db129d9e4014590eef51894c26535a,Machine_1,20200624,Machine_1_20200624
002_20200624_003123(0),C:\kamp\4. X-ray\dataset\라벨링 6종 세트\images 400\002_20200624_003123(0).jpg,C:\kamp\4. X-ray\dataset\라벨링 6종 세트\labels\002_20200624_003123(0).txt,BMP,316,332,3,3,d2da25ecdcf1e1fdc785ec7014f6103ac407da3bc6e70df29a9df3937e19c3d3,58177620d1d491bf6de1d41f9b2b26cc,4f28b36cbac8dbbbc9c39ef3745e64facf5b1f9f79a35901638923abc6651ebe,Machine_1,20200624,Machine_1_20200624
002_20200624_003123(1),C:\kamp\4. X-ray\dataset\라벨링 6종 세트\images 400\002_20200624_003123(1).jpg,C:\kamp\4. X-ray\dataset\라벨링 6종 세트\labels\002_20200624_003123(1).txt,BMP,352,332,3,3,0f749d3af0aff9791e7e930425c30c1428a01b6d7463e7bdd1a2346f38d37722,0e6d71a4b01309548954846dcf6d29c8,7ba967b75b655f78d1a206a05cfde4f946b32e73b74b569f158d8ccbb1887b33,Machine_1,20200624,Machine_1_20200624
002_20200624_003127(0),C:\kamp\4. X-ray\dataset\라벨링 6종 세트\images 400\002_20200624_003127(0).jpg,C:\kamp\4. X-ray\dataset\라벨링 6종 세트\labels\002_20200624_003127(0).txt,BMP,352,332,3,3,2f841c22f584c715ba92cc1f78f08551800aa103e44b176ab3acb5ed94c7947e,94d98c0a82e5c5ae412219c5ba5e3e44,e352327ab022bd4b0c88506f74c7cf409e2ed05558fb76493144f898f0acf1d9,Machine_1,20200624,Machine_1_20200624
002_20200624_003127(5),C:\kamp\4. X-ray\dataset\라벨링 6종 세트\images 400\002_20200624_003127(5).jpg,C:\kamp\4. X-ray\dataset\라벨링 6종 세트\labels\002_20200624_003127(5).txt,BMP,316,332,3,3,388905b164271e3da8ff1b752ef80e4219d1b061f43cd814e458636c217fd177,502caaefc785a7ad6fd3025fbddf0c25,4d60d4b9686e6b4b9d6ca2ab85e7c74efca7568b705a84465cf9c0ef98cd3f1b,Machine_1,20200624,Machine_1_20200624
002_20200624_003132(0),C:\kamp\4. X-ray\dataset\라벨링 6종 세트\images 400\002_20200624_003132(0).jpg,C:\kamp\4. X-ray\dataset\라벨링 6종 세트\labels\002_20200624_003132(0).txt,BMP,316,332,3,3,a9100c53f22232f6e7d2c4609b92884e5ee649d4f1ee361e51117688d245fdc3,928da6203e2b5e335aff7961a3e0ab80,b135dc069556fab784e6c87b2a3f3370f1adaf06e263325dfe15b80169145554,Machine_1,20200624,Machine_1_20200624
002_20200624_003136(5),C:\kamp\4. X-ray\dataset\라벨링 6종 세트\images 400\002_20200624_003136(5).jpg,C:\kamp\4. X-ray\dataset\라벨링 6종 세트\labels\002_20200624_003136(5).txt,BMP,316,332,3,3,40fe735c14367e868415238eca2d2b7c43f0a0a2a527690da1c2c00ca16c8b00,e5122563c98089a8c1315f70946c3b52,51c6ed4bf022dafac28028d29f4dbd282849da28abc7176dbec90b301195aa21,Machine_1,20200624,Machine_1_20200624
002_20200624_043128(1),C:\kamp\4. X-ray\dataset\라벨링 6종 세트\images 400\002_20200624_043128(1).jpg,C:\kamp\4. X-ray\dataset\라벨링 6종 세트\labels\002_20200624_043128(1).txt,BMP,352,332,3,3,555598c0841bfcca2e989fbabf8ea887ad33d43ecd4a9305d60f81e890020063,7f5b4d86ec4b24c6959b104ac8b961f7,d2aedd3dd153576541f85cf27cb96554a0bf0f554b053fdd28b2ae40297c5467,Machine_1,20200624,Machine_1_20200624
002_20200624_043132(2),C:\kamp\4. X-ray\dataset\라벨링 6종 세트\images 400\002_20200624_043132(2).jpg,C:\kamp\4. X-ray\dataset\라벨링 6종 세트\labels\002_20200624_043132(2).txt,BMP,352,332,3,3,dd0591774fe7403812c0762438d242ef01e9e80c9bd66cac1f0eb3babec36bb5,6443c07664db827d67129529dad69c8f,784040cf50e6c55d4d393fb329ca0a4a30bf6babe3719d07e069212a5b560d7e,Machine_1,20200624,Machine_1_20200624
002_20200624_043136(1),C:\kamp\4. X-ray\dataset\라벨링 6종 세트\images 400\002_20200624_043136(1).jpg,C:\kamp\4. X-ray\dataset\라벨링 6종 세트\labels\002_20200624_043136(1).txt,BMP,352,332,3,3,0230187d66bc0e8c8f198f3a1e80b51f06f8f896835a6e98a3cf2f81b1e36f6b,2f2acdc2fda2209704a00510328bd93e,98e2719fc6bb5e09a6b2b61165558c9a3c086040dc7bff1882eadfbf9c77336a,Machine_1,20200624,Machine_1_20200624
002_20200624_043136(9),C:\kamp\4. X-ray\dataset\라벨링 6종 세트\images 400\002_20200624_043136(9).jpg,C:\kamp\4. X-ray\dataset\라벨링 6종 세트\labels\002_20200624_043136(9).txt,BMP,316,332,3,3,6291ab1be673acec68eca86ac37080038a885c401dbda03735d794d090668fc2,f4e83f6555b514144a07eb0820f57406,2dba227f4fdac4043e6efc902db12c3b193053aaf5adb0b56697f1bf1904fad5,Machine_1,20200624,Machine_1_20200624
002_20200624_043140(2),C:\kamp\4. X-ray\dataset\라벨링 6종 세트\images 400\002_20200624_043140(2).jpg,C:\kamp\4. X-ray\dataset\라벨링 6종 세트\labels\002_20200624_043140(2).txt,BMP,352,332,3,3,e7cba9457e4952b3e8f98ebbf6ea96d3136db26e5fd952efdebe0c134cfc8252,b1cd4ba5b67a91e1e34f23701952641c,2e7252009161d01928d045f6e0cd97225180c94c36636b8f780e514657a56409,Machine_1,20200624,Machine_1_20200624
002_20200624_043141(4),C:\kamp\4. X-ray\dataset\라벨링 6종 세트\images 400\002_20200624_043141(4).jpg,C:\kamp\4. X-ray\dataset\라벨링 6종 세트\labels\002_20200624_043141(4).txt,BMP,316,332,3,3,ee866ff23682e6dea44e4b2b09b3c0cba20393205a6736586f0aad412f29a0f3,b5f4e05cd5eaf9e2f82545c4a6630f51,2df121743623d538234ce78e92cbfc0eddf57d447fc4f996f745baac0680731d,Machine_1,20200624,Machine_1_20200624
002_20200624_043144(2),C:\kamp\4. X-ray\dataset\라벨링 6종 세트\images 400\002_20200624_043144(2).jpg,C:\kamp\4. X-ray\dataset\라벨링 6종 세트\labels\002_20200624_043144(2).txt,BMP,352,332,3,3,606923d99104f8c72d3f54cf44f36b81beb633426f6c02f0e8391b2395b38b71,5a49dff2bbcbefe9cbd604ab43abe990,acbb6f40e7743a72d0306eec270822d92ff1456f08abaeb133a4dcb8bf9c3bde,Machine_1,20200624,Machine_1_20200624
002_20200624_043145(8),C:\kamp\4. X-ray\dataset\라벨링 6종 세트\images 400\002_20200624_043145(8).jpg,C:\kamp\4. X-ray\dataset\라벨링 6종 세트\labels\002_20200624_043145(8).txt,BMP,316,332,3,3,c7720c18d32c571510d0d7528fdaa0e15e300489452736777fa9397a5b70a7dc,944098cb9f6aae38a10557482940f779,104f51288f27164e53f5f8377b6cb1361248c4fe033f39dca7822307d45f26da,Machine_1,20200624,Machine_1_20200624
002_20200624_043148(1),C:\kamp\4. X-ray\dataset\라벨링 6종 세트\images 400\002_20200624_043148(1).jpg,C:\kamp\4. X-ray\dataset\라벨링 6종 세트\labels\002_20200624_043148(1).txt,BMP,352,332,3,3,7502610d6243b98d5ed1c3cd68cdb64fe04dbace4b9a9a77f37b35ea0531b5b8,14261fa8ee3f9c3e985d2d439d7c4585,dfceab5e68e447a08c1d9ed6a55ec471822642ef76a9cf3b3ab4760496d82d0c,Machine_1,20200624,Machine_1_20200624
002_20200624_043150(3),C:\kamp\4. X-ray\dataset\라벨링 6종 세트\images 400\002_20200624_043150(3).jpg,C:\kamp\4. X-ray\dataset\라벨링 6종 세트\labels\002_20200624_043150(3).txt,BMP,316,332,3,3,ed059b84cf8a5bce9d039e7ba7d0ed73d9161a67af170f7560f3fcb8f2d05220,5adb0e76668551ffe6b06c2bd8c33642,cf18c6657c78ea231727b3379301742167211ad249599cb1e1dd24356b803970,Machine_1,20200624,Machine_1_20200624
002_20200624_043154(8),C:\kamp\4. X-ray\dataset\라벨링 6종 세트\images 400\002_20200624_043154(8).jpg,C:\kamp\4. X-ray\dataset\라벨링 6종 세트\labels\002_20200624_043154(8).txt,BMP,316,332,3,3,9f1c2b244987e40e15dcdaf50adf94b212c5e3c5fa730233b7872978241fc534,0e4016cd4b111370264d8643039bdbf8,39652cba7b713cc6e0856c4d3ebb1976e0a0ec15753494dd666de48b0c0d20ea,Machine_1,20200624,Machine_1_20200624
002_20200624_043159(4),C:\kamp\4. X-ray\dataset\라벨링 6종 세트\images 400\002_20200624_043159(4).jpg,C:\kamp\4. X-ray\dataset\라벨링 6종 세트\labels\002_20200624_043159(4).txt,BMP,316,332,3,3,1c67a8124ddb4b3d65b42be998cdb59a3908e3e57d4747de4141b950fb825966,b5b291c0b603cb904abc06f04f980752,d86d2d60e899cca7162710af39e71efee58c498abfd4557a36e6856e0b392634,Machine_1,20200624,Machine_1_20200624
002_20200624_083032(4),C:\kamp\4. X-ray\dataset\라벨링 6종 세트\images 400\002_20200624_083032(4).jpg,C:\kamp\4. X-ray\dataset\라벨링 6종 세트\labels\002_20200624_083032(4).txt,BMP,316,332,3,3,72e8c2f885704ae10d01f421c3d907f40df4d470335d53b3c499a975fe7108de,50ceb6702cf12480a7df7b8a8ce8bc2b,314d2d3ce674741f53382500da366c403176378e80076dc1a56d15cc61a99b82,Machine_1,20200624,Machine_1_20200624
002_20200624_083036(9),C:\kamp\4. X-ray\dataset\라벨링 6종 세트\images 400\002_20200624_083036(9).jpg,C:\kamp\4. X-ray\dataset\라벨링 6종 세트\labels\002_20200624_083036(9).txt,BMP,316,332,3,3,e70a108d57aad78f1375aeda1186d387081319ca36f274fe670d23c5090bd94c,443eceb684c0acab6ebae4ea3be1428d,54c277176a40aea2dbe781fa5e7a1c449240e05fcbdb8a6d78d235a98a512315,Machine_1,20200624,Machine_1_20200624
002_20200624_083041(3),C:\kamp\4. X-ray\dataset\라벨링 6종 세트\images 400\002_20200624_083041(3).jpg,C:\kamp\4. X-ray\dataset\라벨링 6종 세트\labels\002_20200624_083041(3).txt,BMP,316,332,3,3,fd1b095a38e2ef36ed791421ab9575411b0153ab36f351491f087b9722bf14d2,24ed69b76566dfe4d2e6defbef1ec47c,9a7f102707cf3c6f94a90d18edddf5161b151b7307d942b0e9843cd6c8b34555,Machine_1,20200624,Machine_1_20200624
002_20200624_083045(5),C:\kamp\4. X-ray\dataset\라벨링 6종 세트\images 400\002_20200624_083045(5).jpg,C:\kamp\4. X-ray\dataset\라벨링 6종 세트\labels\002_20200624_083045(5).txt,BMP,352,332,3,3,de64df75955b481e92704d22e15d51ac71868183961bc029e5026ebb333627bd,26b97b1b0b9bc7a1b771e4d7fe2bc4d9,56c6160350fbab0de6c1cc66361cbb2127bfe55e05895ccc0a84071d884281d4,Machine_1,20200624,Machine_1_20200624
002_20200624_083045(8),C:\kamp\4. X-ray\dataset\라벨링 6종 세트\images 400\002_20200624_083045(8).jpg,C:\kamp\4. X-ray\dataset\라벨링 6종 세트\labels\002_20200624_083045(8).txt,BMP,316,332,3,3,68e2c75df1b6e51edd2c58cd9004c39deb9dba0f999167b1552bf0a227aeeb78,e1ee2225e22a4b8eeebe94159df4ba9c,2cf171fc29c60bf8923c87c16e6b0e4fa43702f4900fc84015c5f3d51878e890,Machine_1,20200624,Machine_1_20200624
002_20200624_083049(6),C:\kamp\4. X-ray\dataset\라벨링 6종 세트\images 400\002_20200624_083049(6).jpg,C:\kamp\4. X-ray\dataset\라벨링 6종 세트\labels\002_20200624_083049(6).txt,BMP,352,332,3,3,ff0134533e118d9525c73cc6c3cc29ff7c3ae5c88e08354c827816c17684c587,a215ebb52d610a64407c1bd09e4f0740,724bef20866e019b64eb04bc74243508066c49a969db8bc9c82f286af172a62d,Machine_1,20200624,Machine_1_20200624
002_20200624_083050(4),C:\kamp\4. X-ray\dataset\라벨링 6종 세트\images 400\002_20200624_083050(4).jpg,C:\kamp\4. X-ray\dataset\라벨링 6종 세트\labels\002_20200624_083050(4).txt,BMP,316,332,3,3,69ffce96b1f0222424fccf7a821f49df612ee1dd1bef4a53c5f4b82f6f9321e7,0350107bc499c16768b0c1f5979bc2c5,96405a5b9de0033c029751aa74ef7d8543decaa520722af569cbca178f350a77,Machine_1,20200624,Machine_1_20200624
002_20200624_083053(3),C:\kamp\4. X-ray\dataset\라벨링 6종 세트\images 400\002_20200624_083053(3).jpg,C:\kamp\4. X-ray\dataset\라벨링 6종 세트\labels\002_20200624_083053(3).txt,BMP,352,332,3,3,fe4567d17ee4c6e388df389d28aeaf73a56022e34a976eeaf366c87f3881b323,102640f5b4a320282e775274aa7f881e,0bca33573aba21e0248270101b03227fda46ec7489693e8924947cfce2bed58b,Machine_1,20200624,Machine_1_20200624
002_20200624_083054(9),C:\kamp\4. X-ray\dataset\라벨링 6종 세트\images 400\002_20200624_083054(9).jpg,C:\kamp\4. X-ray\dataset\라벨링 6종 세트\labels\002_20200624_083054(9).txt,BMP,316,332,3,3,0f7226f34297809b21f4587ce1a804ac15de4e00592373b0eba4668126a76be3,fb89be4606efde4315824325814c2f1e,989a3f2616ca710b4297707870026bcc79ff8f81fe06d960e44c7a0b80148263,Machine_1,20200624,Machine_1_20200624
002_20200624_083057(4),C:\kamp\4. X-ray\dataset\라벨링 6종 세트\images 400\002_20200624_083057(4).jpg,C:\kamp\4. X-ray\dataset\라벨링 6종 세트\labels\002_20200624_083057(4).txt,BMP,352,332,3,3,9c83c1a9c652f14a645f9fd3879be1e4bdfddae2a85baa72f5c2e8a6da077b4b,4b53700b0d94af6686d79521c76e239d,1670fd3f879b54e887195ed29b1a6ffa334261ca409e7aad7ef0029f97e64f3c,Machine_1,20200624,Machine_1_20200624
002_20200624_083101(4),C:\kamp\4. X-ray\dataset\라벨링 6종 세트\images 400\002_20200624_083101(4).jpg,C:\kamp\4. X-ray\dataset\라벨링 6종 세트\labels\002_20200624_083101(4).txt,BMP,352,332,3,3,0e9eb791716fca47317a0b8f1ffd314ff8e745a54b24cdfe8c78f09f6fee08ce,c89a52b9cc7319c881f798fcd5a851e0,051608829d1f9d3c144807b0228efd3d929f868d01cda00c56774c847e875dad,Machine_1,20200624,Machine_1_20200624
002_20200624_083105(5),C:\kamp\4. X-ray\dataset\라벨링 6종 세트\images 400\002_20200624_083105(5).jpg,C:\kamp\4. X-ray\dataset\라벨링 6종 세트\labels\002_20200624_083105(5).txt,BMP,352,332,3,3,969299f7073d4ee8909a6f32346b70acdf948710af1fec939bf23deed9eead52,2709292e7375d2cc93b5a536a723c6d8,8b5fd3a3506273698b4e0a38de393261e34ddf18f3376f8ba40aa94af7919abf,Machine_1,20200624,Machine_1_20200624
002_20200624_123122(6),C:\kamp\4. X-ray\dataset\라벨링 6종 세트\images 400\002_20200624_123122(6).jpg,C:\kamp\4. X-ray\dataset\라벨링 6종 세트\labels\002_20200624_123122(6).txt,BMP,352,332,3,3,371c7ac54654e2b325f61ff2e916a3ed3c87929c86f612ce6254f77c4ee6d138,a329ebd31c8dfe13540ffafc70f3054e,2357b0bffe2905744437cd89bf2df101c225c0294c2e6a131a8ff1d8d94b1ae3,Machine_1,20200624,Machine_1_20200624
002_20200624_123126(4),C:\kamp\4. X-ray\dataset\라벨링 6종 세트\images 400\002_20200624_123126(4).jpg,C:\kamp\4. X-ray\dataset\라벨링 6종 세트\labels\002_20200624_123126(4).txt,BMP,352,332,3,3,8c018ff9ffca91b93d8da4483fa25e0b55a435d958064e484759dedc8004ee49,4936c5d6799b9a07da8654da35943cae,ecfbf7418685d8b0f2139078ef950c0d88be2fe95c53c637ec3068edd9948451,Machine_1,20200624,Machine_1_20200624
002_20200624_123129(9),C:\kamp\4. X-ray\dataset\라벨링 6종 세트\images 400\002_20200624_123129(9).jpg,C:\kamp\4. X-ray\dataset\라벨링 6종 세트\labels\002_20200624_123129(9).txt,BMP,352,332,3,3,9da142ea190806b2013a529263dc6c46b02691caf0c5b3397c0d190d81def6f5,c236e4784f8706d455356dabad16f9f5,dc5700ddab6d2211d008cd3432647d1fa788c89cd7a21bb242bf5549ca5be2b3,Machine_1,20200624,Machine_1_20200624
002_20200624_123133(0),C:\kamp\4. X-ray\dataset\라벨링 6종 세트\images 400\002_20200624_123133(0).jpg,C:\kamp\4. X-ray\dataset\라벨링 6종 세트\labels\002_20200624_123133(0).txt,BMP,352,332,3,3,1fc37be757b9f973b53bbfc8f5ff4e6e9524e1a68240bdaec6388565ff490066,9407828f50d30fc8512fb388edacdc06,c39b18a9a771837240b74c2e21ca0984bebfd384d775829ab65f77ee3bc445b4,Machine_1,20200624,Machine_1_20200624
002_20200624_123136(5),C:\kamp\4. X-ray\dataset\라벨링 6종 세트\images 400\002_20200624_123136(5).jpg,C:\kamp\4. X-ray\dataset\라벨링 6종 세트\labels\002_20200624_123136(5).txt,BMP,352,332,3,3,264d6349d2551dab746de435ab49262d788e16c6eff969530163fe6fcc4ebd7f,ad508f44778ba48e184f2958f2ef127f,3160fb91c8130000e54b87deda210a4f9f3328dc397b4328f3dc5e14e8df5868,Machine_1,20200624,Machine_1_20200624
002_20200624_123143(7),C:\kamp\4. X-ray\dataset\라벨링 6종 세트\images 400\002_20200624_123143(7).jpg,C:\kamp\4. X-ray\dataset\라벨링 6종 세트\labels\002_20200624_123143(7).txt,BMP,352,332,3,3,b93be8043f731a579b54eedb5682f5677ca9c7b33631ce06a0d7bf76634ba115,376c9fbdfb40e7d7c5b0999c1acb8376,3694b0a66fa9d4eabfa98326d89f589a2842856fd6ab91c8a1e4ed5dca6ba62f,Machine_1,20200624,Machine_1_20200624
002_20200624_123144(0),C:\kamp\4. X-ray\dataset\라벨링 6종 세트\images 400\002_20200624_123144(0).jpg,C:\kamp\4. X-ray\dataset\라벨링 6종 세트\labels\002_20200624_123144(0).txt,BMP,316,332,3,3,14c86fb98f7ba30d581f825374ef8592f488e8059c848612c1cbda1504b8fb27,1ca632f69fd1f5a8688e87d89f3c4c3b,8f08392415e6a31656a12aed2c44610a2e240fe2859d9be4bca8b66fb1cf0361,Machine_1,20200624,Machine_1_20200624
002_20200624_123148(2),C:\kamp\4. X-ray\dataset\라벨링 6종 세트\images 400\002_20200624_123148(2).jpg,C:\kamp\4. X-ray\dataset\라벨링 6종 세트\labels\002_20200624_123148(2).txt,BMP,316,332,3,3,2e6cc7358730eeb8d149312865b4f6a86cd023e3d8ed36eb2a601c6f38d5d76a,4c3eb0c85637dc75a33f028594262c98,4090f6286489d73e950680719576120726d2d0b597ebbfed2343d5671f0f8df6,Machine_1,20200624,Machine_1_20200624
002_20200624_123152(7),C:\kamp\4. X-ray\dataset\라벨링 6종 세트\images 400\002_20200624_123152(7).jpg,C:\kamp\4. X-ray\dataset\라벨링 6종 세트\labels\002_20200624_123152(7).txt,BMP,316,332,3,3,7863c6ff93ee25968e8b339a0aa1116802d6639ec224e84cf8758db8ba086012,40837597c19e71b82dab0a9aab88f57e,64db2be84933b3feb02fd6baf88578f59c2723e377774dd8428c99633440c854,Machine_1,20200624,Machine_1_20200624
002_20200624_123157(4),C:\kamp\4. X-ray\dataset\라벨링 6종 세트\images 400\002_20200624_123157(4).jpg,C:\kamp\4. X-ray\dataset\라벨링 6종 세트\labels\002_20200624_123157(4).txt,BMP,316,332,3,3,5e29fee6897cabeae71d1d3e78c79e7e7148e1ef4f0eb145b31faa4dc5d62a2f,fea75545037a457202a4879212cc890c,8411122ad288b9a31442f239bd9f39c6acffc590e2eb2030963d48104a7699a3,Machine_1,20200624,Machine_1_20200624
002_20200624_123201(7),C:\kamp\4. X-ray\dataset\라벨링 6종 세트\images 400\002_20200624_123201(7).jpg,C:\kamp\4. X-ray\dataset\라벨링 6종 세트\labels\002_20200624_123201(7).txt,BMP,316,332,3,3,35e0d79f478bbc674bc908a87f90843018e8fa5390724178bdff9ee77c3d6b16,7305b767ffe575c6ec9a6cbc7dfe71e2,494444ac92086ecdf0eac2fcce4b33b43c3ffee089429d2d1be18a5aa4554df0,Machine_1,20200624,Machine_1_20200624
002_20200624_123206(2),C:\kamp\4. X-ray\dataset\라벨링 6종 세트\images 400\002_20200624_123206(2).jpg,C:\kamp\4. X-ray\dataset\라벨링 6종 세트\labels\002_20200624_123206(2).txt,BMP,316,332,3,3,3d894c3e259eac6ee0cdaff733d0638a17cc4a08f107100defd433e670a849ea,0018eead33ca766a8687906b7086b987,841ffa6c6ec05aa6d53813d761bd5ca6d7ac1fa268ac2f3e88ec7588580b84fe,Machine_1,20200624,Machine_1_20200624
002_20200624_162522(0),C:\kamp\4. X-ray\dataset\라벨링 6종 세트\images 400\002_20200624_162522(0).jpg,C:\kamp\4. X-ray\dataset\라벨링 6종 세트\labels\002_20200624_162522(0).txt,BMP,352,332,3,3,87cb9eef40b6c40ca793078012d93b47f21ed4b11e0ebaa2bb8c4068c770470c,93928d3bb17d064aae776d3dd9f8ae23,d13fa494771c837fa9b2db72a6ad8804d2a1dea4858d2fbe14070d3b3fe5f6ca,Machine_1,20200624,Machine_1_20200624
002_20200624_162527(8),C:\kamp\4. X-ray\dataset\라벨링 6종 세트\images 400\002_20200624_162527(8).jpg,C:\kamp\4. X-ray\dataset\라벨링 6종 세트\labels\002_20200624_162527(8).txt,BMP,352,332,3,3,b6780f268b2398779789a57634e3360e113571b3a516834761f4fd1976d4b672,1653979270f91cc68e624ca4cf770687,75769ce4ca5932d431d1227b2647f3ce16971a1f0c8c76d5f1c5849cd48bde1a,Machine_1,20200624,Machine_1_20200624
002_20200624_162531(7),C:\kamp\4. X-ray\dataset\라벨링 6종 세트\images 400\002_20200624_162531(7).jpg,C:\kamp\4. X-ray\dataset\라벨링 6종 세트\labels\002_20200624_162531(7).txt,BMP,352,332,3,3,4131e53d47d0d9e7772b7dd714348529bea509c96ffce99ee344630ad61c99aa,c1960e5c114b09bfe5b99ea971ad91cf,2ba97e62fbdc003b9aa404aae4c0f5e92ee866d6fa9964574d4550bdc6883003,Machine_1,20200624,Machine_1_20200624
002_20200624_162536(8),C:\kamp\4. X-ray\dataset\라벨링 6종 세트\images 400\002_20200624_162536(8).jpg,C:\kamp\4. X-ray\dataset\라벨링 6종 세트\labels\002_20200624_162536(8).txt,BMP,352,332,3,3,0a0c35490ec903f2db41628f234550ef935d3116c0c7ebd5cbbc94818a2ff0f2,d6407206ddbf653caa7cb693e87d0412,77cdf412d283996dd69f6a854ea816218771a98bec6bf900dcfd405343603fa2,Machine_1,20200624,Machine_1_20200624
002_20200624_162540(3),C:\kamp\4. X-ray\dataset\라벨링 6종 세트\images 400\002_20200624_162540(3).jpg,C:\kamp\4. X-ray\dataset\라벨링 6종 세트\labels\002_20200624_162540(3).txt,BMP,352,332,3,3,67ec620c3d550b630d31455b8541324e574cd7a79b76e001a3d53f99bca15603,853d178d9aef115603c922770f754bc1,9b679f5f7da181a8f8278da82220c72c027b4dbcbf73d94c4923c3e62053bf6a,Machine_1,20200624,Machine_1_20200624
002_20200624_162543(7),C:\kamp\4. X-ray\dataset\라벨링 6종 세트\images 400\002_20200624_162543(7).jpg,C:\kamp\4. X-ray\dataset\라벨링 6종 세트\labels\002_20200624_162543(7).txt,BMP,352,332,3,3,9e1bede8d95abaec16900bc30065bb86e9825bffb33ce018206dbda78abc999b,620d4997f0a38bd2b80e664e3e113739,79b2ffcafff46b1220cd854f8ccdbc47b34e333f074af8c46193ef34bc3bb783,Machine_1,20200624,Machine_1_20200624
002_20200624_162708(9),C:\kamp\4. X-ray\dataset\라벨링 6종 세트\images 400\002_20200624_162708(9).jpg,C:\kamp\4. X-ray\dataset\라벨링 6종 세트\labels\002_20200624_162708(9).txt,BMP,316,332,3,3,12cb367004daf09eaf887a4fc602152b15b243756681360fd95d0642054ffab1,88d516dcada5d323f9d0a62159641c86,2c4db4e454c1e896ab4bb6deeb8776491865f90aec6c316c91552a29130b94c9,Machine_1,20200624,Machine_1_20200624
002_20200624_162713(4),C:\kamp\4. X-ray\dataset\라벨링 6종 세트\images 400\002_20200624_162713(4).jpg,C:\kamp\4. X-ray\dataset\라벨링 6종 세트\labels\002_20200624_162713(4).txt,BMP,316,332,3,3,c2b41a363c659a2c6b86a7a3df2143c16a9b15c49e5884f9277dabce49896c92,ca748a4da96fcccf500a98c5e4b8b52a,930dd34ad02bfba5ae34c254289de56508bfe24fd2a5d6afc4e7b018a8aec758,Machine_1,20200624,Machine_1_20200624
002_20200624_162717(9),C:\kamp\4. X-ray\dataset\라벨링 6종 세트\images 400\002_20200624_162717(9).jpg,C:\kamp\4. X-ray\dataset\라벨링 6종 세트\labels\002_20200624_162717(9).txt,BMP,316,332,3,3,08f9e36c30209e4c659e462f5ccab548bd536b0758652f4287c395dcddf95a66,45630da110637aaa3600312357a26dac,9b78f6ce09639f69b982d825a11ddbcf43079a73d7abee61c436ca30d0ac6ba6,Machine_1,20200624,Machine_1_20200624
002_20200624_162722(4),C:\kamp\4. X-ray\dataset\라벨링 6종 세트\images 400\002_20200624_162722(4).jpg,C:\kamp\4. X-ray\dataset\라벨링 6종 세트\labels\002_20200624_162722(4).txt,BMP,316,332,3,3,a9438019bf954be6757c575521dae6772268796c4a49f54af72d21a730b36db4,91c4331bf7dcbbe8c9db0b0f9db3fd2b,319220ef3eb7ed9e9a08d9dcb40356511aeef7d5c5cc80c02c56ab77366f775a,Machine_1,20200624,Machine_1_20200624
002_20200624_203003(9),C:\kamp\4. X-ray\dataset\라벨링 6종 세트\images 400\002_20200624_203003(9).jpg,C:\kamp\4. X-ray\dataset\라벨링 6종 세트\labels\002_20200624_203003(9).txt,BMP,352,332,3,3,a5429c725309bd5320000133972510a42692fc8b5e54894d53ae27d5758bed65,7b4546a9a41ff80a0aec2666766ce826,b9c1722a5e006e15ba4fab221d0463d408a01444e942f024e41360194215242f,Machine_1,20200624,Machine_1_20200624
002_20200624_203012(9),C:\kamp\4. X-ray\dataset\라벨링 6종 세트\images 400\002_20200624_203012(9).jpg,C:\kamp\4. X-ray\dataset\라벨링 6종 세트\labels\002_20200624_203012(9).txt,BMP,352,332,3,3,90e816715377b00836040e40a7fd5e2a8c99514efeb49d330a6e2fcf470a5e20,de6899021621a6aa87fb6a8e1281d586,8e9d62fe62eae484ed03622dd2b2a973a5221de378390f8ea632aeabfabcb394,Machine_1,20200624,Machine_1_20200624
002_20200624_203017(4),C:\kamp\4. X-ray\dataset\라벨링 6종 세트\images 400\002_20200624_203017(4).jpg,C:\kamp\4. X-ray\dataset\라벨링 6종 세트\labels\002_20200624_203017(4).txt,BMP,352,332,3,3,f64f8b0ffbaa9db18304d801685388e66c0a740e4232a55bdebb75cb09c22f81,2f1e46f2bd21d0e4bd673d157d726ed4,5d4614185a17d0c47e7aeaf44c12efe32d5f85cc5e06ce4746ee0d528261c293,Machine_1,20200624,Machine_1_20200624
002_20200624_203021(9),C:\kamp\4. X-ray\dataset\라벨링 6종 세트\images 400\002_20200624_203021(9).jpg,C:\kamp\4. X-ray\dataset\라벨링 6종 세트\labels\002_20200624_203021(9).txt,BMP,352,332,3,3,937d8b858ddbba417a2a00c1e17586bc92d5f5f712c9fcb50f384cda6bbbe4b5,8f22a2d1344fcf1bb0cb597db0183068,b15f68d198c85c31c027462512e5a1c3144661a2cc260dd95ce71fefdc4fefe5,Machine_1,20200624,Machine_1_20200624
002_20200624_203026(4),C:\kamp\4. X-ray\dataset\라벨링 6종 세트\images 400\002_20200624_203026(4).jpg,C:\kamp\4. X-ray\dataset\라벨링 6종 세트\labels\002_20200624_203026(4).txt,BMP,352,332,3,3,08f222fb605c991c9960b80e30c706a48400d7dad8cbdb6ca219f0a5cdacca81,720939db644ee4f4040a4d8bfe63b00a,88c327ab4a18f3e92a01dd9c0f0e0aa51a64c13538a4eb9e2f95e96ce80a4ef8,Machine_1,20200624,Machine_1_20200624
002_20200624_203044(4),C:\kamp\4. X-ray\dataset\라벨링 6종 세트\images 400\002_20200624_203044(4).jpg,C:\kamp\4. X-ray\dataset\라벨링 6종 세트\labels\002_20200624_203044(4).txt,BMP,352,332,3,3,194f9e47e60c8e16c85f37ed4774c514bc1cdcffdf1ffcd7b9f52427db8588d2,dcff31b23baf2266cdd40e4e04d345a7,21b8427d86c991bb84e7ecdd433233d7ac0fcee8e9bd790b2c20922dcd491a63,Machine_1,20200624,Machine_1_20200624
002_20200624_203111(4),C:\kamp\4. X-ray\dataset\라벨링 6종 세트\images 400\002_20200624_203111(4).jpg,C:\kamp\4. X-ray\dataset\라벨링 6종 세트\labels\002_20200624_203111(4).txt,BMP,316,332,3,3,60fedc369aa3d070212af4ce65e9b44d7d4ee0f2685bb30db64f33d29d7cd74c,c079b66ca56022df62a31f605244099c,223f1f4d2a8c539289812456b9c51900a450207189c405941dac14c002791397,Machine_1,20200624,Machine_1_20200624
002_20200624_203114(3),C:\kamp\4. X-ray\dataset\라벨링 6종 세트\images 400\002_20200624_203114(3).jpg,C:\kamp\4. X-ray\dataset\라벨링 6종 세트\labels\002_20200624_203114(3).txt,BMP,316,332,3,3,020fad483ab0d8079a4f78672897f7b7d90e0eeadbb2d848f6305644da0609f8,996277c1de0dc0905a17124a047a350e,3b8417f51c9a0c3b43f7a6d635b5bec98c1d6697e53d5ef07cd5c8841b2e80f3,Machine_1,20200624,Machine_1_20200624
002_20200624_203117(3),C:\kamp\4. X-ray\dataset\라벨링 6종 세트\images 400\002_20200624_203117(3).jpg,C:\kamp\4. X-ray\dataset\라벨링 6종 세트\labels\002_20200624_203117(3).txt,BMP,316,332,3,3,d0f838bc2f440ae4ace6576f170d2aacba14e9d81b5ca0caa89bd98e82a00c49,bad4e18dfda1e4d782b5e76139762ca5,8dd4380e8faf40f6712bd7da8fa5eea74156dbe50e8e1ca5b7bfefcd6b198af8,Machine_1,20200624,Machine_1_20200624
002_20200624_203120(3),C:\kamp\4. X-ray\dataset\라벨링 6종 세트\images 400\002_20200624_203120(3).jpg,C:\kamp\4. X-ray\dataset\라벨링 6종 세트\labels\002_20200624_203120(3).txt,BMP,316,332,3,3,81e3948f2730e6e9912c5952136f2c58bbb8007005eab2eeb55bf218c542a568,3e6ca8d963615a03cdf79930da7c6015,8517146b549629d0fc9056846802ce6259bd29c397880973d7e15cfef1b670ff,Machine_1,20200624,Machine_1_20200624
002_20200624_203123(3),C:\kamp\4. X-ray\dataset\라벨링 6종 세트\images 400\002_20200624_203123(3).jpg,C:\kamp\4. X-ray\dataset\라벨링 6종 세트\labels\002_20200624_203123(3).txt,BMP,316,332,3,3,1ea8e72c19dfb5f78a2757aafd47a583869c6ebd214bd6179de6ff1c55100439,087c080d86af0c5f06f9b2e4a63cd8f8,38d897cab48f8d5dd82edca39418868e519a00f9b13c4e2e2f91cbaeffb23f1e,Machine_1,20200624,Machine_1_20200624
002_20200624_203126(3),C:\kamp\4. X-ray\dataset\라벨링 6종 세트\images 400\002_20200624_203126(3).jpg,C:\kamp\4. X-ray\dataset\라벨링 6종 세트\labels\002_20200624_203126(3).txt,BMP,316,332,3,3,320bf484710faddeb0c042ff014189174037d8ac5effd615d45fc31cfe97758b,4940e28a4eda1f7da82a60558db02a1a,f813c3b3dcac6cd457bc3f950a9631e7d75cc3865d61ce3cd0ee76d94edeba9e,Machine_1,20200624,Machine_1_20200624
002_20200625_003116(4),C:\kamp\4. X-ray\dataset\라벨링 6종 세트\images 400\002_20200625_003116(4).jpg,C:\kamp\4. X-ray\dataset\라벨링 6종 세트\labels\002_20200625_003116(4).txt,BMP,352,332,3,3,67d6e40cfcb4d10fdac2b5dfc13bd43fd403565aaa9b11cd33302dad27eccefc,856b339459e29686354aeafe9351397a,f5545e265266e87efc4de2081e3952e7209f39b88ffb3a069a33aec62346bc85,Machine_1,20200625,Machine_1_20200625
002_20200625_003120(7),C:\kamp\4. X-ray\dataset\라벨링 6종 세트\images 400\002_20200625_003120(7).jpg,C:\kamp\4. X-ray\dataset\라벨링 6종 세트\labels\002_20200625_003120(7).txt,BMP,352,332,3,3,8bb7762876d9bb64dc990fd323a8f1ef1cdb681a09108e633e5d3a2b3526b973,7287b8f6169f340e8a24ac9da6af26f8,61c9ee7fa475b9f9aa61c1278c8e49b4666cf87fe61600051309df20ace5535e,Machine_1,20200625,Machine_1_20200625
002_20200625_003125(4),C:\kamp\4. X-ray\dataset\라벨링 6종 세트\images 400\002_20200625_003125(4).jpg,C:\kamp\4. X-ray\dataset\라벨링 6종 세트\labels\002_20200625_003125(4).txt,BMP,352,332,3,3,35a5e64aabaea6d6f7252e0c1d3a5f6531a65d590c5aa5332a59ff5157f4517b,0a54f615b78aeec63ea836f59ed37162,9f5e4e4f9e894c60ac7136dbc70fbda39d5634ada569c29d3927d9724ed72504,Machine_1,20200625,Machine_1_20200625
002_20200625_003130(0),C:\kamp\4. X-ray\dataset\라벨링 6종 세트\images 400\002_20200625_003130(0).jpg,C:\kamp\4. X-ray\dataset\라벨링 6종 세트\labels\002_20200625_003130(0).txt,BMP,352,332,3,3,45e71c878dd6fe1125bc5c69eb7a70ae382913249b4c2e65b6325384bbc382eb,5cffc4abd62b98736bfe7e56bbf18485,599dc88a16968639f9fec8b2a7823af87785f615e62c3958eb5d488e2e86f698,Machine_1,20200625,Machine_1_20200625
002_20200625_003134(4),C:\kamp\4. X-ray\dataset\라벨링 6종 세트\images 400\002_20200625_003134(4).jpg,C:\kamp\4. X-ray\dataset\라벨링 6종 세트\labels\002_20200625_003134(4).txt,BMP,352,332,3,3,26d8653ad13c31a67d7c32f3ca8a7d40091d4d9254070e35a019c8853de31b97,29682a6c8c256e629fac768f4700bab3,16a408e7655bfd8a20e76431e569dffc08f14a9dd1adf2ea9a592a2ce44a82b6,Machine_1,20200625,Machine_1_20200625
002_20200625_003139(0),C:\kamp\4. X-ray\dataset\라벨링 6종 세트\images 400\002_20200625_003139(0).jpg,C:\kamp\4. X-ray\dataset\라벨링 6종 세트\labels\002_20200625_003139(0).txt,BMP,352,332,3,3,6dd68ee5c8a79053d32b8649aa1ca8c1785d896f09e7ff3bff97d74f8717f7c5,c1f0b27863a43b6dd53fba3fb34bb3f2,a451c62da53ec7467615db3df805fef80390cf17b8715bf9300f74a8e4c64cfa,Machine_1,20200625,Machine_1_20200625
002_20200625_003352(9),C:\kamp\4. X-ray\dataset\라벨링 6종 세트\images 400\002_20200625_003352(9).jpg,C:\kamp\4. X-ray\dataset\라벨링 6종 세트\labels\002_20200625_003352(9).txt,BMP,316,332,3,3,3e8931bdfd55e48c4a25e06d81e9168d5b51bae271d11de117e14ec0796b9e01,79feb2833cb105f4e679f072d1a46f76,e4a1fc43a218fd6f22b22d61053bb8ff82a06bb9472ff86f8afe7dd0430a5aa0,Machine_1,20200625,Machine_1_20200625
002_20200625_003357(4),C:\kamp\4. X-ray\dataset\라벨링 6종 세트\images 400\002_20200625_003357(4).jpg,C:\kamp\4. X-ray\dataset\라벨링 6종 세트\labels\002_20200625_003357(4).txt,BMP,316,332,3,3,786bad0ebcf778ab654966ec3720cc8032a9067d90405d3a8b2f8ba8f702f105,e9ea72a86e51d6a8b5c48a60733e7022,476afcd17342b91643de2e26fbfb981de65477a9591b9b0cdc66776064d5d0f3,Machine_1,20200625,Machine_1_20200625
002_20200625_003401(8),C:\kamp\4. X-ray\dataset\라벨링 6종 세트\images 400\002_20200625_003401(8).jpg,C:\kamp\4. X-ray\dataset\라벨링 6종 세트\labels\002_20200625_003401(8).txt,BMP,316,332,3,3,18bf4cba5f58057267a9cbe6585d2ccc9c6193306e887ea72b7872e3f34deffb,defa21f6ce911829a030cb2100699178,dda6d1946cf8419604fa8c3b7a491dd3d223138c933f709539af5eeed56e706e,Machine_1,20200625,Machine_1_20200625
002_20200625_003406(3),C:\kamp\4. X-ray\dataset\라벨링 6종 세트\images 400\002_20200625_003406(3).jpg,C:\kamp\4. X-ray\dataset\라벨링 6종 세트\labels\002_20200625_003406(3).txt,BMP,316,332,3,3,2edd979d95857ab5e56fbf6c53f3b7d5db10b3e0d9db128efbc1bb27cf9b17af,d67713c262a21fb790e9a74a2d2bbdad,11b5548c0b5199c3e38c31f89680973cd952a257c40c55f160cb26c243d602cb,Machine_1,20200625,Machine_1_20200625
002_20200625_003410(8),C:\kamp\4. X-ray\dataset\라벨링 6종 세트\images 400\002_20200625_003410(8).jpg,C:\kamp\4. X-ray\dataset\라벨링 6종 세트\labels\002_20200625_003410(8).txt,BMP,316,332,3,3,c98fd72a0d577dbb7cb5c337a17ca9f5ad0f1ce66fb961d701393b61c48f22ed,591e44b3e74732e5da550e72bfdf7a33,a94f82448e2dd83cc46ce22429f05de70f752da945ad8220e69347311074a7e6,Machine_1,20200625,Machine_1_20200625
002_20200625_003415(4),C:\kamp\4. X-ray\dataset\라벨링 6종 세트\images 400\002_20200625_003415(4).jpg,C:\kamp\4. X-ray\dataset\라벨링 6종 세트\labels\002_20200625_003415(4).txt,BMP,316,332,3,3,192e07f1b2a3c34ac648eeb73ddd8c4ea75eaf06f5c78f29a096b75f68fa3ee5,97cf68fa48394ad0aad2445185781657,eddacb57aeadaf1a3c7d5bba5f807685716fa8e96ce52edb47603e776daeec98,Machine_1,20200625,Machine_1_20200625
002_20200625_042934(9),C:\kamp\4. X-ray\dataset\라벨링 6종 세트\images 400\002_20200625_042934(9).jpg,C:\kamp\4. X-ray\dataset\라벨링 6종 세트\labels\002_20200625_042934(9).txt,BMP,352,332,3,3,e6f9ee93dd2b6e9f2d4918d4b753e248207a641b1ceb76007ec0bb1b7c741ee9,a386c4177e41ba778e2a8a4843df9268,c1bc0d8fcdf559cc500663402cc66238c34a71f2f13cac2c46b41d8901029126,Machine_1,20200625,Machine_1_20200625
002_20200625_042939(2),C:\kamp\4. X-ray\dataset\라벨링 6종 세트\images 400\002_20200625_042939(2).jpg,C:\kamp\4. X-ray\dataset\라벨링 6종 세트\labels\002_20200625_042939(2).txt,BMP,352,332,3,3,f1cbbfe479d55ef4653a97f4eb77c168a4e04ca53314745d256ae9c0470c8dee,bcf1c5588fc0313aa8c82321b63fb3a5,63ab501582af73084f43398da210db6708101710914d9c9a4122f68ed21c94d8,Machine_1,20200625,Machine_1_20200625
002_20200625_042943(7),C:\kamp\4. X-ray\dataset\라벨링 6종 세트\images 400\002_20200625_042943(7).jpg,C:\kamp\4. X-ray\dataset\라벨링 6종 세트\labels\002_20200625_042943(7).txt,BMP,352,332,3,3,e965fb7b134692439c03a73007c14602d971a9bd409742ad51604124bbdb7902,8612fc8406078f3195d79610adcdd2c5,0c8f7ec7d1e6a808071ecddaa72a21a8314cc4a15e3397076784a19a84029497,Machine_1,20200625,Machine_1_20200625
002_20200625_042948(3),C:\kamp\4. X-ray\dataset\라벨링 6종 세트\images 400\002_20200625_042948(3).jpg,C:\kamp\4. X-ray\dataset\라벨링 6종 세트\labels\002_20200625_042948(3).txt,BMP,352,332,3,3,e8d69bdfbf5e52212cdab0ba9660345863ec969f519effca1b7f83b8a1c10bae,4ee8e1975b1f90fc0efb3ade7a3f0641,a741802092c5cb4691f1af5657fcd1519d332fb1f948edf933603bf47533b6bb,Machine_1,20200625,Machine_1_20200625
002_20200625_042952(8),C:\kamp\4. X-ray\dataset\라벨링 6종 세트\images 400\002_20200625_042952(8).jpg,C:\kamp\4. X-ray\dataset\라벨링 6종 세트\labels\002_20200625_042952(8).txt,BMP,352,332,3,3,7cdc38d95bb55033a883e4fbb8f819a62fa0f064181666b7f0f21596978b4e2a,1468167e26b51cebfe2dc1d9cdad1102,e314af58f58d9600f85ad955046f24d8730e8920ee8b5ea4d48e1950b104cd24,Machine_1,20200625,Machine_1_20200625
002_20200625_042957(3),C:\kamp\4. X-ray\dataset\라벨링 6종 세트\images 400\002_20200625_042957(3).jpg,C:\kamp\4. X-ray\dataset\라벨링 6종 세트\labels\002_20200625_042957(3).txt,BMP,352,332,3,3,f26681a2b4a689c260386e70ad66414f525ca4e7cf6d2ac1f292f378e61f55b8,69e8a23f5c6ab531eb51fa7a8afb560b,73dee2fe0ae2e577e7ba5e970beca254c79420c731077e827181c5af244c415d,Machine_1,20200625,Machine_1_20200625
002_20200629_082630(7),C:\kamp\4. X-ray\dataset\라벨링 6종 세트\images 400\002_20200629_082630(7).jpg,C:\kamp\4. X-ray\dataset\라벨링 6종 세트\labels\002_20200629_082630(7).txt,BMP,352,332,3,3,204e38b0f6fafabed28df5cee2c6be83d4a23eb339afad77ed6b3ada66764fec,664a54efb8d93d7c503ce7dc7351d40f,9a9c82a27f3bdc07cb5c0250e0b1322c449aab085af71248c2d9504659f71b48,Machine_1,20200629,Machine_1_20200629
002_20200629_082639(2),C:\kamp\4. X-ray\dataset\라벨링 6종 세트\images 400\002_20200629_082639(2).jpg,C:\kamp\4. X-ray\dataset\라벨링 6종 세트\labels\002_20200629_082639(2).txt,BMP,352,332,3,3,bcffffb4e4b5f2c18712cc9b5d7a52f88e710844d990b2397dccdd5ed38a5111,2dee045d009a1e5e6dfe8672f1560f88,45290d7840acd1809c75b057ceb29ba96882a42cf3df03e86685f84faa5d9601,Machine_1,20200629,Machine_1_20200629
002_20200629_082642(2),C:\kamp\4. X-ray\dataset\라벨링 6종 세트\images 400\002_20200629_082642(2).jpg,C:\kamp\4. X-ray\dataset\라벨링 6종 세트\labels\002_20200629_082642(2).txt,BMP,352,332,3,3,2e771ff4e624740cc57a77aa5f1fe638dd21e4ea1c40a6e2c27f2f870eca39fc,a69db7c35bf18f4ba530d3d6a3b1635c,ecb6058bfda6a65e045a7703a3aaef6e13828a5c9654da2c7913979dd88f3d1d,Machine_1,20200629,Machine_1_20200629
002_20200629_082645(4),C:\kamp\4. X-ray\dataset\라벨링 6종 세트\images 400\002_20200629_082645(4).jpg,C:\kamp\4. X-ray\dataset\라벨링 6종 세트\labels\002_20200629_082645(4).txt,BMP,352,332,3,3,b28091d1c17ad0d5932e45355a68bfe4a58d0cc4bff79b534b8386971175acf4,dc88999bdf6eed736ebecec55d6455cf,9cc8419ed3e145ef92c88b26ef11eab9376b4ebf802c464832db0b648a40febd,Machine_1,20200629,Machine_1_20200629
002_20200629_082823(5),C:\kamp\4. X-ray\dataset\라벨링 6종 세트\images 400\002_20200629_082823(5).jpg,C:\kamp\4. X-ray\dataset\라벨링 6종 세트\labels\002_20200629_082823(5).txt,BMP,316,332,3,3,43312d75114525cfd159c5e810a066660f8b2edc903b1395f1df09d5a412a22e,ea1a0318d3f94dd2bb920a3fce1d1501,41ccd187f1d874b9b5af0dc06fb72fed63f29f06003d9dde92d0fc93d4a33deb,Machine_1,20200629,Machine_1_20200629
002_20200629_082828(5),C:\kamp\4. X-ray\dataset\라벨링 6종 세트\images 400\002_20200629_082828(5).jpg,C:\kamp\4. X-ray\dataset\라벨링 6종 세트\labels\002_20200629_082828(5).txt,BMP,316,332,3,3,9cebc46fa53ddd9c380f4ddf19de5fcf283017eebb72905e2be08a04b29b3b6a,7bd2df4bc866e09acc4b2880d36063fd,2e6f20c7104a659d48f359a24a0b2424bf36f9d80a24dd5a891ecd7dc6548b40,Machine_1,20200629,Machine_1_20200629
002_20200629_082831(3),C:\kamp\4. X-ray\dataset\라벨링 6종 세트\images 400\002_20200629_082831(3).jpg,C:\kamp\4. X-ray\dataset\라벨링 6종 세트\labels\002_20200629_082831(3).txt,BMP,316,332,3,3,1fd4fe99d06484bd3002d60225788904d5bf9c7e745b96cd7567c0638139bb1d,2faecb950829dbe3f3177a829c244218,9372e780eef3c279eacc0be50f3f599bdd6169b3062491bd536c786a7f36c7e5,Machine_1,20200629,Machine_1_20200629
002_20200629_082834(2),C:\kamp\4. X-ray\dataset\라벨링 6종 세트\images 400\002_20200629_082834(2).jpg,C:\kamp\4. X-ray\dataset\라벨링 6종 세트\labels\002_20200629_082834(2).txt,BMP,316,332,3,3,db05dcf06a08975042b7a7c97ec1b912152ea50356f07e35768018ed0199234b,a435776d9be3da20055d0f2c5b13aec6,8435d2fd3b0f1714bea042dafb2d26183af8eda6b156048d2867e0119f47063f,Machine_1,20200629,Machine_1_20200629
002_20200629_082837(0),C:\kamp\4. X-ray\dataset\라벨링 6종 세트\images 400\002_20200629_082837(0).jpg,C:\kamp\4. X-ray\dataset\라벨링 6종 세트\labels\002_20200629_082837(0).txt,BMP,316,332,3,3,d9618a0ab7aa8a3e492108fa98b86373015cb3e9a59af1627eac649a09feee7b,ce46b6ebeaad7fc795f8de3d648a24d7,8d2e77bdefc73c1836dfdf9b90bd0039e1dc413c74c4458d75d4be81a489e56d,Machine_1,20200629,Machine_1_20200629
002_20200629_082839(9),C:\kamp\4. X-ray\dataset\라벨링 6종 세트\images 400\002_20200629_082839(9).jpg,C:\kamp\4. X-ray\dataset\라벨링 6종 세트\labels\002_20200629_082839(9).txt,BMP,316,332,3,3,7b28854073f9718aa34840fdb8faa4584ed5b63b76723841e89785009617320b,e3f3073203cecd3a065da5f952d1815c,ef7f78fcfd11337a3704010d3b6abf46fb88fbeae4a1e6ab3b9e393e6200d62c,Machine_1,20200629,Machine_1_20200629
002_20200629_123442(5),C:\kamp\4. X-ray\dataset\라벨링 6종 세트\images 400\002_20200629_123442(5).jpg,C:\kamp\4. X-ray\dataset\라벨링 6종 세트\labels\002_20200629_123442(5).txt,BMP,316,332,3,3,03a503fb69f9be678a3238c23cd377c050d8cc8c98716f43a37efe3d4a3e47f7,eb61c97e96fb12ccbd758e33f64b1b9f,ad0bee90d4b52e5d5cdcc3bb3cced4ed29585a0fedf7e75bbf17ec707a1df4d3,Machine_1,20200629,Machine_1_20200629
002_20200629_123447(0),C:\kamp\4. X-ray\dataset\라벨링 6종 세트\images 400\002_20200629_123447(0).jpg,C:\kamp\4. X-ray\dataset\라벨링 6종 세트\labels\002_20200629_123447(0).txt,BMP,316,332,3,3,9e3e7ae1ad61fdb7fe7d14d9229f1f47c9be914afd0db595ed8464ed492740dc,a9d94cd73de3385262ecf64c5b517bf8,c79d8b977c4128d4498f2f1c9ebfabc4bcb44515cb06c62ae8df183b6d1a2bf7,Machine_1,20200629,Machine_1_20200629
002_20200629_123451(5),C:\kamp\4. X-ray\dataset\라벨링 6종 세트\images 400\002_20200629_123451(5).jpg,C:\kamp\4. X-ray\dataset\라벨링 6종 세트\labels\002_20200629_123451(5).txt,BMP,316,332,3,3,97ee6382808524cc7d5ede6826b938243183c8936025f645dee77688735f0614,065e0821e702c38e689d0e9c03f344d9,da6df873fbf349db7c21fa7efd16fbcf4d1bb944eee40e304b9b9743c29d25ce,Machine_1,20200629,Machine_1_20200629
002_20200629_123456(0),C:\kamp\4. X-ray\dataset\라벨링 6종 세트\images 400\002_20200629_123456(0).jpg,C:\kamp\4. X-ray\dataset\라벨링 6종 세트\labels\002_20200629_123456(0).txt,BMP,316,332,3,3,8cd1584cfdb1e014cee79a39e9666fc8272d1c3d779febe1f1236c6e955a4560,de04a1ef652327097d4418b82c50fec0,9b9ac62a783d13e74e35a3609f415562489d0d35462ea023cbdfbb89f8dd65a2,Machine_1,20200629,Machine_1_20200629
002_20200629_123500(5),C:\kamp\4. X-ray\dataset\라벨링 6종 세트\images 400\002_20200629_123500(5).jpg,C:\kamp\4. X-ray\dataset\라벨링 6종 세트\labels\002_20200629_123500(5).txt,BMP,316,332,3,3,aa4c5fa1839a4285dd7124a90e315390c3878545acb1f7f06fbb7a8d16c1d473,e4c4806cebddc1f75db5a1a7a902a374,baf3740a49a8b8d3074778cb3a420225e3aa2d5a51e1933df77af216926fe976,Machine_1,20200629,Machine_1_20200629
002_20200629_123505(0),C:\kamp\4. X-ray\dataset\라벨링 6종 세트\images 400\002_20200629_123505(0).jpg,C:\kamp\4. X-ray\dataset\라벨링 6종 세트\labels\002_20200629_123505(0).txt,BMP,316,332,3,3,33034ab39dc6eed0706a84d6805503a9284d7db9c59085386c221f5488a8578c,88ce9f07cecc115ef864deacac1839c3,92070ebe9770cf728e122ca9af82f9bad9fd2943d04d8356fc39ddef9c03d074,Machine_1,20200629,Machine_1_20200629
002_20200629_163656(7),C:\kamp\4. X-ray\dataset\라벨링 6종 세트\images 400\002_20200629_163656(7).jpg,C:\kamp\4. X-ray\dataset\라벨링 6종 세트\labels\002_20200629_163656(7).txt,BMP,316,332,3,3,36d1bc8993246873e9380b4b4067edb47cdeff227d105ee637ac5d347e5d0a82,1da92f7395f1d179e234e3276d2de740,7ee1e39c52bde5a9a12a93adece333e2c3425727333c133c264b136e8ff7e804,Machine_1,20200629,Machine_1_20200629
002_20200629_163659(7),C:\kamp\4. X-ray\dataset\라벨링 6종 세트\images 400\002_20200629_163659(7).jpg,C:\kamp\4. X-ray\dataset\라벨링 6종 세트\labels\002_20200629_163659(7).txt,BMP,316,332,3,3,33101b004d59418eefdd02cbc57ed15afd850eef00094c3f06b86891ca235ff3,a73805b5ed512886aa5062535f4fda2f,93fd947fd00c8f6747051aee29d6f506e35e6aeec5e9419d6d92fa2e132da050,Machine_1,20200629,Machine_1_20200629
002_20200629_163702(8),C:\kamp\4. X-ray\dataset\라벨링 6종 세트\images 400\002_20200629_163702(8).jpg,C:\kamp\4. X-ray\dataset\라벨링 6종 세트\labels\002_20200629_163702(8).txt,BMP,316,332,3,3,04c8d74b2788be106d290d923243490ec90a498fbca444178a31ac88fba1624f,464df8e096fc51ff3c22a773996975bb,4e9725e0dc25ad200a5958836fe543c2c44d90ed25cd2ef66a5e3e147083cdf5,Machine_1,20200629,Machine_1_20200629
002_20200629_163705(8),C:\kamp\4. X-ray\dataset\라벨링 6종 세트\images 400\002_20200629_163705(8).jpg,C:\kamp\4. X-ray\dataset\라벨링 6종 세트\labels\002_20200629_163705(8).txt,BMP,316,332,3,3,0eaea29bcceb73730eb01cb7b74baad99ed007476894edad201b4602da7d294e,2192c2785ceca13459eb0caf99629d17,51d5f5d1a98c7c80cee1c97b7b474ac09672f115be4d5350069db69fe3238fba,Machine_1,20200629,Machine_1_20200629
002_20200629_163708(9),C:\kamp\4. X-ray\dataset\라벨링 6종 세트\images 400\002_20200629_163708(9).jpg,C:\kamp\4. X-ray\dataset\라벨링 6종 세트\labels\002_20200629_163708(9).txt,BMP,316,332,3,3,75667efc1afce346843a96bd94519f4d276ce619446e52ca32252b3a30352d5e,9d15f3302d20497bc8a2b3f080777c20,72b52867c537de88d7666fc857d2e4b07bc9cbe489500789a0f39920cae70ed0,Machine_1,20200629,Machine_1_20200629
002_20200629_163711(8),C:\kamp\4. X-ray\dataset\라벨링 6종 세트\images 400\002_20200629_163711(8).jpg,C:\kamp\4. X-ray\dataset\라벨링 6종 세트\labels\002_20200629_163711(8).txt,BMP,316,332,3,3,77aa8fa1b2b9b584684b82bc7435425b06617360fdb0d2498df377c4610ab805,3b46d8f66f64e102f73b6e3cb798610d,c502157c86855ff96304b105d9ab7fc080a874ad41104964ddc934007bfa3b37,Machine_1,20200629,Machine_1_20200629
002_20200714_042641(8),C:\kamp\4. X-ray\dataset\라벨링 6종 세트\images 400\002_20200714_042641(8).jpg,C:\kamp\4. X-ray\dataset\라벨링 6종 세트\labels\002_20200714_042641(8).txt,BMP,352,332,3,3,5be99297f1e4ae97074a8247f5afef16d91619304d4a0611be1e683192f3f3dc,6ad12c20a130d47d23484255033a5f0b,82820d6dcf63d6186abb06437a5afb77f6def4d7f1d19d0f8776e304226d3ce3,Machine_1,20200714,Machine_1_20200714
002_20200714_083054(2),C:\kamp\4. X-ray\dataset\라벨링 6종 세트\images 400\002_20200714_083054(2).jpg,C:\kamp\4. X-ray\dataset\라벨링 6종 세트\labels\002_20200714_083054(2).txt,BMP,352,332,3,3,513c92bc83fb4e6f99d59704bac232f869a50d7dd87012beba13d4abe40cbe71,4031f954877df4d1f3f83ed181b895f8,1051548415a3b01745c8992f423d9bc5002972bb926112a39e7c02d89be6349c,Machine_1,20200714,Machine_1_20200714
002_20200714_083057(5),C:\kamp\4. X-ray\dataset\라벨링 6종 세트\images 400\002_20200714_083057(5).jpg,C:\kamp\4. X-ray\dataset\라벨링 6종 세트\labels\002_20200714_083057(5).txt,BMP,352,332,3,3,dff46e6158cebdff865de4b0d93ac283c33779883001c8bf67e0b2908dfbb1d2,d901fe4c79070302b9c1cde1ac3ae504,925d54b5ffb96d350e3120063c5615c32b7bf13bcf1bf751cb7de2f0149846bb,Machine_1,20200714,Machine_1_20200714
002_20200714_083101(7),C:\kamp\4. X-ray\dataset\라벨링 6종 세트\images 400\002_20200714_083101(7).jpg,C:\kamp\4. X-ray\dataset\라벨링 6종 세트\labels\002_20200714_083101(7).txt,BMP,352,332,3,3,42cd11b97ce14105003a2b75a7f895096d88883d33b2a473e3ec1ee72820760e,2f289b9cb5934c31065b592125979673,e87b144987477a8115d7b7b280f14055b5a1759ca6925ac7a2344d56bcdb63bd,Machine_1,20200714,Machine_1_20200714
002_20200714_083106(2),C:\kamp\4. X-ray\dataset\라벨링 6종 세트\images 400\002_20200714_083106(2).jpg,C:\kamp\4. X-ray\dataset\라벨링 6종 세트\labels\002_20200714_083106(2).txt,BMP,352,332,3,3,f5af6f6ec043f6619323c0b90165fe812d13eca04c6fe9f1ffc14f6ccac77f83,65c7f29878c6db39de36627d6f7bd928,2917f59e2acd47dbad1c3fc8dc47c1a2dfd01bf5a1e3b06a66d5eafcaf6915a4,Machine_1,20200714,Machine_1_20200714
002_20200714_083110(8),C:\kamp\4. X-ray\dataset\라벨링 6종 세트\images 400\002_20200714_083110(8).jpg,C:\kamp\4. X-ray\dataset\라벨링 6종 세트\labels\002_20200714_083110(8).txt,BMP,352,332,3,3,bba31a64e76dbaccc09bd970892491568c237cf0a553f221be99c943ca20f396,c5f1913a1bc6b8ca10ce78d0dd210b28,a8c4f726c681a2e9dd8e49711d2b858a1232ad5785f5897cec904dbc632f5386,Machine_1,20200714,Machine_1_20200714
002_20200714_083115(1),C:\kamp\4. X-ray\dataset\라벨링 6종 세트\images 400\002_20200714_083115(1).jpg,C:\kamp\4. X-ray\dataset\라벨링 6종 세트\labels\002_20200714_083115(1).txt,BMP,352,332,3,3,d64b4b36a9dba42e736147bc30c3fb4edbb31e6498c135b2527b4c770317d72a,cf1d29ba95e3d741666d3ace074b1ae1,ae66ed2bd8ed41b4cef8cf5804ee1c206ebf2d0bd4b17fbc9eb852cd00bf2c5d,Machine_1,20200714,Machine_1_20200714
002_20200714_123109(8),C:\kamp\4. X-ray\dataset\라벨링 6종 세트\images 400\002_20200714_123109(8).jpg,C:\kamp\4. X-ray\dataset\라벨링 6종 세트\labels\002_20200714_123109(8).txt,BMP,352,332,3,3,f86a3c760d8c723067c51349b6cce38d79cb271972f04cf9b6482c47fd8095d0,936fdc3453838b1c8d63cfe49412a716,4fbaddcaccdfe7f283ebfff460ab6563685a2e2dc64742a83e42860ea8d27f1f,Machine_1,20200714,Machine_1_20200714
002_20200714_123113(1),C:\kamp\4. X-ray\dataset\라벨링 6종 세트\images 400\002_20200714_123113(1).jpg,C:\kamp\4. X-ray\dataset\라벨링 6종 세트\labels\002_20200714_123113(1).txt,BMP,352,332,3,3,e6f0305d1519cfb0d61531e5fa46adbbe468659dc19235649c29f2fa4624c933,c788a51bf47153661cc73ec0af7cdd6a,c0468ce6abb04193724dbad279a672c9431943d0525b8174d6d2d63ea95fbdc7,Machine_1,20200714,Machine_1_20200714
002_20200714_123117(3),C:\kamp\4. X-ray\dataset\라벨링 6종 세트\images 400\002_20200714_123117(3).jpg,C:\kamp\4. X-ray\dataset\라벨링 6종 세트\labels\002_20200714_123117(3).txt,BMP,352,332,3,3,1f86846d9bbb28b6602b9ae6c7b1b738d5d30f62dd42f68665660ba8a81664e9,27d7ea64ede06ca4cc5d8353cdf0edea,2aa9a1e2a8dadb6a724d5691f2eda2662b573b7997f1a4d435c893a292c556d5,Machine_1,20200714,Machine_1_20200714
002_20200714_123120(4),C:\kamp\4. X-ray\dataset\라벨링 6종 세트\images 400\002_20200714_123120(4).jpg,C:\kamp\4. X-ray\dataset\라벨링 6종 세트\labels\002_20200714_123120(4).txt,BMP,352,332,3,3,43d7f2cbc116f2f405e37e1d56061dea746264959c5c8d7c3669ce329aa56872,e7fac3f05529c3463963997adadd5282,18b3c9d09debfee744bc84b22ee2afbc8c12f715c019989a1b33886bcdc0620b,Machine_1,20200714,Machine_1_20200714
002_20200714_123123(5),C:\kamp\4. X-ray\dataset\라벨링 6종 세트\images 400\002_20200714_123123(5).jpg,C:\kamp\4. X-ray\dataset\라벨링 6종 세트\labels\002_20200714_123123(5).txt,BMP,352,332,3,3,20974fc1b8430cdff66470ae6b954f027e69cdd55e391ab505e5122886c8f754,b53bde42d659ffcf31f843a0e6116919,1c944048ee6fc7556a32f6c9227b8f7abadcac1628cb64cd8b0a56a48dfb89fd,Machine_1,20200714,Machine_1_20200714
002_20200714_123126(4),C:\kamp\4. X-ray\dataset\라벨링 6종 세트\images 400\002_20200714_123126(4).jpg,C:\kamp\4. X-ray\dataset\라벨링 6종 세트\labels\002_20200714_123126(4).txt,BMP,352,332,3,3,f62b519b826031374bcd066943ea4f10306924e37e305d474e11c0b68fa125f2,dbf7871cb88fedc3cb60975c8691acf4,344f1201e23bdc02d4d9a783a22178dc52815e9858198fe8eeb5df3ce316c9d7,Machine_1,20200714,Machine_1_20200714
002_20200714_163046(2),C:\kamp\4. X-ray\dataset\라벨링 6종 세트\images 400\002_20200714_163046(2).jpg,C:\kamp\4. X-ray\dataset\라벨링 6종 세트\labels\002_20200714_163046(2).txt,BMP,352,332,3,3,e92e2735dd407be409e7c3ae9b3dda039ea80c7d866d3581d991bc053bb2e441,14690779af1a507fdd259f4308322f70,409d1f9fe3286b6357ead34cf4be8e52b8bf979b628bdcd12c75edad515dcdeb,Machine_1,20200714,Machine_1_20200714
002_20200714_163049(8),C:\kamp\4. X-ray\dataset\라벨링 6종 세트\images 400\002_20200714_163049(8).jpg,C:\kamp\4. X-ray\dataset\라벨링 6종 세트\labels\002_20200714_163049(8).txt,BMP,352,332,3,3,651bb4121fa74df06edd28913c6db56a58b533282835e5dcc2b4c76643696d97,aafd49a55a232a5db02460a5cf42bdc2,1d808d628d6b79b2b7315e94c5cbcd0fe5dd16ae0532b8f6fb1aeae49bf44d7a,Machine_1,20200714,Machine_1_20200714
002_20200714_163053(5),C:\kamp\4. X-ray\dataset\라벨링 6종 세트\images 400\002_20200714_163053(5).jpg,C:\kamp\4. X-ray\dataset\라벨링 6종 세트\labels\002_20200714_163053(5).txt,BMP,352,332,3,3,cf6d2c8ace43875e0ecd258140f38156d38931f4369f56d9331efa5a539dbfbd,ef8561a38d020274243c097bf29059ac,781cca16136e747bfc0a0e064928aae4c0c11d5598da16aed8378bd6acea8b30,Machine_1,20200714,Machine_1_20200714
002_20200714_163056(8),C:\kamp\4. X-ray\dataset\라벨링 6종 세트\images 400\002_20200714_163056(8).jpg,C:\kamp\4. X-ray\dataset\라벨링 6종 세트\labels\002_20200714_163056(8).txt,BMP,352,332,3,3,e19a897a9481c256e35944e687e5731e6befede01f1fafa1945378f9dc51d29b,6e5be30d8550551e449c6aea3c8fcc10,a29d6cf39498c368ecb99e1fb98356c6714948132fe8269df7529830e662ddf3,Machine_1,20200714,Machine_1_20200714
002_20200714_163100(2),C:\kamp\4. X-ray\dataset\라벨링 6종 세트\images 400\002_20200714_163100(2).jpg,C:\kamp\4. X-ray\dataset\라벨링 6종 세트\labels\002_20200714_163100(2).txt,BMP,352,332,3,3,79e623b27000fcc01a7f1242e7359938511b3db81c656ac370580016edc81850,31fd46d4591ee053e376c19178a29804,28a6e68dea3917e732cdf96d9fbdb31c714b9617f29e5a982fada035715c3a13,Machine_1,20200714,Machine_1_20200714
002_20200714_163103(5),C:\kamp\4. X-ray\dataset\라벨링 6종 세트\images 400\002_20200714_163103(5).jpg,C:\kamp\4. X-ray\dataset\라벨링 6종 세트\labels\002_20200714_163103(5).txt,BMP,352,332,3,3,9f81a571bfa92a26fe9fdf31ffbe918a86f9a4706df8f6109cf664d1e9a922bc,3592a167a1820728232398a2ea5eb374,8f5fe50f7ba869bb7310575956a8c34da392c1829b162979dd3277fe39709bdb,Machine_1,20200714,Machine_1_20200714
002_20200714_225756(0),C:\kamp\4. X-ray\dataset\라벨링 6종 세트\images 400\002_20200714_225756(0).jpg,C:\kamp\4. X-ray\dataset\라벨링 6종 세트\labels\002_20200714_225756(0).txt,BMP,352,332,3,3,7ce1b671d7a639b918ef7e5e1a415e8952c4c9db1b2a0561a0a97b679c878fff,c272a8453001759b4ab4e8582c38ea64,22893d66f4f68b3f9a7e49cd3002c7dd12d99535c606be99168672e89b9cdd57,Machine_1,20200714,Machine_1_20200714
002_20200714_225759(8),C:\kamp\4. X-ray\dataset\라벨링 6종 세트\images 400\002_20200714_225759(8).jpg,C:\kamp\4. X-ray\dataset\라벨링 6종 세트\labels\002_20200714_225759(8).txt,BMP,352,332,3,3,05fe2eaa61e48714f6ebe4037bb0eb7eb9fd89b522bcb4e69accf6ea9c968334,6a5aba9a2979ede0c2d082c1f5f83a55,33bc5e52b56475cb49c369b67bb7d4715375cfbf28ff17591e942e432a079e67,Machine_1,20200714,Machine_1_20200714
002_20200714_225803(3),C:\kamp\4. X-ray\dataset\라벨링 6종 세트\images 400\002_20200714_225803(3).jpg,C:\kamp\4. X-ray\dataset\라벨링 6종 세트\labels\002_20200714_225803(3).txt,BMP,352,332,3,3,e2d6c4d7bfdee513824ab6ee8ea064561481cfbd08427224cb2da7d3f98996b3,fa1859621c42cbd42e49beee25cdf67e,4dd425914469d7e9d6476fbd28c907b720498624662294eb9659a9ff4a87ed0f,Machine_1,20200714,Machine_1_20200714
002_20200714_225807(3),C:\kamp\4. X-ray\dataset\라벨링 6종 세트\images 400\002_20200714_225807(3).jpg,C:\kamp\4. X-ray\dataset\라벨링 6종 세트\labels\002_20200714_225807(3).txt,BMP,352,332,3,3,216ccaeb790f11dc2d9c1265687a555f4611ddb8ebb2c01b2a223a20405c8c22,f7fb9304d930b5cc58ffd0073eb681d8,ef23d5ffcb64c893be6d031800216b6a86f81d12da16017695555dc5f48e281e,Machine_1,20200714,Machine_1_20200714
002_20200714_225810(5),C:\kamp\4. X-ray\dataset\라벨링 6종 세트\images 400\002_20200714_225810(5).jpg,C:\kamp\4. X-ray\dataset\라벨링 6종 세트\labels\002_20200714_225810(5).txt,BMP,352,332,3,3,a57e190b8092e6390ea15b5b876cead8455b172276515ce5e978e6f944c341f3,14664d24ebbe4e72e11b325af5963178,c6a1b9f1f969ae542460a02248a37be52ba7abe0bd029aa2fcf5f8c530e01dcf,Machine_1,20200714,Machine_1_20200714
002_20200714_225817(4),C:\kamp\4. X-ray\dataset\라벨링 6종 세트\images 400\002_20200714_225817(4).jpg,C:\kamp\4. X-ray\dataset\라벨링 6종 세트\labels\002_20200714_225817(4).txt,BMP,352,332,3,3,7cff0741e1f55e07a0b93b165dcfc49aa92178656b5c6138e7edea2e090c63eb,2c4f1df65b8fc332c35e2284b4774d52,13a494ffb86705453c013f6b8ebf97ebd4596f1592bd44b11220ef987dce4a74,Machine_1,20200714,Machine_1_20200714
002_20200715_002443(4),C:\kamp\4. X-ray\dataset\라벨링 6종 세트\images 400\002_20200715_002443(4).jpg,C:\kamp\4. X-ray\dataset\라벨링 6종 세트\labels\002_20200715_002443(4).txt,BMP,352,332,3,3,6e6294ea408b1a1dd43bc29e452810cbdb6321f6185befe6ee2eb4dc883ddcdf,c7ced14fe755bfb77c48f308647dbe76,1cdf16ac59373d165cbc6a31ff756e0c5f719c6341d0bdc3bca049cbc9241145,Machine_1,20200715,Machine_1_20200715
002_20200715_002447(9),C:\kamp\4. X-ray\dataset\라벨링 6종 세트\images 400\002_20200715_002447(9).jpg,C:\kamp\4. X-ray\dataset\라벨링 6종 세트\labels\002_20200715_002447(9).txt,BMP,352,332,3,3,2b1fad37afad4fa4cfaa284585195ce69cc9a169cd2b9a5c282815d9b561c78e,25f0132dff4c831c41d2523d79864820,6606fd6371a03bc782b3e472aac23750b19c4acbd02484a4b112c8950c49b983,Machine_1,20200715,Machine_1_20200715
002_20200715_002456(9),C:\kamp\4. X-ray\dataset\라벨링 6종 세트\images 400\002_20200715_002456(9).jpg,C:\kamp\4. X-ray\dataset\라벨링 6종 세트\labels\002_20200715_002456(9).txt,BMP,352,332,3,3,c3755f1f9ebfd927deb68bd4470233468f8c7dddbcd0c3ff5db75a9dcde483a3,30158e5d4de7846153a3c5bef60411ce,4d74bb1c09a08ebcf3470dea489abe9d26bbe68c736321cc37ebb873f73e9c32,Machine_1,20200715,Machine_1_20200715
002_20200715_002509(0),C:\kamp\4. X-ray\dataset\라벨링 6종 세트\images 400\002_20200715_002509(0).jpg,C:\kamp\4. X-ray\dataset\라벨링 6종 세트\labels\002_20200715_002509(0).txt,BMP,352,332,3,3,cfad8be19f45d2a2ac5342a12d030dfbc8c73c6a29dc1f2d68fa73839978a022,1b2731bffe9d4f549bbf7b6b0e55134b,f2dad930511fd3f2f1be10a2fa73bb2559a1923b4baf8fe01883c4514d908b68,Machine_1,20200715,Machine_1_20200715
002_20200715_002513(4),C:\kamp\4. X-ray\dataset\라벨링 6종 세트\images 400\002_20200715_002513(4).jpg,C:\kamp\4. X-ray\dataset\라벨링 6종 세트\labels\002_20200715_002513(4).txt,BMP,352,332,3,3,cb33c940a463cbeb2df81b3fb71873ca455ae05ba83b58aec7534be2e7c1fe0a,423b3bd04df5aa8a3ee71c53e42ffd19,6a5651c44acb1c1acc626606c108c0efbc92595a64d4532f17be2169a84fe014,Machine_1,20200715,Machine_1_20200715
002_20200831_163149(1),C:\kamp\4. X-ray\dataset\라벨링 6종 세트\images 400\002_20200831_163149(1).jpg,C:\kamp\4. X-ray\dataset\라벨링 6종 세트\labels\002_20200831_163149(1).txt,BMP,316,332,3,1,f6088f3a60894e6032476a1c410a27341349a5ff68eb5b98af0abdf9e364a24e,f2f10283bfaca3879b7bfdcb4b00210a,4664d9eac02a873871e91c14ab4adceb49efc9bb92cb7019460320cbf6b9bc92,Machine_1,20200831,Machine_1_20200831
002_20200831_163150(6),C:\kamp\4. X-ray\dataset\라벨링 6종 세트\images 400\002_20200831_163150(6).jpg,C:\kamp\4. X-ray\dataset\라벨링 6종 세트\labels\002_20200831_163150(6).txt,BMP,316,332,3,1,9a28a096bea3e0f30da7cb7738f42c7137d8afec02ee439cda3444e1bc1e3bac,b43ee24e1c9869826a26519671721243,d1990668cc29dc96f97ab4a35643883e67312599f203b3c6c918ab65f9e91572,Machine_1,20200831,Machine_1_20200831
002_20200831_203101(4),C:\kamp\4. X-ray\dataset\라벨링 6종 세트\images 400\002_20200831_203101(4).jpg,C:\kamp\4. X-ray\dataset\라벨링 6종 세트\labels\002_20200831_203101(4).txt,BMP,316,332,3,1,2dfcd5546867bb3e2d906b6d056b3a15a179c2f8f961d1410e705b7754678bf6,3fc02b5cf07b2392f4bf4348204a9fec,a0649a5ac280ff4a44a9e287a0434e5c1fc9890ed4d6669b188666dbe4f7572d,Machine_1,20200831,Machine_1_20200831
002_20200831_203105(9),C:\kamp\4. X-ray\dataset\라벨링 6종 세트\images 400\002_20200831_203105(9).jpg,C:\kamp\4. X-ray\dataset\라벨링 6종 세트\labels\002_20200831_203105(9).txt,BMP,316,332,3,1,3cbd7419e4aa13df958f43edba87afaff0d7b9779c2cf47ff45ff08d5b2bcbc5,6735da2b44250c7fa3729856bae6fb79,8168a8b4b1ac6858b4b1798289988fcc968d1cd5720515cb6ef43ee3a34bc740,Machine_1,20200831,Machine_1_20200831
002_20200901_003133(6),C:\kamp\4. X-ray\dataset\라벨링 6종 세트\images 400\002_20200901_003133(6).jpg,C:\kamp\4. X-ray\dataset\라벨링 6종 세트\labels\002_20200901_003133(6).txt,BMP,316,332,3,1,1c39df5faea035e2269448fe3a2b82238142d29ac26e4ec5d245a8f89122dc08,26350e9ec9dae4fc0b3967a55ed99eeb,e54d5f6d94310187a0ced1e08e06407d70b820ce6647f51097cdbc690acead00,Machine_1,20200901,Machine_1_20200901
002_20200901_003136(6),C:\kamp\4. X-ray\dataset\라벨링 6종 세트\images 400\002_20200901_003136(6).jpg,C:\kamp\4. X-ray\dataset\라벨링 6종 세트\labels\002_20200901_003136(6).txt,BMP,316,332,3,1,2366c366e93c5ec80fcb59772e904081c551ff2e5c5443bf80735be4f3853efa,7fc5d5ce6c1e54731f338223d0bfc30a,d8599dcf2f8b89afca79b8ce08b258c78516037e4a8c17f5f71dee52d19b87a3,Machine_1,20200901,Machine_1_20200901
002_20200901_003139(6),C:\kamp\4. X-ray\dataset\라벨링 6종 세트\images 400\002_20200901_003139(6).jpg,C:\kamp\4. X-ray\dataset\라벨링 6종 세트\labels\002_20200901_003139(6).txt,BMP,316,332,3,1,3e3d94d07de24ff880621eb03b17fb76cc40505f4e09bc5aaa55392a44ec2b2d,f2e7668819c045cb604640be135fcc7d,37b58f13732a61a62a7b6a9e411edb9cce07a1a675f646d704d9bf8cce8587a1,Machine_1,20200901,Machine_1_20200901
002_20200901_003142(6),C:\kamp\4. X-ray\dataset\라벨링 6종 세트\images 400\002_20200901_003142(6).jpg,C:\kamp\4. X-ray\dataset\라벨링 6종 세트\labels\002_20200901_003142(6).txt,BMP,316,332,3,1,0c6a643201bfc798a9d7d6ab14204c4772eeabf7c73bdb9bc25df6aae4817759,ee999c95b1634708dfafecdc9106d740,565e282077ba86f1f17d2a293c49249bed14d571352d5ef8d9cb228465556204,Machine_1,20200901,Machine_1_20200901
002_20200901_003148(6),C:\kamp\4. X-ray\dataset\라벨링 6종 세트\images 400\002_20200901_003148(6).jpg,C:\kamp\4. X-ray\dataset\라벨링 6종 세트\labels\002_20200901_003148(6).txt,BMP,316,332,3,1,cba1e09f7747aed64d438d20773442718c41a59311a75adf43f19ff15c70148d,fb07635e3646596b45a5747e5af8b037,0145b507cc76f28ea4fa18a0a9f826015b0ff64de210c15ec534317cfa1c0a8f,Machine_1,20200901,Machine_1_20200901
002_20200901_043133(6),C:\kamp\4. X-ray\dataset\test1\yolov3\X선이물검출기(06.23_09.22)\2호기(2020.09.22)\SN77127_20200901_NgImage\002_20200901_043133(6).bmp,C:\kamp\4. X-ray\dataset\라벨링 6종 세트\labels\002_20200901_043133(6).txt,BMP,316,332,3,1,c7eddddb57dbb4ada931cf826e5bfcfb14d09dfd23295638a8550e58b326147b,6813da739e084f154ecc6f3776aaef67,bb365bbd2d3b280cd94440adadc3b71a95dbb34d37f2ee65af6b5ea965153f57,Machine_2,20200901,Machine_2_20200901
002_20200901_043136(6),C:\kamp\4. X-ray\dataset\test1\yolov3\X선이물검출기(06.23_09.22)\2호기(2020.09.22)\SN77127_20200901_NgImage\002_20200901_043136(6).bmp,C:\kamp\4. X-ray\dataset\라벨링 6종 세트\labels\002_20200901_043136(6).txt,BMP,316,332,3,1,da363d2b10db6a622acb051aaff0a784ed98b8faa69eef680df76d03439f9c62,32bd33d2e9d5868a351f10c82f1af039,e99afea38492c30773f7e0f7e3026ca2b1521572c39a40b910ec7c66e66f30af,Machine_2,20200901,Machine_2_20200901
002_20200901_043139(6),C:\kamp\4. X-ray\dataset\test1\yolov3\X선이물검출기(06.23_09.22)\2호기(2020.09.22)\SN77127_20200901_NgImage\002_20200901_043139(6).bmp,C:\kamp\4. X-ray\dataset\라벨링 6종 세트\labels\002_20200901_043139(6).txt,BMP,316,332,3,1,c326854cc83d27c408502e28b8daae529eed8344478e71bb9ec4d63bfd485654,475a4c9b019618fc371f39f7227e5938,9428cba29456f58daaa8a73e06c2e2e26db361658e0a80335a4733c490b62962,Machine_2,20200901,Machine_2_20200901
002_20200901_043142(6),C:\kamp\4. X-ray\dataset\test1\yolov3\X선이물검출기(06.23_09.22)\2호기(2020.09.22)\SN77127_20200901_NgImage\002_20200901_043142(6).bmp,C:\kamp\4. X-ray\dataset\라벨링 6종 세트\labels\002_20200901_043142(6).txt,BMP,316,332,3,1,13b20cf199d0bea3a7f614afc2c690204c663fe7e412eb18a7dbaea10466f129,81971c8a037382c8cda52a120d95d67a,54d5784e3bef41762757d680b7d322c2a9a210bb0a7fb8ab3cf75e6783c01af0,Machine_2,20200901,Machine_2_20200901
002_20200901_043145(5),C:\kamp\4. X-ray\dataset\test1\yolov3\X선이물검출기(06.23_09.22)\2호기(2020.09.22)\SN77127_20200901_NgImage\002_20200901_043145(5).bmp,C:\kamp\4. X-ray\dataset\라벨링 6종 세트\labels\002_20200901_043145(5).txt,BMP,316,332,3,1,ee302c1ffc3f4a86c54c4cfb727463bf7f0d25058e58ec266953e61b62dc1179,97a6d44274995713b493f5337b449014,9339e01b4f599d0e9a4d1e1a11f469dd339ca4bef0f12908bb2f87617b34cc76,Machine_2,20200901,Machine_2_20200901
002_20200901_043148(6),C:\kamp\4. X-ray\dataset\test1\yolov3\X선이물검출기(06.23_09.22)\2호기(2020.09.22)\SN77127_20200901_NgImage\002_20200901_043148(6).bmp,C:\kamp\4. X-ray\dataset\라벨링 6종 세트\labels\002_20200901_043148(6).txt,BMP,316,332,3,1,2f5665fd5948bcb67a9291fcdefb18fc3e93ede200232968799299d1b1f4123a,394ce6ce254682cc5c2f1c998c24eaa3,a86ae1db26529310b56e74e888dc50ebad654b51c04def668318db7887849d20,Machine_2,20200901,Machine_2_20200901
002_20200901_083204(5),C:\kamp\4. X-ray\dataset\test1\yolov3\X선이물검출기(06.23_09.22)\2호기(2020.09.22)\SN77127_20200901_NgImage\002_20200901_083204(5).bmp,C:\kamp\4. X-ray\dataset\라벨링 6종 세트\labels\002_20200901_083204(5).txt,BMP,316,332,3,1,162c6b5d7df86b97d7fa9925f8646a48c25658cbcee696d72e84f11161324836,d0c1c10152e50f1854bc57cf644c8592,1fa68ddb6b02bd8f2514b877779d425a6471527644e6b303afed1453e1e738d0,Machine_2,20200901,Machine_2_20200901
002_20200901_083452(2),C:\kamp\4. X-ray\dataset\test1\yolov3\X선이물검출기(06.23_09.22)\2호기(2020.09.22)\SN77127_20200901_NgImage\002_20200901_083452(2).bmp,C:\kamp\4. X-ray\dataset\라벨링 6종 세트\labels\002_20200901_083452(2).txt,BMP,316,332,3,1,a2303054b5013beb639ca7fd4d0cd3a5b17f0d3837753d46d0912aae33f63128,6a243db5846b920e1bfa23dde782814c,a3ed5b529e2e717d5ba9285cece5d2b3cccb7b710c2b37f47d7b8e5dcfdf7489,Machine_2,20200901,Machine_2_20200901
002_20200901_083456(7),C:\kamp\4. X-ray\dataset\test1\yolov3\X선이물검출기(06.23_09.22)\2호기(2020.09.22)\SN77127_20200901_NgImage\002_20200901_083456(7).bmp,C:\kamp\4. X-ray\dataset\라벨링 6종 세트\labels\002_20200901_083456(7).txt,BMP,316,332,3,1,5b77ed7383c43034447282137042a5a89d3de8c9889f42cccd7262908b886554,f63cd56fb291e0dec65210500223a509,475abdbcf75855d6ea1723e3bf0324742b40b8cfd1e5e8c75cd807f4875678b4,Machine_2,20200901,Machine_2_20200901
002_20200901_083501(2),C:\kamp\4. X-ray\dataset\test1\yolov3\X선이물검출기(06.23_09.22)\2호기(2020.09.22)\SN77127_20200901_NgImage\002_20200901_083501(2).bmp,C:\kamp\4. X-ray\dataset\라벨링 6종 세트\labels\002_20200901_083501(2).txt,BMP,316,332,3,1,de09d8f73ff55cf7194e906a14c734ef7a6ac3d2ba17c0170925bf7564264c5b,2ec5d6a775ae6b02968c79d0508970d9,f870bd667101ddb68ea2975faaa23a7855366f83b4a74a675a3ed5decb7ef4ea,Machine_2,20200901,Machine_2_20200901
002_20200901_083505(8),C:\kamp\4. X-ray\dataset\test1\yolov3\X선이물검출기(06.23_09.22)\2호기(2020.09.22)\SN77127_20200901_NgImage\002_20200901_083505(8).bmp,C:\kamp\4. X-ray\dataset\라벨링 6종 세트\labels\002_20200901_083505(8).txt,BMP,316,332,3,1,9093939e1bef199869a7a7e4ebe3fe0eacd78e0192c3c823d9f3422a65946f22,2cf5a2c0ca2b5c7643709b3e37fb89c3,47e8fcda7c5283c2f20edb688527f9e78c99bd96f3d6ffbf1164481f9d8d25cc,Machine_2,20200901,Machine_2_20200901
002_20200901_083510(2),C:\kamp\4. X-ray\dataset\test1\yolov3\X선이물검출기(06.23_09.22)\2호기(2020.09.22)\SN77127_20200901_NgImage\002_20200901_083510(2).bmp,C:\kamp\4. X-ray\dataset\라벨링 6종 세트\labels\002_20200901_083510(2).txt,BMP,316,332,3,1,c7fd92a68faf9594837971d46fe7f4352b31d4601d9ec5660968c868f0811156,c25064c21a9a28109266230b83761a12,f19019a7ff49cd4c99ebfc55b56ad10d8d3e31f02b9cf077e84bc8fac4948046,Machine_2,20200901,Machine_2_20200901
002_20200901_083514(7),C:\kamp\4. X-ray\dataset\test1\yolov3\X선이물검출기(06.23_09.22)\2호기(2020.09.22)\SN77127_20200901_NgImage\002_20200901_083514(7).bmp,C:\kamp\4. X-ray\dataset\라벨링 6종 세트\labels\002_20200901_083514(7).txt,BMP,316,332,3,1,ceed11b220236ab3aec6226e5b0653d925ebe1af8e5b6a0bc19ed74ea855b8f0,0ac97ccfbe481a2c1691b57d1aa2bfba,80157a4a34843956319e0d2c36dcdfdbb350a6cc77468117f4ab4440b318334e,Machine_2,20200901,Machine_2_20200901
002_20200901_123049(7),C:\kamp\4. X-ray\dataset\test1\yolov3\X선이물검출기(06.23_09.22)\2호기(2020.09.22)\SN77127_20200901_NgImage\002_20200901_123049(7).bmp,C:\kamp\4. X-ray\dataset\라벨링 6종 세트\labels\002_20200901_123049(7).txt,BMP,316,332,3,1,ceb7af809e2540cc5c7612e0385f08194320d6e0ab00bc7414bff474f9846080,86a33eb63f3e6080f41279329e3842f7,042b8a3e362633069bccb2808a2ce45586d504654c57f9cafb816699049c2dbb,Machine_2,20200901,Machine_2_20200901
002_20200901_123052(7),C:\kamp\4. X-ray\dataset\test1\yolov3\X선이물검출기(06.23_09.22)\2호기(2020.09.22)\SN77127_20200901_NgImage\002_20200901_123052(7).bmp,C:\kamp\4. X-ray\dataset\라벨링 6종 세트\labels\002_20200901_123052(7).txt,BMP,316,332,3,1,c8bb09ae592abd523aa2e98f8b08300f1ac7aea2d423b95e5e0986ade13074b2,371df758526cf25726bf94ff39dedeb3,6eecbf7d3de7151f124728ca1cd5c3e3efbe99eb0c1ddda882280ea7187180c4,Machine_2,20200901,Machine_2_20200901
002_20200901_123100(3),C:\kamp\4. X-ray\dataset\test1\yolov3\X선이물검출기(06.23_09.22)\2호기(2020.09.22)\SN77127_20200901_NgImage\002_20200901_123100(3).bmp,C:\kamp\4. X-ray\dataset\라벨링 6종 세트\labels\002_20200901_123100(3).txt,BMP,316,332,3,1,ab379dc8828540b7042a7bc587702f8f40bcfd76aa18cfb16b7b06b418791369,521a0a258eeb13efdfe014c5a0c47ad8,366d2755d1effad6c4b51148ce01e3b67eec9e70fcea85c1d3a9d88551a96577,Machine_2,20200901,Machine_2_20200901
002_20200901_123104(8),C:\kamp\4. X-ray\dataset\test1\yolov3\X선이물검출기(06.23_09.22)\2호기(2020.09.22)\SN77127_20200901_NgImage\002_20200901_123104(8).bmp,C:\kamp\4. X-ray\dataset\라벨링 6종 세트\labels\002_20200901_123104(8).txt,BMP,316,332,3,1,4505f6fc3b100596636d5e53906f681dee3161439920191882a92f521dc43875,80da237a2160484817203550f58caf5f,bea5bac3fa11f5a6fb4829037e05fce671e06b94d498cbb5e545446547960c51,Machine_2,20200901,Machine_2_20200901
002_20200901_123109(2),C:\kamp\4. X-ray\dataset\test1\yolov3\X선이물검출기(06.23_09.22)\2호기(2020.09.22)\SN77127_20200901_NgImage\002_20200901_123109(2).bmp,C:\kamp\4. X-ray\dataset\라벨링 6종 세트\labels\002_20200901_123109(2).txt,BMP,316,332,3,1,f35f386af784e82770c09282327061a20105a49a8188c3bf928e477ea47187ea,8aacd7b44f79581c1b0afc14dd0e043f,c59f11a7e39aa1aa94cbe6a644600c3193280f6239f8b96cb0e0aa21d1a41634,Machine_2,20200901,Machine_2_20200901
002_20200901_191340(2),C:\kamp\4. X-ray\dataset\test1\yolov3\X선이물검출기(06.23_09.22)\2호기(2020.09.22)\SN77127_20200901_NgImage\002_20200901_191340(2).bmp,C:\kamp\4. X-ray\dataset\라벨링 6종 세트\labels\002_20200901_191340(2).txt,BMP,316,332,3,1,b7a27f9ef22f75da19ee39d03938e6061bacd31afbc8fb15353ee5725d9664eb,7556f3d189d5ab8b80a934d5f1f151c3,aedc05c1cb47cbef4f083c96be5345a81c08323046d12c1835bf7e627cde9328,Machine_2,20200901,Machine_2_20200901
002_20200901_191343(2),C:\kamp\4. X-ray\dataset\test1\yolov3\X선이물검출기(06.23_09.22)\2호기(2020.09.22)\SN77127_20200901_NgImage\002_20200901_191343(2).bmp,C:\kamp\4. X-ray\dataset\라벨링 6종 세트\labels\002_20200901_191343(2).txt,BMP,316,332,3,1,20591a0cff76b4cf70b85de8c2e0e1c579d4ee8d9c36ff592b032ee37aafd498,0947edb83caa3606a734bba86e91dae1,6b91721ff39950e3a59757aeea357e8e559b53e2f3530b33abee02b829642354,Machine_2,20200901,Machine_2_20200901
002_20200901_191346(1),C:\kamp\4. X-ray\dataset\test1\yolov3\X선이물검출기(06.23_09.22)\2호기(2020.09.22)\SN77127_20200901_NgImage\002_20200901_191346(1).bmp,C:\kamp\4. X-ray\dataset\라벨링 6종 세트\labels\002_20200901_191346(1).txt,BMP,316,332,3,1,87ed7351302a490125622c0c58110db208def30bc502b93a92fc293e9a9b4c8e,3bd8c7853970db1478d145e8c3565839,6cdc585f2d00707402d27b8670209127ec30138a7c2631b6d5545240bf954270,Machine_2,20200901,Machine_2_20200901
002_20200901_191348(8),C:\kamp\4. X-ray\dataset\test1\yolov3\X선이물검출기(06.23_09.22)\2호기(2020.09.22)\SN77127_20200901_NgImage\002_20200901_191348(8).bmp,C:\kamp\4. X-ray\dataset\라벨링 6종 세트\labels\002_20200901_191348(8).txt,BMP,316,332,3,1,8f46af3a4901f27ca7371bbcfff31f94964ad5b1ddaa6f99bbe2d02832beb1e2,cf828112b135ff439fa19290fac7a8f7,5047e3f650516d37563b4e5b8016ec1d31834e59779f8fc964a5def00edd82c9,Machine_2,20200901,Machine_2_20200901
002_20200901_191351(5),C:\kamp\4. X-ray\dataset\test1\yolov3\X선이물검출기(06.23_09.22)\2호기(2020.09.22)\SN77127_20200901_NgImage\002_20200901_191351(5).bmp,C:\kamp\4. X-ray\dataset\라벨링 6종 세트\labels\002_20200901_191351(5).txt,BMP,316,332,3,1,224a8247591654c2f90b6ec705e894d83516d18e0a7df7c8556c127e50a94951,1d3b9ff37b6a68e0cd998324d1eab705,fb08eb9bf6737135612c67466e6d8fb3a848acf0fcdbee11042a1a226532d822,Machine_2,20200901,Machine_2_20200901
002_20200904_230054(2),C:\kamp\4. X-ray\dataset\test1\yolov3\X선이물검출기(06.23_09.22)\2호기(2020.09.22)\SN77127_20200904_NgImage\002_20200904_230054(2).bmp,C:\kamp\4. X-ray\dataset\라벨링 6종 세트\labels\002_20200904_230054(2).txt,BMP,316,332,3,1,d35ae97de109e69c8053b55de34bd173ac670ad9179ddef919548387602e3d12,b6605a767ba5a5e4351b904aeadddf43,041ba47c49ae5d1ef28f869a763b432dcc90984cebb1b3af9248a96ba77f4167,Machine_2,20200904,Machine_2_20200904
002_20200904_230057(6),C:\kamp\4. X-ray\dataset\test1\yolov3\X선이물검출기(06.23_09.22)\2호기(2020.09.22)\SN77127_20200904_NgImage\002_20200904_230057(6).bmp,C:\kamp\4. X-ray\dataset\라벨링 6종 세트\labels\002_20200904_230057(6).txt,BMP,316,332,3,1,f9d0a68e9c41ca85066bbc9e0b5e2934c209481a7ace78708cbbe6af4a9e2630,ee1bbf57ee226e76fa6ef7d2427a2098,5d798d7ca411afa28ddec5e04cd01c11d1aab38a379c2ba9c79cd7cae39b2ab7,Machine_2,20200904,Machine_2_20200904
002_20200904_230105(4),C:\kamp\4. X-ray\dataset\test1\yolov3\X선이물검출기(06.23_09.22)\2호기(2020.09.22)\SN77127_20200904_NgImage\002_20200904_230105(4).bmp,C:\kamp\4. X-ray\dataset\라벨링 6종 세트\labels\002_20200904_230105(4).txt,BMP,316,332,3,1,028585f40aab4838841410529a8915bc8f94e1f824d8ed5999ec4591b5b55c69,d6bfc56ed1ffb2581b203ee3ee3bdd4e,e9d22b474321bf31ab76264022596376abc258e6a7fbabc2c4814f92f7fb7cbd,Machine_2,20200904,Machine_2_20200904
002_20200905_003315(2),C:\kamp\4. X-ray\dataset\test1\yolov3\X선이물검출기(06.23_09.22)\2호기(2020.09.22)\SN77127_20200905_NgImage\002_20200905_003315(2).bmp,C:\kamp\4. X-ray\dataset\라벨링 6종 세트\labels\002_20200905_003315(2).txt,BMP,316,332,3,1,17caec4cde421793fcb0b8ed8698d6e58909a8d164ad6c7ba36cd0152da55aef,c114511f43e202b29c4a3d0aa3d96f49,95ccc3be54b49290b5ddbd823b366baa80d7e0fbc56058300c71a383ab097c94,Machine_2,20200905,Machine_2_20200905
002_20200905_003319(2),C:\kamp\4. X-ray\dataset\test1\yolov3\X선이물검출기(06.23_09.22)\2호기(2020.09.22)\SN77127_20200905_NgImage\002_20200905_003319(2).bmp,C:\kamp\4. X-ray\dataset\라벨링 6종 세트\labels\002_20200905_003319(2).txt,BMP,316,332,3,1,48b0c15d562c63024baf64d1d5c7978ae44345897169f8ee0a0dbf9473e4f3d5,20fda893397a96ce7bdb0ab5d52b681d,beae57d4d154dbd9a40053458ecff32d8ace7b4690c112e18632ca073cd1754d,Machine_2,20200905,Machine_2_20200905
002_20200905_003323(3),C:\kamp\4. X-ray\dataset\test1\yolov3\X선이물검출기(06.23_09.22)\2호기(2020.09.22)\SN77127_20200905_NgImage\002_20200905_003323(3).bmp,C:\kamp\4. X-ray\dataset\라벨링 6종 세트\labels\002_20200905_003323(3).txt,BMP,316,332,3,1,69ee6d3fb1096b47299411d5b1ce664aa6410e3d8dfd237df86fe4cf3b224a4a,80668b5c0f5746cf1f2253e14b7cfb78,3977c72d0c35817a2c19ac5e92e907dfb1b2da5affc86fb82d493008ca0d0d47,Machine_2,20200905,Machine_2_20200905
002_20200905_003327(3),C:\kamp\4. X-ray\dataset\test1\yolov3\X선이물검출기(06.23_09.22)\2호기(2020.09.22)\SN77127_20200905_NgImage\002_20200905_003327(3).bmp,C:\kamp\4. X-ray\dataset\라벨링 6종 세트\labels\002_20200905_003327(3).txt,BMP,316,332,3,1,4618fb24e15a85571ade5cc4ce2ea28f4e8a7d61241825701f4480bfac251887,eef315fc4406bff406ff8384519f815b,0608c6a73944334d0a364170880e0dbcfe2334e34e097b05fc648dc40a6cab6f,Machine_2,20200905,Machine_2_20200905
002_20200905_003331(2),C:\kamp\4. X-ray\dataset\test1\yolov3\X선이물검출기(06.23_09.22)\2호기(2020.09.22)\SN77127_20200905_NgImage\002_20200905_003331(2).bmp,C:\kamp\4. X-ray\dataset\라벨링 6종 세트\labels\002_20200905_003331(2).txt,BMP,316,332,3,1,00cd5dd4dd474eb89bbb66915784aef807236bfabbede597b178660268b29dfc,950bfa652b2b8f38157fc15347f1099b,5e52c55e99ffd0451722cdfac5772d7619ef88a609aec5a5713f951b15c3807e,Machine_2,20200905,Machine_2_20200905
002_20200905_003335(3),C:\kamp\4. X-ray\dataset\test1\yolov3\X선이물검출기(06.23_09.22)\2호기(2020.09.22)\SN77127_20200905_NgImage\002_20200905_003335(3).bmp,C:\kamp\4. X-ray\dataset\라벨링 6종 세트\labels\002_20200905_003335(3).txt,BMP,316,332,3,1,291df1efd563ff0840a7b9cf46bf70bae89eadd0b67b7e575389f588a5750e23,bd5fa6acb55f14867f2abd60f6dd7bfc,6d395eec16f512280b7ac54fa88b8478b24ab718353cb6691c4eefeb12c16349,Machine_2,20200905,Machine_2_20200905
002_20200905_043156(0),C:\kamp\4. X-ray\dataset\test1\yolov3\X선이물검출기(06.23_09.22)\2호기(2020.09.22)\SN77127_20200905_NgImage\002_20200905_043156(0).bmp,C:\kamp\4. X-ray\dataset\라벨링 6종 세트\labels\002_20200905_043156(0).txt,BMP,316,332,3,1,c7852561a913eecac7999f1a2e65f1afa0b35789441d0b4c6c62ca33b14fa487,31925200f21253f089306ab8dbf66831,3bc3e33b1830a1c30cdc5dbfa1e16c0174a134fd01acf75cce49624ee96a0f44,Machine_2,20200905,Machine_2_20200905
002_20200905_043200(0),C:\kamp\4. X-ray\dataset\test1\yolov3\X선이물검출기(06.23_09.22)\2호기(2020.09.22)\SN77127_20200905_NgImage\002_20200905_043200(0).bmp,C:\kamp\4. X-ray\dataset\라벨링 6종 세트\labels\002_20200905_043200(0).txt,BMP,316,332,3,1,95f9c843dd7f8df324e3ae1f5cf8f18d0f2a5d547b960021f3aab40e3b078a9b,a4224bcaa9f0a8662cf65ba822b5343b,526a726f03e1fbc8474c345d2aafa8aa55e497f176bd8a2a7a5a093abbd9ad26,Machine_2,20200905,Machine_2_20200905
002_20200905_043204(0),C:\kamp\4. X-ray\dataset\test1\yolov3\X선이물검출기(06.23_09.22)\2호기(2020.09.22)\SN77127_20200905_NgImage\002_20200905_043204(0).bmp,C:\kamp\4. X-ray\dataset\라벨링 6종 세트\labels\002_20200905_043204(0).txt,BMP,316,332,3,1,e6d43bc786c184a591fa72d5395df73c7fa720a08080c620c17e61cb1de702cc,12da3c297c8403b0c489301009114e3a,00ab27b0769f7e61333706c2e0cd0af5df3dac208ee80d6c0402335099e08a25,Machine_2,20200905,Machine_2_20200905
002_20200905_043208(0),C:\kamp\4. X-ray\dataset\test1\yolov3\X선이물검출기(06.23_09.22)\2호기(2020.09.22)\SN77127_20200905_NgImage\002_20200905_043208(0).bmp,C:\kamp\4. X-ray\dataset\라벨링 6종 세트\labels\002_20200905_043208(0).txt,BMP,316,332,3,1,f262fcab0a4d950dbe899ea447ee3b6657b6f8b5f767b30154f5a60f901fad1e,94e7ac1ccc6148169dbc20a87ab4f12f,f5c18fb01a5afb32709a464d783c8803a2f350c8ec65632b727b016ecd54545d,Machine_2,20200905,Machine_2_20200905
002_20200905_043212(1),C:\kamp\4. X-ray\dataset\test1\yolov3\X선이물검출기(06.23_09.22)\2호기(2020.09.22)\SN77127_20200905_NgImage\002_20200905_043212(1).bmp,C:\kamp\4. X-ray\dataset\라벨링 6종 세트\labels\002_20200905_043212(1).txt,BMP,316,332,3,1,e3ba72105b52d75f0f95f81a88fb0b58532a82482491fd13f70835a7e1ee93fb,c53a088de740ae9e025f7914abd8ae50,8b205babb4d609873dcfe50aafce0df9de6e5674a0d7b2b1d2777f99579f0a2e,Machine_2,20200905,Machine_2_20200905
002_20200905_043216(0),C:\kamp\4. X-ray\dataset\test1\yolov3\X선이물검출기(06.23_09.22)\2호기(2020.09.22)\SN77127_20200905_NgImage\002_20200905_043216(0).bmp,C:\kamp\4. X-ray\dataset\라벨링 6종 세트\labels\002_20200905_043216(0).txt,BMP,316,332,3,1,1e3aa5ae5886049db80610d0d4b7a2c9d9452669b863ea1fb016147778127c69,f5e7fdd1b87305ab98bf9672321a7c54,9768b02ec91dcf0afc339bdceeacb7a3714ebbfe6bbfeddc7fee894682e59173,Machine_2,20200905,Machine_2_20200905
002_20200905_083407(3),C:\kamp\4. X-ray\dataset\test1\yolov3\X선이물검출기(06.23_09.22)\2호기(2020.09.22)\SN77127_20200905_NgImage\002_20200905_083407(3).bmp,C:\kamp\4. X-ray\dataset\라벨링 6종 세트\labels\002_20200905_083407(3).txt,BMP,316,332,3,1,dac97675091c4e1481baff71e9c575f62a20057843e8a1e01b281b52f10d8226,145f5165d9f964e2952745fc6a360dc6,f5768297d23e03f943cf4504cea69dd8a8cee926c024fdb044d17e4e48fc674f,Machine_2,20200905,Machine_2_20200905
002_20200905_083410(5),C:\kamp\4. X-ray\dataset\test1\yolov3\X선이물검출기(06.23_09.22)\2호기(2020.09.22)\SN77127_20200905_NgImage\002_20200905_083410(5).bmp,C:\kamp\4. X-ray\dataset\라벨링 6종 세트\labels\002_20200905_083410(5).txt,BMP,316,332,3,1,e466b47aebb44b70ce1129896d8da44542c34b9207c172b249aae77811b851c8,884f1b260c1206fb9e85596460666c05,aaf86de29aec08031e553c982e3b74439048700867a356b06ca3e9c3fc64c66f,Machine_2,20200905,Machine_2_20200905
002_20200905_083413(6),C:\kamp\4. X-ray\dataset\test1\yolov3\X선이물검출기(06.23_09.22)\2호기(2020.09.22)\SN77127_20200905_NgImage\002_20200905_083413(6).bmp,C:\kamp\4. X-ray\dataset\라벨링 6종 세트\labels\002_20200905_083413(6).txt,BMP,316,332,3,1,dfb63d8608172c22c24344e6c6eb546cfa701c1e8bb90ff73c34ce2f1e2fa87d,89dffbe53f0c91a019512e8c9e414f71,542238330aa60a796e47d495fc9bc0ae4327cb5bbaf13f855cbc95b55dfb2f22,Machine_2,20200905,Machine_2_20200905
002_20200905_083416(3),C:\kamp\4. X-ray\dataset\test1\yolov3\X선이물검출기(06.23_09.22)\2호기(2020.09.22)\SN77127_20200905_NgImage\002_20200905_083416(3).bmp,C:\kamp\4. X-ray\dataset\라벨링 6종 세트\labels\002_20200905_083416(3).txt,BMP,316,332,3,1,eb40dba5e7fc843ac193a1c019f0016c26c3f5ffc11a77f172e1c207b333b4ee,e0183bede963817267c69af90705eaeb,b82519e0ab5f400e008b3d1ab7a9ddcdf310a43c20dc944231195e2b301db693,Machine_2,20200905,Machine_2_20200905
002_20200905_083419(3),C:\kamp\4. X-ray\dataset\test1\yolov3\X선이물검출기(06.23_09.22)\2호기(2020.09.22)\SN77127_20200905_NgImage\002_20200905_083419(3).bmp,C:\kamp\4. X-ray\dataset\라벨링 6종 세트\labels\002_20200905_083419(3).txt,BMP,316,332,3,1,fd056adb880bb429fe41c61379ea50dd1cb7d3d5ab7c0a5e6cd633171732d335,3d1771856f28ad49cc54c4dd64bd8239,ada231b554de742ef4b736536abacba187589edc2f53c314f5ec959464d8653f,Machine_2,20200905,Machine_2_20200905
002_20200905_083422(4),C:\kamp\4. X-ray\dataset\test1\yolov3\X선이물검출기(06.23_09.22)\2호기(2020.09.22)\SN77127_20200905_NgImage\002_20200905_083422(4).bmp,C:\kamp\4. X-ray\dataset\라벨링 6종 세트\labels\002_20200905_083422(4).txt,BMP,316,332,3,1,d6137783b0a627d357be5015a587506c5d703cbdf5ab15257c61efe96e212d98,d23f0e98f27991315ae437fb8c5d3340,c2e9ee87906f74ecc9e4be74ee135db308cb7f6a67c6da01d1a22e00abaa51f0,Machine_2,20200905,Machine_2_20200905
002_20200905_123055(0),C:\kamp\4. X-ray\dataset\test1\yolov3\X선이물검출기(06.23_09.22)\2호기(2020.09.22)\SN77127_20200905_NgImage\002_20200905_123055(0).bmp,C:\kamp\4. X-ray\dataset\라벨링 6종 세트\labels\002_20200905_123055(0).txt,BMP,316,332,3,1,c18bb0e7abe378451c426aae49c351b65a2779f9d5b287057310ed097987d0cf,8b9af3ea48ad7abc57b9d008973f1175,29fb7f153479a3b9ca51970a6e6c61b06191b5da7e891667748dbb08ad620dea,Machine_2,20200905,Machine_2_20200905
002_20200905_123058(4),C:\kamp\4. X-ray\dataset\test1\yolov3\X선이물검출기(06.23_09.22)\2호기(2020.09.22)\SN77127_20200905_NgImage\002_20200905_123058(4).bmp,C:\kamp\4. X-ray\dataset\라벨링 6종 세트\labels\002_20200905_123058(4).txt,BMP,316,332,3,1,abeb6b693c73e527f789e35ccba95e844c6f89ee6cb1019e1765d85f03f027e4,96500adbf2cf87ea224f8651f2accb57,e7d2de31638d49f448926ad1f0e495c543ab854015d03bae07c17fed0ff3793f,Machine_2,20200905,Machine_2_20200905
002_20200905_123102(0),C:\kamp\4. X-ray\dataset\test1\yolov3\X선이물검출기(06.23_09.22)\2호기(2020.09.22)\SN77127_20200905_NgImage\002_20200905_123102(0).bmp,C:\kamp\4. X-ray\dataset\라벨링 6종 세트\labels\002_20200905_123102(0).txt,BMP,316,332,3,1,ccf86fdfa17c0f0186e6be257e600c572c952aa1265900480ab107ac65d6f24c,1ecc33893a77116b44ca1feb96c45880,be5d77ec2548148675a789b531b8741d742c11178b97c27577d86e21d59cfdaa,Machine_2,20200905,Machine_2_20200905
002_20200905_123103(4),C:\kamp\4. X-ray\dataset\test1\yolov3\X선이물검출기(06.23_09.22)\1호기(2020.09.22)\SN77128_20200905_NgImage\002_20200905_123103(4).bmp,C:\kamp\4. X-ray\dataset\라벨링 6종 세트\labels\002_20200905_123103(4).txt,BMP,316,332,3,1,4376981b411bb8eb9608f62decd1a6912b5deb5018a4205ef13ba9f72bc817c3,bbbde3a14091359e3d0320eb218f6b78,3e2fa7b7ad36adcbf82fe3f5a1e64a83c092bb516782e9778ffbca63db96195b,Machine_1,20200905,Machine_1_20200905
002_20200905_123105(0),C:\kamp\4. X-ray\dataset\test1\yolov3\X선이물검출기(06.23_09.22)\2호기(2020.09.22)\SN77127_20200905_NgImage\002_20200905_123105(0).bmp,C:\kamp\4. X-ray\dataset\라벨링 6종 세트\labels\002_20200905_123105(0).txt,BMP,316,332,3,1,0f28cd349078a21ed58d2ec2628f1157751f4eeef91a19c534d6bf27e20863b6,f20ed013047ea87b4b75be4c8ae1cef8,4a1410e8b62ca401f8bdc97b97d3a36156e42d2f7e916059dfd852e3b069a634,Machine_2,20200905,Machine_2_20200905
002_20200905_123107(5),C:\kamp\4. X-ray\dataset\test1\yolov3\X선이물검출기(06.23_09.22)\1호기(2020.09.22)\SN77128_20200905_NgImage\002_20200905_123107(5).bmp,C:\kamp\4. X-ray\dataset\라벨링 6종 세트\labels\002_20200905_123107(5).txt,BMP,316,332,3,1,21e1a43b80ac5b011a9b412a571f182c980d3aed794f37543e37f794c97e2de8,b6d9e12e56040bfa677157fcc3e47759,f6b4ea67aac032457c68ae9682b32a694b9d41174772ecd98d2ffbd75b4ce4fb,Machine_1,20200905,Machine_1_20200905
002_20200905_123108(4),C:\kamp\4. X-ray\dataset\test1\yolov3\X선이물검출기(06.23_09.22)\2호기(2020.09.22)\SN77127_20200905_NgImage\002_20200905_123108(4).bmp,C:\kamp\4. X-ray\dataset\라벨링 6종 세트\labels\002_20200905_123108(4).txt,BMP,316,332,3,1,9cdb3168ee0a511ebc6ebe606dfb12fbd08948353af12c39229185265c30682f,f07f21315f722257da6c835c09943701,d5a1d252bc0fce44d1a23f74688e78252b59aca90329fae7b37f4ddf19cff386,Machine_2,20200905,Machine_2_20200905
002_20200905_123111(6),C:\kamp\4. X-ray\dataset\test1\yolov3\X선이물검출기(06.23_09.22)\1호기(2020.09.22)\SN77128_20200905_NgImage\002_20200905_123111(6).bmp,C:\kamp\4. X-ray\dataset\라벨링 6종 세트\labels\002_20200905_123111(6).txt,BMP,316,332,3,1,4cc7fbe6ec6cc95f3d99a4b8b2dd6df0401f0fe7d48e50c6a195c94a27acef50,b038126a798eb0aacb978dc2667e0e56,6354b47f587db7fe60cc6a68ee92ded3b8dd19a4d7620488a68d488846402568,Machine_1,20200905,Machine_1_20200905
002_20200905_123112(0),C:\kamp\4. X-ray\dataset\test1\yolov3\X선이물검출기(06.23_09.22)\2호기(2020.09.22)\SN77127_20200905_NgImage\002_20200905_123112(0).bmp,C:\kamp\4. X-ray\dataset\라벨링 6종 세트\labels\002_20200905_123112(0).txt,BMP,316,332,3,1,b5a6c8a7efa15bfc397dfac18cbb9559f79df0c6f8f03c34a943bacff9e37fbf,b7881626903432c4af94630571ba1158,02dad5a846e284f2c71734cf06221317958cd2117c59d54396d006e4dc6f36f5,Machine_2,20200905,Machine_2_20200905
002_20200905_163920(4),C:\kamp\4. X-ray\dataset\test1\yolov3\X선이물검출기(06.23_09.22)\1호기(2020.09.22)\SN77128_20200905_NgImage\002_20200905_163920(4).bmp,C:\kamp\4. X-ray\dataset\라벨링 6종 세트\labels\002_20200905_163920(4).txt,BMP,316,332,3,1,35a8777ff1fde44726ca2fd9d20154b9cad0bff66d5dee62e60aba763ec7d839,d464ebb823631d21384c9fb221798dfd,ff13e08984de47c5c57b8eadf5c960b0082e119f597c774c0b48e34f5ff56c6a,Machine_1,20200905,Machine_1_20200905
002_20200905_163922(9),C:\kamp\4. X-ray\dataset\test1\yolov3\X선이물검출기(06.23_09.22)\2호기(2020.09.22)\SN77127_20200905_NgImage\002_20200905_163922(9).bmp,C:\kamp\4. X-ray\dataset\라벨링 6종 세트\labels\002_20200905_163922(9).txt,BMP,316,332,3,1,4c5e9a5a23d621fcd4114f79f476f0247f18251628ce9171abf26bfb0b7066ae,b50be8f0acba3c50f10508d7396480aa,48a20e47d3cc7c2287fdacbe0143c517e7f3c9fad804877e028e3951268245b5,Machine_2,20200905,Machine_2_20200905
002_20200905_163924(2),C:\kamp\4. X-ray\dataset\test1\yolov3\X선이물검출기(06.23_09.22)\1호기(2020.09.22)\SN77128_20200905_NgImage\002_20200905_163924(2).bmp,C:\kamp\4. X-ray\dataset\라벨링 6종 세트\labels\002_20200905_163924(2).txt,BMP,316,332,3,1,12240d4e5cf5c20e7d88fbfd7d7229c2e68e600a2365854da2f0ec66cbfe9f15,32feb9b5725acc5b5d609fa62477dd62,489b1005c88cef527f64e1a0cfaaa644b3f764a54b08917367cd4e7dfde901cf,Machine_1,20200905,Machine_1_20200905
002_20200905_163926(4),C:\kamp\4. X-ray\dataset\test1\yolov3\X선이물검출기(06.23_09.22)\2호기(2020.09.22)\SN77127_20200905_NgImage\002_20200905_163926(4).bmp,C:\kamp\4. X-ray\dataset\라벨링 6종 세트\labels\002_20200905_163926(4).txt,BMP,316,332,3,1,d4d55212a81d53937284fba204eb4a6f1c60df93f55090751b4c943b7b14f4b2,b5308202670f56eb050c77c8eacb62b4,4a574cedcccc12a4c3d28f021037885cd9bf5334d61954bedc22f2fb1287d111,Machine_2,20200905,Machine_2_20200905
002_20200905_163928(3),C:\kamp\4. X-ray\dataset\test1\yolov3\X선이물검출기(06.23_09.22)\1호기(2020.09.22)\SN77128_20200905_NgImage\002_20200905_163928(3).bmp,C:\kamp\4. X-ray\dataset\라벨링 6종 세트\labels\002_20200905_163928(3).txt,BMP,316,332,3,1,363e9bcf9b4914a83c5382f527d1f63d41eb371d838a8c3f7fa5d7b7258924b7,ea557b11c7e8fb2274c01b90bc287ce9,4a574cedcccc12a4c3d28f021037885cd9bf5334d61954bedc22f2fb1287d111,Machine_1,20200905,Machine_1_20200905
002_20200905_163929(7),C:\kamp\4. X-ray\dataset\test1\yolov3\X선이물검출기(06.23_09.22)\2호기(2020.09.22)\SN77127_20200905_NgImage\002_20200905_163929(7).bmp,C:\kamp\4. X-ray\dataset\라벨링 6종 세트\labels\002_20200905_163929(7).txt,BMP,316,332,3,1,2b578039b52ace90ada3a2ebcc09bf002204924ce1a7cdeb83e0cdf5d0a5b782,b5413d7cbb545c4379d056a636722932,752737fef8bd9288ab9217fdc885e5f40870156e4a4962c6dfeefe121239dc23,Machine_2,20200905,Machine_2_20200905
002_20200905_163932(3),C:\kamp\4. X-ray\dataset\test1\yolov3\X선이물검출기(06.23_09.22)\1호기(2020.09.22)\SN77128_20200905_NgImage\002_20200905_163932(3).bmp,C:\kamp\4. X-ray\dataset\라벨링 6종 세트\labels\002_20200905_163932(3).txt,BMP,316,332,3,1,fad3bac81a578cde2bc5d11040e1aebb666c1193e1275236ea177ac961feea34,ddec2403f8a9fd0aa4c36ac27bb73b57,9d20661bc0cf8ec69827f04cda23ff1b98a957053f2ef05dae302d7768b1cdaa,Machine_1,20200905,Machine_1_20200905
002_20200905_163932(9),C:\kamp\4. X-ray\dataset\test1\yolov3\X선이물검출기(06.23_09.22)\2호기(2020.09.22)\SN77127_20200905_NgImage\002_20200905_163932(9).bmp,C:\kamp\4. X-ray\dataset\라벨링 6종 세트\labels\002_20200905_163932(9).txt,BMP,316,332,3,1,99f72d48188182545a48f85d719c878a4f46464f974a73f57e8e3c7358e5242d,ac8e849bc1cd5dd272130384ed11f7ee,ee325f6e356d12bfe61a8200c81d27452f10511afcf2f68dc32a900adf406319,Machine_2,20200905,Machine_2_20200905
002_20200905_163936(2),C:\kamp\4. X-ray\dataset\test1\yolov3\X선이물검출기(06.23_09.22)\2호기(2020.09.22)\SN77127_20200905_NgImage\002_20200905_163936(2).bmp,C:\kamp\4. X-ray\dataset\라벨링 6종 세트\labels\002_20200905_163936(2).txt,BMP,316,332,3,1,f6e3237d1153f0862ba6110dbd37283ef0d7dff3a834e5e93233060d32dcbee8,a693703996f4c742de6e33633a00eb76,228783a7e611d0c50a5322376802f7a4e432da0c232ebe6e5e10050a64317ff7,Machine_2,20200905,Machine_2_20200905
002_20200905_163936(3),C:\kamp\4. X-ray\dataset\test1\yolov3\X선이물검출기(06.23_09.22)\1호기(2020.09.22)\SN77128_20200905_NgImage\002_20200905_163936(3).bmp,C:\kamp\4. X-ray\dataset\라벨링 6종 세트\labels\002_20200905_163936(3).txt,BMP,316,332,3,1,9d11c5d5140b3afd84dff15d250b66e544f573ecd32ed8bfeab747a4c31b80c0,9982835763cc5b84e571fd5bfaa0600f,8219fc0d2bb867b3605123021230bc68e14defe13cc8930b72ba9acd3056cb81,Machine_1,20200905,Machine_1_20200905
002_20200905_163939(7),C:\kamp\4. X-ray\dataset\test1\yolov3\X선이물검출기(06.23_09.22)\2호기(2020.09.22)\SN77127_20200905_NgImage\002_20200905_163939(7).bmp,C:\kamp\4. X-ray\dataset\라벨링 6종 세트\labels\002_20200905_163939(7).txt,BMP,316,332,3,1,1f9ccbb3285f7e3d399c557aed0f79645c500d69e49c8a373b2c4ab85db06bcd,0a04b4efb28af3ef2a654c8c137a5d2b,6a4d47164c650a3a45c2249ff3f5bc688e02ebbbb766fcb3c764c117b8ec068d,Machine_2,20200905,Machine_2_20200905
002_20200905_163940(2),C:\kamp\4. X-ray\dataset\test1\yolov3\X선이물검출기(06.23_09.22)\1호기(2020.09.22)\SN77128_20200905_NgImage\002_20200905_163940(2).bmp,C:\kamp\4. X-ray\dataset\라벨링 6종 세트\labels\002_20200905_163940(2).txt,BMP,316,332,3,1,1b78a01fef6730cfbe215c9f1d2e8eb1282d393d2035b36cf78df560bff50b09,c80ec78f687dccb50fca845bb83149ef,7b71db7284e0a681367298a6d091a74c6aa5f0039548fd58944d8d2413d6efc1,Machine_1,20200905,Machine_1_20200905
002_20200905_203836(3),C:\kamp\4. X-ray\dataset\test1\yolov3\X선이물검출기(06.23_09.22)\1호기(2020.09.22)\SN77128_20200905_NgImage\002_20200905_203836(3).bmp,C:\kamp\4. X-ray\dataset\라벨링 6종 세트\labels\002_20200905_203836(3).txt,BMP,316,332,3,1,e79f3eeda0ddcda88c139f14bc53332e7db59693dfdbe1969dc9bab9284c27b1,434e1ab360b1f70d044d24daf4ad6685,cd4024d232e723ad8cfd702b7052b550fb5d0063e81a52e81c0df750635f068c,Machine_1,20200905,Machine_1_20200905
002_20200905_203840(3),C:\kamp\4. X-ray\dataset\test1\yolov3\X선이물검출기(06.23_09.22)\1호기(2020.09.22)\SN77128_20200905_NgImage\002_20200905_203840(3).bmp,C:\kamp\4. X-ray\dataset\라벨링 6종 세트\labels\002_20200905_203840(3).txt,BMP,316,332,3,1,e527f1f83303ebbc5c462a029b255e2b8c84b3725868f9567e585e53c1a71e2b,f6c7bf54cf3ef550e1359b8961c7d677,41e99689c641ae0978e7338201d8d7834c27abc4856a7edb9a429254502eaf3b,Machine_1,20200905,Machine_1_20200905
002_20200905_203844(2),C:\kamp\4. X-ray\dataset\test1\yolov3\X선이물검출기(06.23_09.22)\1호기(2020.09.22)\SN77128_20200905_NgImage\002_20200905_203844(2).bmp,C:\kamp\4. X-ray\dataset\라벨링 6종 세트\labels\002_20200905_203844(2).txt,BMP,316,332,3,1,b68a6fe4d2a502440ae45083e92eb5655d6b260c3dfb0862ce215ceac431c29e,0840d2881584101ade8fd84ffb469d06,9890608e343d0fdb29b35033e598c2c7d37a0c9dd647b2bc3d6596ad08dddd65,Machine_1,20200905,Machine_1_20200905
002_20200905_203848(4),C:\kamp\4. X-ray\dataset\test1\yolov3\X선이물검출기(06.23_09.22)\1호기(2020.09.22)\SN77128_20200905_NgImage\002_20200905_203848(4).bmp,C:\kamp\4. X-ray\dataset\라벨링 6종 세트\labels\002_20200905_203848(4).txt,BMP,316,332,3,1,d5f751236753de1baad5835b3a181600660332af41854dd95196735f8fcfc851,398cbf71d607d7658a1a0eee294a44cc,73dfa08c100633cfa78187f49e6bdbe5bf97766c096be43e55b79b98a6a41220,Machine_1,20200905,Machine_1_20200905
002_20200905_203856(3),C:\kamp\4. X-ray\dataset\test1\yolov3\X선이물검출기(06.23_09.22)\1호기(2020.09.22)\SN77128_20200905_NgImage\002_20200905_203856(3).bmp,C:\kamp\4. X-ray\dataset\라벨링 6종 세트\labels\002_20200905_203856(3).txt,BMP,316,332,3,1,cd58c69a29afa69b1110feebb44caf722e03943f788497822fccbb0abe4b3141,5924fa5c3c4365294ed602b1e5b1f351,aa2b500913028e639d076da1ace84297570295392c0f023fbed93850961c571c,Machine_1,20200905,Machine_1_20200905
002_20200905_203900(3),C:\kamp\4. X-ray\dataset\test1\yolov3\X선이물검출기(06.23_09.22)\1호기(2020.09.22)\SN77128_20200905_NgImage\002_20200905_203900(3).bmp,C:\kamp\4. X-ray\dataset\라벨링 6종 세트\labels\002_20200905_203900(3).txt,BMP,316,332,3,1,dcbdd1f5c767172680442cffd17938725de02d98d5ae88f5aba331f1a8a998fa,241dacbe2bd2dfd7e68664bfca20aeb0,0d6edc99f405a2f232fba663ef0df2a3451cf56d38ff371727b8c32e69f87193,Machine_1,20200905,Machine_1_20200905
002_20200905_204033(3),C:\kamp\4. X-ray\dataset\test1\yolov3\X선이물검출기(06.23_09.22)\2호기(2020.09.22)\SN77127_20200905_NgImage\002_20200905_204033(3).bmp,C:\kamp\4. X-ray\dataset\라벨링 6종 세트\labels\002_20200905_204033(3).txt,BMP,316,332,3,1,5b17b1ea3164519dbd74da3942e463be9935664e0efb097599deab29034aac3f,27efaea79d48867930d13cc503c51bcc,05ae8ce0f182505ccd83dcee2ed20ab98137d9bb04baf38d4d77e9b1bb15d335,Machine_2,20200905,Machine_2_20200905
002_20200905_204039(5),C:\kamp\4. X-ray\dataset\test1\yolov3\X선이물검출기(06.23_09.22)\2호기(2020.09.22)\SN77127_20200905_NgImage\002_20200905_204039(5).bmp,C:\kamp\4. X-ray\dataset\라벨링 6종 세트\labels\002_20200905_204039(5).txt,BMP,316,332,3,1,782e69ccd728ac4728fd0ac1378907a6b7daac36830e2b669b9eddd27275cf0f,496ba66f88ee2cd8e9f4f21491047682,e150467275d71e822846d77316a92d12dd188f023d9fdbacdc2950587895f5c3,Machine_2,20200905,Machine_2_20200905
002_20200905_204042(9),C:\kamp\4. X-ray\dataset\test1\yolov3\X선이물검출기(06.23_09.22)\2호기(2020.09.22)\SN77127_20200905_NgImage\002_20200905_204042(9).bmp,C:\kamp\4. X-ray\dataset\라벨링 6종 세트\labels\002_20200905_204042(9).txt,BMP,316,332,3,1,eac54a24317318a976a1372f3e2fbcec488543bcac4e0297511075399bf51026,1463635e0d041a2f8ca99056c985e555,c6e257ecdc35b4f165ab6903676657b8bb80f9afa69f27952d6446dd09e1a1ab,Machine_2,20200905,Machine_2_20200905
002_20200905_204046(0),C:\kamp\4. X-ray\dataset\test1\yolov3\X선이물검출기(06.23_09.22)\2호기(2020.09.22)\SN77127_20200905_NgImage\002_20200905_204046(0).bmp,C:\kamp\4. X-ray\dataset\라벨링 6종 세트\labels\002_20200905_204046(0).txt,BMP,316,332,3,1,d2dcdabd9702aff376d709e118a93b7d38869ba5ced293a61e0d0d1e0a3fdf04,490f423de3a880eab6f5d72d21ad902d,b493a60a3ec5dc4382fd598af2025cf67424b41aafd26131206ec90d88c8ede9,Machine_2,20200905,Machine_2_20200905
002_20200905_204049(1),C:\kamp\4. X-ray\dataset\test1\yolov3\X선이물검출기(06.23_09.22)\2호기(2020.09.22)\SN77127_20200905_NgImage\002_20200905_204049(1).bmp,C:\kamp\4. X-ray\dataset\라벨링 6종 세트\labels\002_20200905_204049(1).txt,BMP,316,332,3,1,3689d1860db59e91091b82fc4559e700f8049817e79cc8843f062da10a7c5611,8555f7836a9b27f312ba8b5284a8c905,9d9bd1943bbb372fc2c8181d675e8aa13dc5d7e4b24dd3fd0ce968842912483e,Machine_2,20200905,Machine_2_20200905
002_20200905_204052(3),C:\kamp\4. X-ray\dataset\test1\yolov3\X선이물검출기(06.23_09.22)\2호기(2020.09.22)\SN77127_20200905_NgImage\002_20200905_204052(3).bmp,C:\kamp\4. X-ray\dataset\라벨링 6종 세트\labels\002_20200905_204052(3).txt,BMP,316,332,3,1,955caf689c109a22a5eca73fa6fcdb324817dca269c8fb881a6bf5f4779d2bd3,83edcfaa58ab3691484e80235442954f,013eef03a389344aa2d11cd1a367dd642a462f7993c27f3ad65914dc03e4ca47,Machine_2,20200905,Machine_2_20200905
002_20200906_003059(0),C:\kamp\4. X-ray\dataset\test1\yolov3\X선이물검출기(06.23_09.22)\1호기(2020.09.22)\SN77128_20200906_NgImage\002_20200906_003059(0).bmp,C:\kamp\4. X-ray\dataset\라벨링 6종 세트\labels\002_20200906_003059(0).txt,BMP,316,332,3,1,8ee94642bfbb6de881e139cff45540b5fcf3d8c02f1f438b6e488c010d1e5045,58bc4ca9d1f37569d8ffd27b593d9ba6,433be9f8389fd73f4e6a3fd2ada599e9cb7cc56aade5eb61b452d0fca7cb6b98,Machine_1,20200906,Machine_1_20200906
002_20200906_003114(0),C:\kamp\4. X-ray\dataset\test1\yolov3\X선이물검출기(06.23_09.22)\2호기(2020.09.22)\SN77127_20200906_NgImage\002_20200906_003114(0).bmp,C:\kamp\4. X-ray\dataset\라벨링 6종 세트\labels\002_20200906_003114(0).txt,BMP,316,332,3,1,1c113c65a2251c7eb4f92c639756a0169c093af372504e9a55170f2a8c8edb11,2083bbbdee4c18f7a7c17e7265fc6bd5,a69f9c4d3e1e51ce3a66e87eb233283d19957af6a0d57d773a5407379091e619,Machine_2,20200906,Machine_2_20200906
002_20200906_003114(8),C:\kamp\4. X-ray\dataset\test1\yolov3\X선이물검출기(06.23_09.22)\1호기(2020.09.22)\SN77128_20200906_NgImage\002_20200906_003114(8).bmp,C:\kamp\4. X-ray\dataset\라벨링 6종 세트\labels\002_20200906_003114(8).txt,BMP,316,332,3,1,8d2560c1a1dcd9e6e4d251e7fed20444343be33c51ff69df66dd421f8cf89103,edc70d27a6e54cf4a2493673e06c85b0,c223094b1496d844e1466e556fb2ea9c89da41c13a8781b639bb4d4e111dd9b2,Machine_1,20200906,Machine_1_20200906
002_20200906_003117(3),C:\kamp\4. X-ray\dataset\test1\yolov3\X선이물검출기(06.23_09.22)\2호기(2020.09.22)\SN77127_20200906_NgImage\002_20200906_003117(3).bmp,C:\kamp\4. X-ray\dataset\라벨링 6종 세트\labels\002_20200906_003117(3).txt,BMP,316,332,3,1,f60808a4b1b54df31f73bc5a7e899066e28633263cca131c23229f6c79fd7ea0,3af97751e75bf068957e570fdf40e515,0dc957fd923ddec895b77b9f0086abb0fc08da199bb67003074d2e61d217e0d3,Machine_2,20200906,Machine_2_20200906
002_20200906_003118(7),C:\kamp\4. X-ray\dataset\test1\yolov3\X선이물검출기(06.23_09.22)\1호기(2020.09.22)\SN77128_20200906_NgImage\002_20200906_003118(7).bmp,C:\kamp\4. X-ray\dataset\라벨링 6종 세트\labels\002_20200906_003118(7).txt,BMP,316,332,3,1,181b7e06f6b5c552878d3ae9590b3973605c74636b8e1ec69f4c517acb086994,b9e83e8caba97538afb160a3dcbbbbc3,c0808773fb349f529c2691153149517cc13e277a2f87f5bc4c06cb0d0b4761fe,Machine_1,20200906,Machine_1_20200906
002_20200906_003120(8),C:\kamp\4. X-ray\dataset\test1\yolov3\X선이물검출기(06.23_09.22)\2호기(2020.09.22)\SN77127_20200906_NgImage\002_20200906_003120(8).bmp,C:\kamp\4. X-ray\dataset\라벨링 6종 세트\labels\002_20200906_003120(8).txt,BMP,316,332,3,1,512852d34a54cf8f49a2280c44fec782ef92e789468f4ffbaf202371e96722a0,35e0b01e250e533274997e5a05cfd014,556bac5c07f837496750c9f43da02725354fe46eebf7d8e9c7b62d9eb5a31dd4,Machine_2,20200906,Machine_2_20200906
002_20200906_003122(7),C:\kamp\4. X-ray\dataset\test1\yolov3\X선이물검출기(06.23_09.22)\1호기(2020.09.22)\SN77128_20200906_NgImage\002_20200906_003122(7).bmp,C:\kamp\4. X-ray\dataset\라벨링 6종 세트\labels\002_20200906_003122(7).txt,BMP,316,332,3,1,01ef2b9995d0a2fb5f14f52f0ef641c63a0e5736a9e818a6a48650efbe2feec4,b2db4131eb0f7b8756cb7912c521e579,264c51eb2fc769c7369464d7ff7049210a5b67aa060a28843126cb2d2d6bca63,Machine_1,20200906,Machine_1_20200906
002_20200906_003124(0),C:\kamp\4. X-ray\dataset\test1\yolov3\X선이물검출기(06.23_09.22)\2호기(2020.09.22)\SN77127_20200906_NgImage\002_20200906_003124(0).bmp,C:\kamp\4. X-ray\dataset\라벨링 6종 세트\labels\002_20200906_003124(0).txt,BMP,316,332,3,1,719e236c3611a614eed9d7edaddff616c7eed5d697d04cf5e62b27c01660e0ef,0ae934fbbd0dc4cc96c81fd9504b2b75,fb8474c8dccf9dc3245b072dbe4e93e252742ef15c12eb3b93de0801bc5c6b53,Machine_2,20200906,Machine_2_20200906
002_20200906_003126(8),C:\kamp\4. X-ray\dataset\test1\yolov3\X선이물검출기(06.23_09.22)\1호기(2020.09.22)\SN77128_20200906_NgImage\002_20200906_003126(8).bmp,C:\kamp\4. X-ray\dataset\라벨링 6종 세트\labels\002_20200906_003126(8).txt,BMP,316,332,3,1,d47065b65320068da8e0f93b7b680482b0eb206f0872153d48e96c6b456ee31e,2c9b30e7387e08d5651ecdac735dfff0,d9e480b22a7f0142b4a2b93631758bb247d0473940f3ad2607ce58c531c3d10a,Machine_1,20200906,Machine_1_20200906
002_20200906_003127(3),C:\kamp\4. X-ray\dataset\test1\yolov3\X선이물검출기(06.23_09.22)\2호기(2020.09.22)\SN77127_20200906_NgImage\002_20200906_003127(3).bmp,C:\kamp\4. X-ray\dataset\라벨링 6종 세트\labels\002_20200906_003127(3).txt,BMP,316,332,3,1,85fb82b70187874f470322af03769601236f7fcb14580b35fa61c611ae9c32d1,921404aa41aedbdc34beb4b54213f0a6,7f248c4ead4fbcd1d5a9b923e0d23e34651ddc5bb1e0ec94842b0af34b12f807,Machine_2,20200906,Machine_2_20200906
002_20200906_003130(7),C:\kamp\4. X-ray\dataset\test1\yolov3\X선이물검출기(06.23_09.22)\2호기(2020.09.22)\SN77127_20200906_NgImage\002_20200906_003130(7).bmp,C:\kamp\4. X-ray\dataset\라벨링 6종 세트\labels\002_20200906_003130(7).txt,BMP,316,332,3,1,ab4b6bb62bd7cacad8c0080b4564354dab763a7b1db07e9730b4da5f0a69ed06,2589a40b179ebadb6102f3998387dd01,6ce5d1dd26e1712622d52350c27769278893d07919d783e85c0069835f2203f9,Machine_2,20200906,Machine_2_20200906
002_20200906_003132(7),C:\kamp\4. X-ray\dataset\test1\yolov3\X선이물검출기(06.23_09.22)\1호기(2020.09.22)\SN77128_20200906_NgImage\002_20200906_003132(7).bmp,C:\kamp\4. X-ray\dataset\라벨링 6종 세트\labels\002_20200906_003132(7).txt,BMP,316,332,3,1,3d3a95ec8e7ad5a22b094278c1a9ed56d6f8e94cb1a0f703596d5b35f0589ad1,7cac4d8d885183b4743c7e67ada21b8a,c9409d5d551d422df0ea6797c67bc818c29497e5f18eddde1f978cdec1f24a86,Machine_1,20200906,Machine_1_20200906
002_20200907_184813(1),C:\kamp\4. X-ray\dataset\test1\yolov3\X선이물검출기(06.23_09.22)\1호기(2020.09.22)\SN77128_20200907_NgImage\002_20200907_184813(1).bmp,C:\kamp\4. X-ray\dataset\라벨링 6종 세트\labels\002_20200907_184813(1).txt,BMP,316,332,3,1,19a3c02ca4dd14e988a96f28ff2d1d334ed20832d39388e4975aa4310dc1d06f,db9f2802e7cb6c3069954c7ab6b227dc,bdd406a0c071520970f544cda67ee408701d150d3a82fba92bf2c0c73fe0a559,Machine_1,20200907,Machine_1_20200907
002_20200907_184815(7),C:\kamp\4. X-ray\dataset\test1\yolov3\X선이물검출기(06.23_09.22)\1호기(2020.09.22)\SN77128_20200907_NgImage\002_20200907_184815(7).bmp,C:\kamp\4. X-ray\dataset\라벨링 6종 세트\labels\002_20200907_184815(7).txt,BMP,316,332,3,1,19208f3cbdddb887dd0c34b55d2ab4389bc8b09541ca19cd894066ae0b6c542f,fc619f96e46bda72e25f019c8522b7ed,f85f933d726fc0c058052fadeb42205a6ce25bd0276ab06f76d3629a33ecbc1e,Machine_1,20200907,Machine_1_20200907
002_20200907_184818(2),C:\kamp\4. X-ray\dataset\test1\yolov3\X선이물검출기(06.23_09.22)\1호기(2020.09.22)\SN77128_20200907_NgImage\002_20200907_184818(2).bmp,C:\kamp\4. X-ray\dataset\라벨링 6종 세트\labels\002_20200907_184818(2).txt,BMP,316,332,3,1,f268183d3abd86a8be5caf70cfccab633ab5b49c508ab0bf55c7649c47ad2b8a,315257e8f15e289b9036594dd83b24e5,c74f5fd9d91ced8430034527212f88881f852f927707ec8bd8e9ba2628816266,Machine_1,20200907,Machine_1_20200907
002_20200907_184823(7),C:\kamp\4. X-ray\dataset\test1\yolov3\X선이물검출기(06.23_09.22)\1호기(2020.09.22)\SN77128_20200907_NgImage\002_20200907_184823(7).bmp,C:\kamp\4. X-ray\dataset\라벨링 6종 세트\labels\002_20200907_184823(7).txt,BMP,316,332,3,1,7b92a7b3e0b55b90c3225932a6256fe18f2a6c8d181f2e24c98a8e34a8d7f8af,4f76c3102bb5973f5ab8e93ce785ca9a,0659b9926ee745400d722d38eed1b4da7153e8679230ff63580cb1e673401a26,Machine_1,20200907,Machine_1_20200907
002_20200907_184826(3),C:\kamp\4. X-ray\dataset\test1\yolov3\X선이물검출기(06.23_09.22)\1호기(2020.09.22)\SN77128_20200907_NgImage\002_20200907_184826(3).bmp,C:\kamp\4. X-ray\dataset\라벨링 6종 세트\labels\002_20200907_184826(3).txt,BMP,316,332,3,1,157e26b0504f2f8c99b960874ed7fa1a5a740b8b86e5e9e3652f5ef594476aa6,1364f024f9e3cea310eb445c96ac5b61,5ef6544e4d89e321b4f6b10dd740df2a79337e70457729b63602836ae2ecd490,Machine_1,20200907,Machine_1_20200907
002_20200907_184828(8),C:\kamp\4. X-ray\dataset\test1\yolov3\X선이물검출기(06.23_09.22)\1호기(2020.09.22)\SN77128_20200907_NgImage\002_20200907_184828(8).bmp,C:\kamp\4. X-ray\dataset\라벨링 6종 세트\labels\002_20200907_184828(8).txt,BMP,316,332,3,1,735e8d4ce4fc9f8826f53308beaca4a5de5322e686215a31cefbcc01cb687fb9,fbeb12284c84f01babaf7bac8ed6c297,1f78698b6983c8bf5585c62b0cecbdfddf5586d2185753406415f7152d3de3b2,Machine_1,20200907,Machine_1_20200907
002_20200907_204635(5),C:\kamp\4. X-ray\dataset\test1\yolov3\X선이물검출기(06.23_09.22)\1호기(2020.09.22)\SN77128_20200907_NgImage\002_20200907_204635(5).bmp,C:\kamp\4. X-ray\dataset\라벨링 6종 세트\labels\002_20200907_204635(5).txt,BMP,316,332,3,1,7d70a9b6b824cac1d262268567b2fc1f840fb6f96828ce40172b55ccaecd5283,b0dc9f55fe650157ce4aca5b69aea2f3,067aee9f8e29021b4ac702de1f5c530dc77d54f97b8a59cb439147ffd5b79a9e,Machine_1,20200907,Machine_1_20200907
002_20200907_204640(0),C:\kamp\4. X-ray\dataset\test1\yolov3\X선이물검출기(06.23_09.22)\1호기(2020.09.22)\SN77128_20200907_NgImage\002_20200907_204640(0).bmp,C:\kamp\4. X-ray\dataset\라벨링 6종 세트\labels\002_20200907_204640(0).txt,BMP,316,332,3,1,9ac0a3bd405730c68d59de723fae88020dba421b1fc70a7e3f0583656e416178,a3c7b73adc0813e2797fd509fa8df537,38b584dc7c5cb2f2165ec40295984d1cb63769474f3c891d0b28784ddb649a64,Machine_1,20200907,Machine_1_20200907
002_20200907_204644(5),C:\kamp\4. X-ray\dataset\test1\yolov3\X선이물검출기(06.23_09.22)\1호기(2020.09.22)\SN77128_20200907_NgImage\002_20200907_204644(5).bmp,C:\kamp\4. X-ray\dataset\라벨링 6종 세트\labels\002_20200907_204644(5).txt,BMP,316,332,3,1,2d6336a5887fbeb978c0e94f22270fc4d7e492c84e676072eca9605986a05937,224469d24b2a1a6d143227ab34165f72,d717183fb80e33170a8b238c05e6aa579efbaac23c704581f894bcf9235c4583,Machine_1,20200907,Machine_1_20200907
002_20200907_204649(0),C:\kamp\4. X-ray\dataset\test1\yolov3\X선이물검출기(06.23_09.22)\1호기(2020.09.22)\SN77128_20200907_NgImage\002_20200907_204649(0).bmp,C:\kamp\4. X-ray\dataset\라벨링 6종 세트\labels\002_20200907_204649(0).txt,BMP,316,332,3,1,a9e87db3942a01e77aa15262b6b2c6d90a4bff4165544caa1a41e341000d7e4d,b191ab45ec80f82fa689dbf9b792907a,fbd8c9e9dd21c2d677543c653944555970a9f87699c78b65cf02c2f4e96fcd99,Machine_1,20200907,Machine_1_20200907
002_20200907_204653(4),C:\kamp\4. X-ray\dataset\test1\yolov3\X선이물검출기(06.23_09.22)\1호기(2020.09.22)\SN77128_20200907_NgImage\002_20200907_204653(4).bmp,C:\kamp\4. X-ray\dataset\라벨링 6종 세트\labels\002_20200907_204653(4).txt,BMP,316,332,3,1,eb0710e6e7ec8f9dce882e96d0d22c6dc283cc695a33dd24fbfc56d6131e8c59,52ab83990bdd74ac017b19fc91472ef4,a2eef515a12147bfa364c2032f14e6bf5def9847d4df8155473cd368cd240ca6,Machine_1,20200907,Machine_1_20200907
